tourist_id,segment,budget,max_cost,mobility,max_distance,crowd_aversion,sustainability_sensitivity,outdoor_preference,with_kids,hotel_neighbourhood,current_lat,current_lon,visited,architecture,religious,museum,park,market,food,beach,viewpoint,shopping,nightlife,family,science,local
0,beach_nightlife,medium,21.752255979032284,transit,5.659241435213547,0.1584461300722221,0.6044946477105115,0.7388155243762319,False,Vila de Gracia,41.40043502963062,2.156432795369983,,0.013703542972145355,0.013703542972145355,0.013703542972145355,0.013703542972145355,0.013703542972145355,0.2349468190444086,0.17590152443352625,0.013703542972145355,0.22236832332912612,0.24345144644363081,0.013703542972145355,0.013703542972145355,0.013703542972145355
1,architecture_fans,medium,19.82722032182039,walk,2.7710125924576454,0.5093481881929166,0.1959961967719539,0.21628010131660833,False,Sant Andreu,41.43145102908372,2.1870449090870085,,0.21480607089420006,0.2535067159026727,0.20179943746621598,0.01639762650037422,0.01639762650037422,0.01639762650037422,0.01639762650037422,0.18230913723354328,0.01639762650037422,0.01639762650037422,0.01639762650037422,0.01639762650037422,0.01639762650037422
2,architecture_fans,low,7.578238797379968,transit,9.936157650384345,0.4923110587891593,0.26741681533203276,0.4901631128949775,False,Dreta Eixample,41.389244488607034,2.163799430995093,,0.21597748087244673,0.19324207220479092,0.27391007007488616,0.016277792494693962,0.016277792494693962,0.016277792494693962,0.016277792494693962,0.1703702443956305,0.016277792494693962,0.016277792494693962,0.016277792494693962,0.016277792494693962,0.016277792494693962
3,history_religion,medium,21.452426770338842,transit,10.487287463744895,0.6234849811069169,0.3577140806769901,0.4787737864726543,False,Dreta Eixample,41.39362710095023,2.1622522962357333,,0.1747564595742085,0.210574277507066,0.17872229847210733,0.016330548921159066,0.016330548921159066,0.016330548921159066,0.016330548921159066,0.016330548921159066,0.016330548921159066,0.016330548921159066,0.016330548921159066,0.016330548921159066,0.2889720241561866
4,museum_culture,medium,16.10918722980305,taxi,14.230007231726358,0.7679380608280311,0.7701640310659023,0.3353388285338201,False,Dreta Eixample,41.39097824976853,2.1610999117803575,,0.18238304721854579,0.017084175443786338,0.25965850125795026,0.017084175443786338,0.017084175443786338,0.017084175443786338,0.017084175443786338,0.017084175443786338,0.017084175443786338,0.017084175443786338,0.017084175443786338,0.17652930521550175,0.22767156731392516
5,food_local_markets,low,7.7137421182990185,walk,2.5515825160087378,0.8371519399406263,0.4156334377449173,0.8486159232716356,False,Les Corts,41.38444076078738,2.124493255409775,,0.016806124018220042,0.016806124018220042,0.016806124018220042,0.016806124018220042,0.2380651199326104,0.21264035770168688,0.016806124018220042,0.016806124018220042,0.1709669625402845,0.016806124018220042,0.016806124018220042,0.016806124018220042,0.22707244366143786
6,beach_nightlife,high,36.730921303690494,transit,5.760030187948105,0.398356567042546,0.1044175027359238,0.7415479446009668,False,Dreta Eixample,41.39292274706781,2.1719717196543193,,0.015631499562999956,0.015631499562999956,0.015631499562999956,0.015631499562999956,0.015631499562999956,0.2733691128793539,0.22072391795404403,0.015631499562999956,0.17689953185879712,0.18832394124080537,0.015631499562999956,0.015631499562999956,0.015631499562999956
7,architecture_fans,medium,11.610312128401903,mixed,7.491648116741695,0.3274242336756054,0.7125645467819121,0.5663797105530812,False,Montjuic,41.37164330455841,2.159224006966827,,0.2281582180486941,0.1784465376050711,0.26210706166069003,0.015421240744126027,0.015421240744126027,0.015421240744126027,0.015421240744126027,0.1924970159884105,0.015421240744126027,0.015421240744126027,0.015421240744126027,0.015421240744126027,0.015421240744126027
8,beach_nightlife,high,37.95902506623943,walk,1.2320534617288634,0.46122964982321785,0.457396786065639,0.6164223718517827,False,Gotic,41.3864757551731,2.168099311595876,,0.01502993228215332,0.01502993228215332,0.01502993228215332,0.01502993228215332,0.01502993228215332,0.261497787353728,0.26520294554686724,0.01502993228215332,0.15328841459836684,0.1847414619616581,0.01502993228215332,0.01502993228215332,0.01502993228215332
9,food_local_markets,medium,12.578059638833167,walk,2.1639629344274987,0.34811880972057935,0.8687052547582395,0.18131961714290507,False,Sagrada Familia,41.40018702659776,2.173250466553803,,0.014802555602100658,0.014802555602100658,0.014802555602100658,0.014802555602100658,0.19845870212886668,0.19233659688463592,0.014802555602100658,0.014802555602100658,0.2507541825075283,0.014802555602100658,0.014802555602100658,0.014802555602100658,0.22522751806006316
10,food_local_markets,low,4.425154837451938,transit,10.715981343967373,0.774206953867295,0.6930019345016688,0.46046915502934377,False,Gotic,41.38242700417285,2.177666222203762,,0.015415959784392707,0.015415959784392707,0.015415959784392707,0.015415959784392707,0.2381105400022719,0.22706399221160045,0.015415959784392707,0.015415959784392707,0.19337670154318878,0.015415959784392707,0.015415959784392707,0.015415959784392707,0.2027051281834045
11,food_local_markets,medium,14.392209832285763,walk,1.6174463420720053,0.45362553224301283,0.6826118266445005,0.7664150049578129,False,El Raval,41.3874934196099,2.170143386210226,,0.014774524131970548,0.014774524131970548,0.014774524131970548,0.014774524131970548,0.22368431864437519,0.23987651921134592,0.014774524131970548,0.014774524131970548,0.16364880012138527,0.014774524131970548,0.014774524131970548,0.014774524131970548,0.2398196448351587
12,food_local_markets,medium,25.357459864965787,transit,7.695626472702474,0.825011479662651,0.7501086310647979,0.47036249841638184,False,El Raval,41.37971234167471,2.161573112870086,,0.013941596726307865,0.013941596726307865,0.013941596726307865,0.013941596726307865,0.23405827232196316,0.19913449456744114,0.013941596726307865,0.013941596726307865,0.22913201906448485,0.013941596726307865,0.013941596726307865,0.013941596726307865,0.21220084350934004
13,food_local_markets,medium,14.512880883498616,transit,6.416832151880028,0.5747321293246425,0.6979707590121027,0.7298190545536583,False,Montjuic,41.37078159008492,2.158684988373869,,0.016452602736429258,0.016452602736429258,0.016452602736429258,0.016452602736429258,0.17703648086784035,0.24219230168967706,0.016452602736429258,0.016452602736429258,0.18707152959184098,0.016452602736429258,0.016452602736429258,0.016452602736429258,0.24562626322277822
14,food_local_markets,medium,6.5435524570095005,transit,10.347463730046115,0.4694405735675017,0.610186066374213,0.5157629570997708,False,Sagrada Familia,41.39534704689278,2.1720355862992355,,0.01627400219356678,0.01627400219356678,0.01627400219356678,0.01627400219356678,0.18325980045930718,0.20367759735638194,0.01627400219356678,0.01627400219356678,0.2846163450751475,0.01627400219356678,0.01627400219356678,0.01627400219356678,0.1819802373670624
15,food_local_markets,medium,25.407277738294866,transit,11.552979907869236,0.6074991125770738,0.4000790793394765,0.7593783158187858,False,Sagrada Familia,41.40364570422224,2.1797158423617478,,0.015158439350543847,0.015158439350543847,0.015158439350543847,0.015158439350543847,0.20522272845781767,0.20719137980345093,0.015158439350543847,0.015158439350543847,0.2629615596668069,0.015158439350543847,0.015158439350543847,0.015158439350543847,0.1881983779170298
16,beach_nightlife,low,2.379793126734712,mixed,4.703450627184234,0.43803121057486555,0.41955086950559484,0.6647702032654786,False,Gotic,41.38445296572823,2.179340532341503,,0.01548625205796452,0.01548625205796452,0.01548625205796452,0.01548625205796452,0.01548625205796452,0.2600957961138108,0.2541581153223872,0.01548625205796452,0.16195298658748303,0.18441683345463827,0.01548625205796452,0.01548625205796452,0.01548625205796452
17,beach_nightlife,high,39.582320655534815,transit,10.865861530587681,0.3603153728372929,0.1732558041516011,0.7694048399238647,False,El Raval,41.38661434355828,2.1689685066337363,,0.017163350301842482,0.017163350301842482,0.017163350301842482,0.017163350301842482,0.017163350301842482,0.1842274210424092,0.26906342840852565,0.017163350301842482,0.196833863812834,0.1954051340196489,0.017163350301842482,0.017163350301842482,0.017163350301842482
18,museum_culture,medium,20.139452203474587,transit,9.006892049710462,0.5363382343532338,0.30918852771830646,0.31185879859886295,False,Les Corts,41.38462885539654,2.124092568732617,,0.23007943431521086,0.015260259444998564,0.22719322233352332,0.015260259444998564,0.015260259444998564,0.015260259444998564,0.015260259444998564,0.015260259444998564,0.015260259444998564,0.015260259444998564,0.015260259444998564,0.2025076849029069,0.20287732344337187
19,architecture_fans,medium,12.41307943505196,walk,2.1623201015607787,0.3352977999165221,0.45872147747627523,0.5056109655558877,False,El Raval,41.37735163553463,2.1699908338098037,,0.2447685936310403,0.1995837561142624,0.1977074880279135,0.014092707572144167,0.014092707572144167,0.014092707572144167,0.014092707572144167,0.23110579407748633,0.014092707572144167,0.014092707572144167,0.014092707572144167,0.014092707572144167,0.014092707572144167
20,history_religion,high,43.324681890507435,mixed,3.3334075014412674,0.5311512299111549,0.7225374590321836,0.6961773759649362,False,Dreta Eixample,41.39056530777782,2.1686421885018605,,0.20811561983291443,0.2484676076934713,0.24026953360873607,0.01588337417219983,0.01588337417219983,0.01588337417219983,0.01588337417219983,0.01588337417219983,0.01588337417219983,0.01588337417219983,0.01588337417219983,0.01588337417219983,0.1601968713150798
21,architecture_fans,medium,21.341630090539986,walk,3.123499868265547,0.43941142286515805,0.248136026013947,0.16707065302734797,False,Sagrada Familia,41.40004921737714,2.1797431373452807,,0.19307134978321552,0.22992951139209283,0.21787896340692647,0.015650447585553943,0.015650447585553943,0.015650447585553943,0.015650447585553943,0.21826614714777964,0.015650447585553943,0.015650447585553943,0.015650447585553943,0.015650447585553943,0.015650447585553943
22,architecture_fans,medium,13.868852668180237,transit,9.544043350939921,0.46215063899416414,0.42058229951748216,0.34482813821838004,False,Vila de Gracia,41.402513552962475,2.1524658558322276,,0.2205458811059786,0.20409745800998808,0.16775196091437017,0.015475504812578783,0.015475504812578783,0.015475504812578783,0.015475504812578783,0.26832515665645407,0.015475504812578783,0.015475504812578783,0.015475504812578783,0.015475504812578783,0.015475504812578783
23,family_green,low,8.800369128039927,bike,3.59929252719429,0.8330766776503518,0.3264367321857288,0.9622664796253269,False,Dreta Eixample,41.39255189434995,2.15910749096234,,0.015099522075882813,0.015099522075882813,0.015099522075882813,0.16477855629311158,0.015099522075882813,0.015099522075882813,0.239467971615863,0.015099522075882813,0.015099522075882813,0.015099522075882813,0.25570152037837157,0.2041562530297086,0.015099522075882813
24,food_local_markets,medium,26.055580742498105,taxi,10.305825963903242,0.49419768111575824,0.5862378571486437,0.7384092669809071,False,Vila de Gracia,41.40000434499032,2.1498929634072828,,0.01687831025447544,0.01687831025447544,0.01687831025447544,0.01687831025447544,0.17377512977703435,0.2798536034529648,0.01687831025447544,0.01687831025447544,0.17535868594181175,0.01687831025447544,0.01687831025447544,0.01687831025447544,0.21910778853791008
25,architecture_fans,medium,10.8813278230047,mixed,8.192739288333977,0.590942720949778,0.3363188218053127,0.8007267275501497,False,Poblenou,41.4013665780867,2.2013440927944288,,0.25450206206500686,0.22267643773999105,0.18742023532350602,0.015124842920215324,0.015124842920215324,0.015124842920215324,0.015124842920215324,0.19927767858955817,0.015124842920215324,0.015124842920215324,0.015124842920215324,0.015124842920215324,0.015124842920215324
26,history_religion,high,29.092895664625214,walk,1.9864319586550188,0.38065124196714983,0.28099030493557375,0.4106694851620684,False,Poblenou,41.40861073992778,2.2044878413297484,,0.17055825615070558,0.1953562447441824,0.2291674739087918,0.016818101335604064,0.016818101335604064,0.016818101335604064,0.016818101335604064,0.016818101335604064,0.016818101335604064,0.016818101335604064,0.016818101335604064,0.016818101335604064,0.25355511317588364
27,history_religion,medium,9.540186754151184,transit,8.785996458614658,0.8824702248850439,0.6936014892315149,0.34645882597423266,False,Montjuic,41.36367739113594,2.1475373666427173,,0.23606729467513113,0.23701330715707486,0.1959720973870152,0.014508831760996804,0.014508831760996804,0.014508831760996804,0.014508831760996804,0.014508831760996804,0.014508831760996804,0.014508831760996804,0.014508831760996804,0.014508831760996804,0.20036781493180758
28,museum_culture,medium,15.822962635280188,walk,2.1190437844569536,0.8461292273557464,0.5828067741863441,0.4133559196007139,True,La Barceloneta,41.37890090508883,2.190656308895479,,0.17531583040240614,0.016721864211707533,0.21865568209751246,0.016721864211707533,0.016721864211707533,0.016721864211707533,0.016721864211707533,0.016721864211707533,0.016721864211707533,0.016721864211707533,0.016721864211707533,0.19491279719237187,0.2606189124023418
29,history_religion,medium,21.237423453547372,walk,1.4577618532970043,0.3177930278062608,0.7920056818021854,0.1886252324694744,False,Gotic,41.383057239942545,2.1714364363035834,,0.22821364915433223,0.17322685381368155,0.2616683844100323,0.016674779617853228,0.016674779617853228,0.016674779617853228,0.016674779617853228,0.016674779617853228,0.016674779617853228,0.016674779617853228,0.016674779617853228,0.016674779617853228,0.18681809606127486
30,architecture_fans,low,7.556287452909254,walk,1.3881694607561927,0.7903443307687849,0.43814147820093086,0.2255944161368003,True,Gotic,41.374910925778636,2.180306981590606,,0.2085365144313179,0.18132064456903663,0.2514297378707115,0.014064271269848484,0.014064271269848484,0.014064271269848484,0.014064271269848484,0.23213466170029762,0.014064271269848484,0.014064271269848484,0.014064271269848484,0.014064271269848484,0.014064271269848484
31,history_religion,medium,20.212728121020266,walk,2.1522600157152434,0.6898665735754127,0.6433497464599074,0.4675195244710747,False,Gotic,41.385263165632004,2.1691655554811433,,0.2932473208899627,0.22987208672939066,0.1640371832279641,0.016351294701961363,0.016351294701961363,0.016351294701961363,0.016351294701961363,0.016351294701961363,0.016351294701961363,0.016351294701961363,0.016351294701961363,0.016351294701961363,0.16568175683503034
32,museum_culture,medium,18.05722719545733,mixed,8.282281800766153,0.33525244830839296,0.39735245690571147,0.5605285322380424,False,La Barceloneta,41.379995792489574,2.18641560697339,,0.22315623759146172,0.014118310762960133,0.2177179917890912,0.014118310762960133,0.014118310762960133,0.014118310762960133,0.014118310762960133,0.014118310762960133,0.014118310762960133,0.014118310762960133,0.014118310762960133,0.22684423430251183,0.205216739450294
33,museum_culture,medium,19.086155974052623,walk,3.03086567951387,0.46637721296620466,0.6541940132169392,0.15562635047749174,False,Dreta Eixample,41.3892877356651,2.1661458113372136,,0.22133751782463407,0.013965315886506704,0.2225195906339789,0.013965315886506704,0.013965315886506704,0.013965315886506704,0.013965315886506704,0.013965315886506704,0.013965315886506704,0.013965315886506704,0.013965315886506704,0.20332760535892255,0.22712744320390416
34,architecture_fans,high,31.97686466217103,mixed,3.599174862964377,0.4287325364034946,0.3332403348155843,0.5173568429258298,False,Vila de Gracia,41.400356243099836,2.1641202408562576,,0.22630593035464408,0.1920796082266235,0.22865646034504178,0.01738454847874317,0.01738454847874317,0.01738454847874317,0.01738454847874317,0.19649706476500214,0.01738454847874317,0.01738454847874317,0.01738454847874317,0.01738454847874317,0.01738454847874317
35,family_green,medium,21.332863343047666,bike,3.8956980204192893,0.6730742200461686,0.6025345678734829,0.7037520089457354,False,Montjuic,41.36772597534171,2.157324127430672,,0.012949711344576013,0.012949711344576013,0.012949711344576013,0.2203223275037595,0.012949711344576013,0.012949711344576013,0.22290512736475096,0.012949711344576013,0.012949711344576013,0.012949711344576013,0.20872899537831965,0.23149614765198578,0.012949711344576013
36,museum_culture,high,29.25340913690094,walk,1.9002730108948755,0.4769222072896061,0.763517720638896,0.19044625591953807,False,Gotic,41.377084028549554,2.172967853108816,,0.2643551920802376,0.015078171627407603,0.17572867517588525,0.015078171627407603,0.015078171627407603,0.015078171627407603,0.015078171627407603,0.015078171627407603,0.015078171627407603,0.015078171627407603,0.015078171627407603,0.2588767767372232,0.16533581135998546
37,architecture_fans,medium,12.618773998406159,walk,2.1512062420129303,0.4458406390717878,0.3120013727954832,0.31841860080532636,False,El Raval,41.38514962058019,2.1732300310320847,,0.21682493148354887,0.17706562808607657,0.17784961554149853,0.016089107425921956,0.016089107425921956,0.016089107425921956,0.016089107425921956,0.2834578580555784,0.016089107425921956,0.016089107425921956,0.016089107425921956,0.016089107425921956,0.016089107425921956
38,food_local_markets,high,40.47696065527334,transit,6.454020773460774,0.5327131702571307,0.525794730286074,0.2262151563964015,False,Gotic,41.387363874553664,2.1771464389311803,,0.014698727834191292,0.014698727834191292,0.014698727834191292,0.014698727834191292,0.23527825437850544,0.22021148924233294,0.014698727834191292,0.014698727834191292,0.171910983473711,0.014698727834191292,0.014698727834191292,0.014698727834191292,0.24031072239772905
39,museum_culture,medium,17.45136274152855,walk,3.484747546345709,0.4886166419864035,0.2843518983731954,0.1797213334640215,False,Gotic,41.387597431028745,2.176438447496741,,0.24509906443159613,0.015889983624538036,0.18142998994568224,0.015889983624538036,0.015889983624538036,0.015889983624538036,0.015889983624538036,0.015889983624538036,0.015889983624538036,0.015889983624538036,0.015889983624538036,0.1640168863931548,0.2664442066087246
40,food_local_markets,high,35.57904192423643,transit,7.117361967965497,0.6104419225041768,0.7983812008712514,0.5544478530389881,False,Dreta Eixample,41.397059231486026,2.164461063273479,,0.01604674714641293,0.01604674714641293,0.01604674714641293,0.01604674714641293,0.24556782798277138,0.24461889064156478,0.01604674714641293,0.01604674714641293,0.20238758839063758,0.01604674714641293,0.01604674714641293,0.01604674714641293,0.16300496866730985
41,architecture_fans,high,24.75923725451853,bike,6.171396635391945,0.41224439328164125,0.09256447105813813,0.5472171690519168,False,El Raval,41.37985267212944,2.17107880786193,,0.1951733151416388,0.22003226491836034,0.25136294099620937,0.014785306601674549,0.014785306601674549,0.014785306601674549,0.014785306601674549,0.20036371952872056,0.014785306601674549,0.014785306601674549,0.014785306601674549,0.014785306601674549,0.014785306601674549
42,museum_culture,high,30.36166546295343,transit,8.42876979264724,0.5606820407246269,0.2622283695390492,0.5500292990295667,False,Dreta Eixample,41.388363175925704,2.1627493496923877,,0.2035325671862229,0.015326410134677138,0.2251095760865723,0.015326410134677138,0.015326410134677138,0.015326410134677138,0.015326410134677138,0.015326410134677138,0.015326410134677138,0.015326410134677138,0.015326410134677138,0.25332177499177017,0.18009839052334034
43,museum_culture,low,6.879496307197426,transit,10.582575849765268,0.6584078687154085,0.752343595830473,0.39716368978363714,False,Gotic,41.38311245720518,2.1718415321477282,,0.22203818843000686,0.01450507006057893,0.24772908141520636,0.01450507006057893,0.01450507006057893,0.01450507006057893,0.01450507006057893,0.01450507006057893,0.01450507006057893,0.01450507006057893,0.01450507006057893,0.24165786544824047,0.1580292341613359
44,architecture_fans,medium,15.019555501719166,transit,9.803140409306053,0.348239315288079,0.3973143903135894,0.5184848555870387,False,Sarria,41.40360517182259,2.1276167420119267,,0.1851488232750943,0.24168075038923448,0.23548746910459384,0.014726649801478149,0.014726649801478149,0.014726649801478149,0.014726649801478149,0.2051431090177741,0.014726649801478149,0.014726649801478149,0.014726649801478149,0.014726649801478149,0.014726649801478149
45,museum_culture,low,7.15797743268002,walk,1.553108700725612,0.4814491711471255,0.748109911680217,0.36207940790101484,False,Gotic,41.385701269112175,2.1763124342007423,,0.24044794263705838,0.015120248406233534,0.19891975240555163,0.015120248406233534,0.015120248406233534,0.015120248406233534,0.015120248406233534,0.015120248406233534,0.015120248406233534,0.015120248406233534,0.015120248406233534,0.242205684617754,0.1823443846835342
46,food_local_markets,medium,26.593975015249296,bike,4.37675686591453,0.40640751966292826,0.7884453779890047,0.36465785818276253,False,Vila de Gracia,41.404460417699056,2.15839234879211,,0.016703958675399762,0.016703958675399762,0.016703958675399762,0.016703958675399762,0.1965451815659033,0.19273704752083104,0.016703958675399762,0.016703958675399762,0.2056703083653649,0.016703958675399762,0.016703958675399762,0.016703958675399762,0.2547118344693029
47,family_green,medium,13.69579160738215,mixed,6.173717135887657,0.7198473506416803,0.5341665719897288,0.883149993928213,True,Gotic,41.37930318401124,2.168667478347099,,0.015864661764113608,0.015864661764113608,0.015864661764113608,0.18558825770483345,0.015864661764113608,0.015864661764113608,0.2721755964844892,0.015864661764113608,0.015864661764113608,0.015864661764113608,0.15878209741338337,0.24067209252027147,0.015864661764113608
48,architecture_fans,high,50.25423112480842,transit,9.816474565863798,0.40610802176825983,0.31018722938829607,0.3150995036079475,True,El Raval,41.38904193840313,2.1636880004767103,,0.18715075302033451,0.17980994163856964,0.22985841798806425,0.015443446847740617,0.015443446847740617,0.015443446847740617,0.015443446847740617,0.2641898657233661,0.015443446847740617,0.015443446847740617,0.015443446847740617,0.015443446847740617,0.015443446847740617
49,museum_culture,low,4.243981446304268,walk,2.23125789608666,0.7233892728193678,0.5567920020368048,0.48660663168137236,True,Montjuic,41.370322255329185,2.1591622550492846,,0.1927831467907788,0.014777344168764259,0.2625502239429836,0.014777344168764259,0.014777344168764259,0.014777344168764259,0.014777344168764259,0.014777344168764259,0.014777344168764259,0.014777344168764259,0.014777344168764259,0.21690217723135194,0.19476835451600732
50,architecture_fans,medium,21.090953573326505,walk,3.192132594561346,0.6715288399668264,0.0904110182136526,0.4396286536014153,False,Dreta Eixample,41.389676093981784,2.1690794912498177,,0.21751086252329632,0.18912585571798507,0.17958679297191896,0.01669469373995668,0.01669469373995668,0.01669469373995668,0.01669469373995668,0.2635242451271896,0.01669469373995668,0.01669469373995668,0.01669469373995668,0.01669469373995668,0.01669469373995668
51,history_religion,low,6.1056846853401066,transit,6.8019565364176,0.713767329874375,0.4708078861794655,0.2780974764278555,False,Les Corts,41.38860099602232,2.132374218779622,,0.21775512184910287,0.22164633691391178,0.15933819860669343,0.01586435797444086,0.01586435797444086,0.01586435797444086,0.01586435797444086,0.01586435797444086,0.01586435797444086,0.01586435797444086,0.01586435797444086,0.01586435797444086,0.25848112086032415
52,history_religion,high,54.02807528321074,transit,6.892392517395293,0.6854408204492044,0.6600222617988822,0.764033763118281,False,Poblenou,41.3918832084432,2.2048305616836847,,0.21727310228804042,0.22464906119792685,0.22366192189362416,0.016765061641981716,0.016765061641981716,0.016765061641981716,0.016765061641981716,0.016765061641981716,0.016765061641981716,0.016765061641981716,0.016765061641981716,0.016765061641981716,0.18353035984257315
53,beach_nightlife,high,41.23163216588489,bike,5.947736471538365,0.2215758960598504,0.3493259622710743,0.9733245866751074,True,Sagrada Familia,41.39765977808349,2.179161654253175,,0.01349789887728475,0.01349789887728475,0.01349789887728475,0.01349789887728475,0.01349789887728475,0.2223341078883142,0.23727360323051347,0.01349789887728475,0.24019965910899096,0.17871153987661859,0.01349789887728475,0.01349789887728475,0.01349789887728475
54,architecture_fans,medium,31.55372763609163,transit,8.003182849501888,0.7543548128847387,0.2986275288774307,0.3292825190825999,False,Gotic,41.381793138432215,2.1721704119217806,,0.25628775085127575,0.1949286484167354,0.21507135875953504,0.014792125092605721,0.014792125092605721,0.014792125092605721,0.014792125092605721,0.20058311613900234,0.014792125092605721,0.014792125092605721,0.014792125092605721,0.014792125092605721,0.014792125092605721
55,architecture_fans,high,44.89600040329707,walk,1.857908794232909,0.17219620263557528,0.3102588704349718,0.2588319870621229,False,Gotic,41.38888253984069,2.1801383621030004,,0.2210124009269296,0.20873333660609442,0.21193796094779385,0.016189924787110576,0.016189924787110576,0.016189924787110576,0.016189924787110576,0.21260697843518697,0.016189924787110576,0.016189924787110576,0.016189924787110576,0.016189924787110576,0.016189924787110576
56,architecture_fans,low,7.672801877379745,transit,11.514791419812344,0.6574579709279573,0.1992953650666125,0.20385599150250064,False,Gotic,41.38574884995604,2.168815127535756,,0.21557017557838826,0.17512084345204815,0.22627748722355573,0.015077208613417398,0.015077208613417398,0.015077208613417398,0.015077208613417398,0.24733661622525124,0.015077208613417398,0.015077208613417398,0.015077208613417398,0.015077208613417398,0.015077208613417398
57,family_green,high,48.08749858850388,transit,4.788945398285864,0.6408897004615064,0.5788595414107244,0.9045012363315581,True,Dreta Eixample,41.3956845560273,2.1650120887481035,,0.01611301783508732,0.01611301783508732,0.01611301783508732,0.2252790287813018,0.01611301783508732,0.01611301783508732,0.22810227387530482,0.01611301783508732,0.01611301783508732,0.01611301783508732,0.1749631864808393,0.22663835034676816,0.01611301783508732
58,food_local_markets,high,28.02146024244665,transit,6.75950807315164,0.4314590636016623,0.487969616325746,0.48494764525857675,True,Sagrada Familia,41.40935482192943,2.173823889359781,,0.01481372125811964,0.01481372125811964,0.01481372125811964,0.01481372125811964,0.18933993510324715,0.22292463311188412,0.01481372125811964,0.01481372125811964,0.22775849799102785,0.01481372125811964,0.01481372125811964,0.01481372125811964,0.22665344247076405
59,museum_culture,medium,20.298529775074936,mixed,6.034573888456448,0.569617855770207,0.2905925483411925,0.31099610892772667,False,Dreta Eixample,41.386091454391256,2.1578295115482424,,0.23238713387464874,0.014448011339173398,0.24652070370031423,0.014448011339173398,0.014448011339173398,0.014448011339173398,0.014448011339173398,0.014448011339173398,0.014448011339173398,0.014448011339173398,0.014448011339173398,0.16472820003802496,0.2263318603344515
60,history_religion,medium,19.641839864157692,walk,1.9091663690915417,0.5074867689678765,0.38744395063523074,0.333090344999006,False,Sagrada Familia,41.39931319469255,2.1729855410335452,,0.205923154535823,0.26358912246700006,0.2005187957008195,0.01645966521529528,0.01645966521529528,0.01645966521529528,0.01645966521529528,0.01645966521529528,0.01645966521529528,0.01645966521529528,0.01645966521529528,0.01645966521529528,0.18183194035869987
61,food_local_markets,low,3.0050666142202807,walk,2.955257626585771,0.45193786289479165,0.4206305906200031,0.1748007981037865,False,Sagrada Familia,41.40233930244046,2.1666618770571473,,0.015928415379649924,0.015928415379649924,0.015928415379649924,0.015928415379649924,0.2658915140333059,0.22964476895956573,0.015928415379649924,0.015928415379649924,0.1879779409960932,0.015928415379649924,0.015928415379649924,0.015928415379649924,0.17313003759418585
62,beach_nightlife,high,30.557882501839593,mixed,8.339394042433986,0.377247897839211,0.4894751944004144,0.8635265306083068,False,Dreta Eixample,41.391380167376006,2.1703554012997306,,0.015077594107683667,0.015077594107683667,0.015077594107683667,0.015077594107683667,0.015077594107683667,0.18270566690301265,0.17194032935797102,0.015077594107683667,0.2609370875121943,0.24871856925766905,0.015077594107683667,0.015077594107683667,0.015077594107683667
63,architecture_fans,medium,12.265839589162795,bike,4.604829453826264,0.3778930931557168,0.1684892453748762,0.04031744405326116,False,El Raval,41.38411886269513,2.162251606796807,,0.25224917683299647,0.20146651783004232,0.1639718257661763,0.015306822447009953,0.015306822447009953,0.015306822447009953,0.015306822447009953,0.24455107754769534,0.015306822447009953,0.015306822447009953,0.015306822447009953,0.015306822447009953,0.015306822447009953
64,history_religion,low,5.030010144551117,transit,8.355919523641237,0.5263247718129678,0.22286195784978924,0.08972057217972607,False,La Barceloneta,41.37768169122346,2.190911883991979,,0.24249789975960998,0.22996117746596514,0.2307097270505844,0.014049021482527475,0.014049021482527475,0.014049021482527475,0.014049021482527475,0.014049021482527475,0.014049021482527475,0.014049021482527475,0.014049021482527475,0.014049021482527475,0.1703900023810932
65,history_religion,low,7.157197412230075,mixed,5.412286788942416,0.4784442152503143,0.8239760390672926,0.5402741125052059,False,Poblenou,41.40169605009676,2.2007592396455244,,0.15783291198214353,0.2301679445090322,0.23255800554739492,0.014314162734192004,0.014314162734192004,0.014314162734192004,0.014314162734192004,0.014314162734192004,0.014314162734192004,0.014314162734192004,0.014314162734192004,0.014314162734192004,0.25061367335370127
66,family_green,medium,18.041409549789634,transit,10.213396494717278,0.571189328011426,0.7300079911198405,0.8974022017536019,False,Vila de Gracia,41.39985655472894,2.1590935760449548,,0.013129486848877412,0.013129486848877412,0.013129486848877412,0.23219510995957185,0.013129486848877412,0.013129486848877412,0.2071135935375992,0.013129486848877412,0.013129486848877412,0.013129486848877412,0.21482280033569223,0.22770311452724004,0.013129486848877412
67,museum_culture,medium,17.486689544796835,transit,10.12044104383622,0.7106202644773658,0.8081317689409133,0.4970471503609383,True,Dreta Eixample,41.391807997425666,2.1660278234695767,,0.22808009428452583,0.01572078659064054,0.24674312966911818,0.01572078659064054,0.01572078659064054,0.01572078659064054,0.01572078659064054,0.01572078659064054,0.01572078659064054,0.01572078659064054,0.01572078659064054,0.1641514174830827,0.2195382792475085
68,history_religion,high,39.983580486815,transit,9.873632311641098,0.37791695447735735,0.7043274753469784,0.5713227918469692,True,Vila de Gracia,41.40107900015278,2.150972203874545,,0.21533126904979313,0.21870169759148006,0.23951924226789795,0.01583753928282663,0.01583753928282663,0.01583753928282663,0.01583753928282663,0.01583753928282663,0.01583753928282663,0.01583753928282663,0.01583753928282663,0.01583753928282663,0.18390993754538926
69,museum_culture,high,19.794108770225982,transit,5.9871910996501025,0.493943965585051,0.3236114457773551,0.2721162937687565,False,Montjuic,41.368165278572775,2.151886295475538,,0.21265287211823558,0.014075756466007344,0.2400958162627388,0.014075756466007344,0.014075756466007344,0.014075756466007344,0.014075756466007344,0.014075756466007344,0.014075756466007344,0.014075756466007344,0.014075756466007344,0.22101749354491637,0.19955200988004312
70,food_local_markets,low,4.263331404897765,walk,3.0321149785461903,0.5311724031264625,0.5448153574051725,0.5178259337243718,False,Gotic,41.38980957465989,2.178326332616761,,0.0146455266303906,0.0146455266303906,0.0146455266303906,0.0146455266303906,0.21931524174692138,0.21139770075669043,0.0146455266303906,0.0146455266303906,0.21951258599899573,0.0146455266303906,0.0146455266303906,0.0146455266303906,0.21796473182387704
71,architecture_fans,medium,14.111970361258665,transit,5.518493869170944,0.33024332443982407,0.12682569836753396,0.23027290363248323,False,Dreta Eixample,41.38693312632646,2.1682685078365505,,0.1628734072633469,0.21336017743551805,0.21756133924827367,0.01540202802190111,0.01540202802190111,0.01540202802190111,0.01540202802190111,0.2675868238557514,0.01540202802190111,0.01540202802190111,0.01540202802190111,0.01540202802190111,0.01540202802190111
72,food_local_markets,medium,23.545849057460657,transit,6.266191012254632,0.5980780484591354,0.678876571698055,0.6300739604948496,False,Gotic,41.383868381938505,2.1773953695932335,,0.01467519604276674,0.01467519604276674,0.01467519604276674,0.01467519604276674,0.25309334455132904,0.17383405152494955,0.01467519604276674,0.01467519604276674,0.23551848178189702,0.01467519604276674,0.01467519604276674,0.01467519604276674,0.20547735775692375
73,beach_nightlife,high,22.209329041128292,bike,4.501732346927553,0.6699704058994651,0.6183371578940933,0.930639340557297,False,Sagrada Familia,41.40625741469696,2.1781305553719643,,0.015507315446699291,0.015507315446699291,0.015507315446699291,0.015507315446699291,0.015507315446699291,0.19487734094424658,0.2541274772761419,0.015507315446699291,0.22296825572403153,0.18846108703528636,0.015507315446699291,0.015507315446699291,0.015507315446699291
74,food_local_markets,medium,19.09792463589972,bike,6.496696629262132,0.7334836256322109,0.39841110158149307,0.466119152624394,False,Dreta Eixample,41.391843942054116,2.1684158161108034,,0.016165242430192718,0.016165242430192718,0.016165242430192718,0.016165242430192718,0.16446174372495245,0.23688252670003582,0.016165242430192718,0.016165242430192718,0.1817486811479066,0.016165242430192718,0.016165242430192718,0.016165242430192718,0.27141986655537065
75,family_green,medium,12.57694688781881,walk,3.046330175488096,0.5540345645072249,0.7722326903210801,0.7085818290175424,False,Gotic,41.38306387097589,2.1790140958056,,0.01723419349912588,0.01723419349912588,0.01723419349912588,0.22090272112654666,0.01723419349912588,0.01723419349912588,0.2704264658353918,0.01723419349912588,0.01723419349912588,0.01723419349912588,0.17867905125507116,0.17488402029085745,0.01723419349912588
76,food_local_markets,medium,12.682201352826413,transit,10.673638009618582,0.3616492409255514,0.8141486145964333,0.6593949300178867,False,Gotic,41.38076728055314,2.1717523096743583,,0.014168798987645389,0.014168798987645389,0.014168798987645389,0.014168798987645389,0.14305407327244815,0.2495894912941248,0.014168798987645389,0.014168798987645389,0.2516607183503704,0.014168798987645389,0.014168798987645389,0.014168798987645389,0.22817652619424816
77,museum_culture,high,42.078565662208945,walk,3.154515154951583,0.6755313337287108,0.2778416548272477,0.24993967307937356,False,La Barceloneta,41.37813580389778,2.193501392137031,,0.20198921983724713,0.014731503688513618,0.1731929374647156,0.014731503688513618,0.014731503688513618,0.014731503688513618,0.014731503688513618,0.014731503688513618,0.014731503688513618,0.014731503688513618,0.014731503688513618,0.23383567368902225,0.25839863581239253
78,architecture_fans,high,37.7336420838645,mixed,4.450197587886786,0.27896194068045826,0.12377753775156553,0.4342356505966449,False,Les Corts,41.38637930743892,2.1250883377972327,,0.23206445049689478,0.24428939202248606,0.18811376764486248,0.013861333770638452,0.013861333770638452,0.013861333770638452,0.013861333770638452,0.2107803859000106,0.013861333770638452,0.013861333770638452,0.013861333770638452,0.013861333770638452,0.013861333770638452
79,architecture_fans,high,32.87607942515659,walk,1.5511873078352676,0.37869704873627713,0.5560994075904251,0.05022099838981964,False,Gotic,41.38485355349935,2.1759455442189872,,0.19958013570967506,0.19760938878946602,0.2501079454215754,0.015174224337913945,0.015174224337913945,0.015174224337913945,0.015174224337913945,0.216134511038058,0.015174224337913945,0.015174224337913945,0.015174224337913945,0.015174224337913945,0.015174224337913945
80,family_green,low,7.396762321252879,transit,6.756616759715365,0.7442253661975116,0.38126892943823093,0.7716550708224478,True,Poblenou,41.40258129304787,2.204726641776946,,0.014838485241492764,0.014838485241492764,0.014838485241492764,0.15031153551013127,0.014838485241492764,0.014838485241492764,0.20210111052359156,0.014838485241492764,0.014838485241492764,0.014838485241492764,0.26562638903358565,0.24841459775925662,0.014838485241492764
81,history_religion,medium,26.88591420128862,transit,5.02898180727167,0.353104232883239,0.3761152573364969,0.4244127202365975,True,Les Corts,41.38663719113532,2.1298876676995837,,0.2741983059867181,0.21929727116498005,0.1769038840540358,0.015393834085980556,0.015393834085980556,0.015393834085980556,0.015393834085980556,0.015393834085980556,0.015393834085980556,0.015393834085980556,0.015393834085980556,0.015393834085980556,0.19105603202044105
82,architecture_fans,medium,21.684182654600257,transit,6.2692502113609665,0.7919669165208906,0.4485506086159453,0.3208367423589806,False,El Raval,41.38489055889115,2.1712401499671614,,0.22832698397974152,0.23516765012115404,0.15785948666362243,0.014291080874774709,0.014291080874774709,0.014291080874774709,0.014291080874774709,0.25002615136250955,0.014291080874774709,0.014291080874774709,0.014291080874774709,0.014291080874774709,0.014291080874774709
83,family_green,medium,12.535523794506254,taxi,9.122460182971036,0.7272386601281242,0.9037925840627596,0.8560664498718998,True,Sagrada Familia,41.402363910539215,2.173708515670226,,0.018097928429031677,0.018097928429031677,0.018097928429031677,0.22845722808478716,0.018097928429031677,0.018097928429031677,0.19397088622957057,0.018097928429031677,0.018097928429031677,0.018097928429031677,0.23006198690086588,0.18462854292349126,0.018097928429031677
84,architecture_fans,high,46.179257802883775,mixed,6.025316133226612,0.4056950146406904,0.575909397993841,0.7358576963076293,False,Dreta Eixample,41.393671279131645,2.1656804158925715,,0.1541446984259505,0.24597563749939805,0.24249034475721762,0.01500420201357691,0.01500420201357691,0.01500420201357691,0.01500420201357691,0.2223515011952417,0.01500420201357691,0.01500420201357691,0.01500420201357691,0.01500420201357691,0.01500420201357691
85,beach_nightlife,low,7.422772950096535,transit,5.297205669796688,0.3135252196947964,0.5231780955228508,0.49243430265823007,False,El Raval,41.38315753575576,2.1675631629627397,,0.014553813924567153,0.014553813924567153,0.014553813924567153,0.014553813924567153,0.014553813924567153,0.1754283852278308,0.1936714725555274,0.014553813924567153,0.2584491401067933,0.24146667678874414,0.014553813924567153,0.014553813924567153,0.014553813924567153
86,beach_nightlife,high,31.609554040856146,walk,2.4108582084605317,0.24524423345518534,0.18224202660707772,0.7141033400640566,False,Poblenou,41.405436459397336,2.2034201387576293,,0.014764906688744639,0.014764906688744639,0.014764906688744639,0.014764906688744639,0.014764906688744639,0.1696162265351125,0.25833288237868396,0.014764906688744639,0.18583299183388866,0.25333373905361317,0.014764906688744639,0.014764906688744639,0.014764906688744639
87,family_green,medium,14.28069536452183,walk,1.4395484357466046,0.8521408484565963,0.627172884775345,0.8074067229576827,False,Dreta Eixample,41.39700463339461,2.167433686164109,,0.016001112029874424,0.016001112029874424,0.016001112029874424,0.2436944365311127,0.016001112029874424,0.016001112029874424,0.20340816603421377,0.016001112029874424,0.016001112029874424,0.016001112029874424,0.16497163547548988,0.24391575369031382,0.016001112029874424
88,architecture_fans,high,24.075976087777477,mixed,3.8188233242670657,0.2769044775969519,0.12368512328284727,0.22667787003981804,False,Dreta Eixample,41.39399593149631,2.167804393445785,,0.20169250108862646,0.19449867201064178,0.24325807276632413,0.013720432756341033,0.013720432756341033,0.013720432756341033,0.013720432756341033,0.23706685932733834,0.013720432756341033,0.013720432756341033,0.013720432756341033,0.013720432756341033,0.013720432756341033
89,beach_nightlife,low,6.131599133482229,transit,11.9069833871374,0.39785573316702727,0.35147141304055013,0.6913663827202757,False,Gotic,41.38043433544536,2.17635559283733,,0.015166092462923603,0.015166092462923603,0.015166092462923603,0.015166092462923603,0.015166092462923603,0.20264598840527548,0.2560456072667792,0.015166092462923603,0.17448337356007831,0.2303301986015545,0.015166092462923603,0.015166092462923603,0.015166092462923603
90,history_religion,medium,13.382601100333481,walk,3.2424661439233673,0.28713506152682977,0.4921492067291118,0.505550371417916,False,El Raval,41.37998010712515,2.1735175028706006,,0.21360967550991208,0.21993241913759162,0.19948511772654745,0.01583573492635221,0.01583573492635221,0.01583573492635221,0.01583573492635221,0.01583573492635221,0.01583573492635221,0.01583573492635221,0.01583573492635221,0.01583573492635221,0.22445117328877895
91,food_local_markets,medium,20.7546219044677,taxi,8.629946319063336,0.8745922672382905,0.5896751674135401,0.7162393893022789,False,El Raval,41.383110442919026,2.171757466222679,,0.015330251886885703,0.015330251886885703,0.015330251886885703,0.015330251886885703,0.21437803276563822,0.2236549664304554,0.015330251886885703,0.015330251886885703,0.1995060925457609,0.015330251886885703,0.015330251886885703,0.015330251886885703,0.22448864127617413
92,beach_nightlife,low,7.917118272424338,transit,11.077655081980298,0.5324341902711579,0.5657078115631043,0.8955415995076941,False,Sagrada Familia,41.397278642728615,2.1761866460611157,,0.014909455445895137,0.014909455445895137,0.014909455445895137,0.014909455445895137,0.014909455445895137,0.24398137357397237,0.2144902072971895,0.014909455445895137,0.20740821400575754,0.1999351061100244,0.014909455445895137,0.014909455445895137,0.014909455445895137
93,food_local_markets,high,40.09136330183975,transit,5.362248219227194,0.29763463343536184,0.5253552981801101,0.5080027463126247,False,Montjuic,41.372484482832355,2.1554653317346,,0.015551426396397061,0.015551426396397061,0.015551426396397061,0.015551426396397061,0.24183828288720544,0.17215882196764978,0.015551426396397061,0.015551426396397061,0.18506641212748592,0.015551426396397061,0.015551426396397061,0.015551426396397061,0.26097364545008533
94,architecture_fans,low,6.016918347685668,mixed,7.584650293412638,0.40812641461632254,0.2989644928368338,0.3667082349887256,True,Vila de Gracia,41.40507574756621,2.1624178485754086,,0.24836860338658934,0.17356682949877716,0.23831015418275034,0.014490302987710825,0.014490302987710825,0.014490302987710825,0.014490302987710825,0.20934168604248568,0.014490302987710825,0.014490302987710825,0.014490302987710825,0.014490302987710825,0.014490302987710825
95,history_religion,medium,25.856679080411837,transit,11.822132892757741,0.737864171039485,0.33575868398017655,0.2432940784686962,False,Sagrada Familia,41.413727618710965,2.1803203968148557,,0.22154887544153049,0.20767320363736286,0.22936833500660894,0.013796107931438274,0.013796107931438274,0.013796107931438274,0.013796107931438274,0.013796107931438274,0.013796107931438274,0.013796107931438274,0.013796107931438274,0.013796107931438274,0.21724461453155328
96,family_green,medium,21.420189565586906,taxi,10.795148107596344,0.7351383475523776,0.5688146834232556,0.7582615338794314,True,Dreta Eixample,41.39162001916943,2.1570566176061217,,0.014394772567870123,0.014394772567870123,0.014394772567870123,0.21589402364384433,0.014394772567870123,0.014394772567870123,0.20584613012438557,0.014394772567870123,0.014394772567870123,0.014394772567870123,0.23495068963987695,0.21375620348106197,0.014394772567870123
97,architecture_fans,medium,16.22706226374321,mixed,7.074309337727959,0.647511663195046,0.6979759138110763,0.5228880842226666,False,Sagrada Familia,41.396788885552425,2.1686345968010636,,0.1983965080156513,0.2145003292769647,0.26815008657217543,0.01527646599901794,0.01527646599901794,0.01527646599901794,0.01527646599901794,0.18146488214404713,0.01527646599901794,0.01527646599901794,0.01527646599901794,0.01527646599901794,0.01527646599901794
98,architecture_fans,medium,12.90842233819371,transit,10.407540642156894,0.46637409795280327,0.3697779667996408,0.6946657220509398,False,Gotic,41.37719608501505,2.172367592289367,,0.2527834818717796,0.1584584927883194,0.18567701817790433,0.01519752195942195,0.01519752195942195,0.01519752195942195,0.01519752195942195,0.2663033095271991,0.01519752195942195,0.01519752195942195,0.01519752195942195,0.01519752195942195,0.01519752195942195
99,museum_culture,medium,18.447963836842174,transit,6.747603934237614,0.6359481954344507,0.40232335683044723,0.31344605399899145,True,Gotic,41.378862347733175,2.1710473291272003,,0.21270127159387964,0.014132705031517622,0.235065052399817,0.014132705031517622,0.014132705031517622,0.014132705031517622,0.014132705031517622,0.014132705031517622,0.014132705031517622,0.014132705031517622,0.014132705031517622,0.21359748211753107,0.21144184860511364
100,family_green,low,10.63305399228021,transit,8.899721744444408,0.7833806051940319,0.7179449804640335,0.9976790145745764,True,Gotic,41.38344271132798,2.1767284201200376,,0.01651490575221578,0.01651490575221578,0.01651490575221578,0.16845735026333342,0.01651490575221578,0.01651490575221578,0.19981562470346695,0.01651490575221578,0.01651490575221578,0.01651490575221578,0.2566775149146449,0.2264153583486127,0.01651490575221578
101,architecture_fans,medium,22.59711838323493,transit,8.616021533901085,0.4280101378652585,0.31494991143046414,0.3156615585793032,False,Dreta Eixample,41.38939415675377,2.171727070561676,,0.19381150378462292,0.18317004986953161,0.21103266358352907,0.018260118926124985,0.018260118926124985,0.018260118926124985,0.018260118926124985,0.24764471242719158,0.018260118926124985,0.018260118926124985,0.018260118926124985,0.018260118926124985,0.018260118926124985
102,history_religion,low,9.296512849031977,transit,10.373627228891191,0.21281336964697395,0.43662234615079726,0.1410902881712903,False,La Barceloneta,41.384782560480836,2.1859386286715927,,0.18096635654126925,0.21654761344880893,0.2414785319665142,0.014127198767709003,0.014127198767709003,0.014127198767709003,0.014127198767709003,0.014127198767709003,0.014127198767709003,0.014127198767709003,0.014127198767709003,0.014127198767709003,0.23386270913402663
103,food_local_markets,medium,16.09980968903902,transit,6.382374363042947,0.5849614673302758,0.880637005342364,0.5916273855712245,False,Poblenou,41.4018358257626,2.203984232554309,,0.01530152172495691,0.01530152172495691,0.01530152172495691,0.01530152172495691,0.21678897695185423,0.23015348963258012,0.01530152172495691,0.01530152172495691,0.20986362984315177,0.01530152172495691,0.01530152172495691,0.01530152172495691,0.20548020804780173
104,architecture_fans,high,30.071149475301198,transit,10.319895080473069,0.5195291307439721,0.5591980759761762,0.19133293156160505,False,Montjuic,41.3744774018725,2.154330872807453,,0.1762345035926663,0.27173190650578793,0.1918094138734637,0.0162464966416195,0.0162464966416195,0.0162464966416195,0.0162464966416195,0.2140057062535065,0.0162464966416195,0.0162464966416195,0.0162464966416195,0.0162464966416195,0.0162464966416195
105,food_local_markets,low,5.205014058290676,transit,9.57622650075375,0.7967611452031769,0.7392989793746847,0.26689314491399385,True,Sagrada Familia,41.39692786160044,2.177694883708175,,0.015681940918483003,0.015681940918483003,0.015681940918483003,0.015681940918483003,0.1926133758004898,0.229920144697614,0.015681940918483003,0.015681940918483003,0.18677634860245704,0.015681940918483003,0.015681940918483003,0.015681940918483003,0.24955266263309214
106,family_green,low,7.180313655335146,taxi,11.050460307651477,0.7821456766186643,0.7994332397157239,0.8999836729360697,False,Sarria,41.403529700113246,2.119983162406564,,0.0161636116608365,0.0161636116608365,0.0161636116608365,0.19360859046052334,0.0161636116608365,0.0161636116608365,0.19392071699476718,0.0161636116608365,0.0161636116608365,0.0161636116608365,0.2873236293440566,0.1796745582531243,0.0161636116608365
107,museum_culture,medium,17.89646817946883,taxi,8.09712720737635,0.6830231546239077,0.595329443081742,0.201310348231316,False,Sagrada Familia,41.40539926130622,2.170366764454903,,0.1788759539230008,0.015619373598446833,0.2136777147524133,0.015619373598446833,0.015619373598446833,0.015619373598446833,0.015619373598446833,0.015619373598446833,0.015619373598446833,0.015619373598446833,0.015619373598446833,0.2444989169083872,0.22237305203017715
108,family_green,low,7.907991262893918,walk,2.5152074611947564,0.32486410202935617,0.5328005788848349,0.8586602608547192,True,Poblenou,41.394457843361906,2.204364676075331,,0.015407022659944232,0.015407022659944232,0.015407022659944232,0.2673561740310538,0.015407022659944232,0.015407022659944232,0.1664601846286437,0.015407022659944232,0.015407022659944232,0.015407022659944232,0.2345302870783207,0.19299015032248382,0.015407022659944232
109,architecture_fans,high,39.686916816704695,transit,10.88784045153025,0.6536346616018973,0.3613098681327318,0.1130401711466155,False,El Raval,41.38074658400864,2.168397487547772,,0.2162970826740077,0.19928670522435715,0.21573619995709642,0.01392313862226333,0.01392313862226333,0.01392313862226333,0.01392313862226333,0.24337176454416873,0.01392313862226333,0.01392313862226333,0.01392313862226333,0.01392313862226333,0.01392313862226333
110,history_religion,high,27.884557110582293,transit,11.91913189682351,0.16693684932516575,0.46929710032596866,0.3700180956633844,False,Sagrada Familia,41.40349744375861,2.1727888682355747,,0.2730273677480901,0.16651941799121578,0.24991531156261645,0.016073746722717573,0.016073746722717573,0.016073746722717573,0.016073746722717573,0.016073746722717573,0.016073746722717573,0.016073746722717573,0.016073746722717573,0.016073746722717573,0.16587418219361955
111,architecture_fans,medium,18.569375970710063,transit,8.042229229766757,0.37465845791133157,0.5274261245150526,0.3445101016810718,False,Dreta Eixample,41.394800593052935,2.1683879019988757,,0.23487917284037457,0.18863980411691403,0.2357054424864655,0.015508345632286947,0.015508345632286947,0.015508345632286947,0.015508345632286947,0.2012004698656633,0.015508345632286947,0.015508345632286947,0.015508345632286947,0.015508345632286947,0.015508345632286947
112,architecture_fans,high,41.723974193330235,transit,6.7174938545353875,0.43252289182658876,0.31611329530723353,0.2022178772759407,False,Sagrada Familia,41.40786391051897,2.17593907417682,,0.23711201039432517,0.1808776188204716,0.20938957918050344,0.016695365509828523,0.016695365509828523,0.016695365509828523,0.016695365509828523,0.22236250201624308,0.016695365509828523,0.016695365509828523,0.016695365509828523,0.016695365509828523,0.016695365509828523
113,architecture_fans,medium,13.090450770245983,taxi,8.289778648362429,0.3701315387708285,0.5595344646976049,0.624903892196671,False,Dreta Eixample,41.39291333175829,2.159395826673707,,0.2942190102203212,0.18486088194709344,0.1823702232423036,0.016782847389098465,0.016782847389098465,0.016782847389098465,0.016782847389098465,0.18750425808839563,0.016782847389098465,0.016782847389098465,0.016782847389098465,0.016782847389098465,0.016782847389098465
114,museum_culture,medium,9.678218033348996,taxi,8.707510154197237,0.5100643009543122,0.41733287289932125,0.6439005694443101,False,El Raval,41.37721723909263,2.1705730711753564,,0.2421605633331101,0.015736862277045197,0.22451937908481137,0.015736862277045197,0.015736862277045197,0.015736862277045197,0.015736862277045197,0.015736862277045197,0.015736862277045197,0.015736862277045197,0.015736862277045197,0.17688046599315865,0.21480783109551319
115,history_religion,high,39.947191331204316,transit,10.196370717261434,0.39033135265971003,0.2725148603752325,0.5843893366525292,True,El Raval,41.37984157989757,2.1650408386948112,,0.20053156539651312,0.17923356728819723,0.1692112690253377,0.016771036150195113,0.016771036150195113,0.016771036150195113,0.016771036150195113,0.016771036150195113,0.016771036150195113,0.016771036150195113,0.016771036150195113,0.016771036150195113,0.30008427293819595
116,architecture_fans,high,31.34971331239139,bike,5.173109276913467,0.4376642648887952,0.28187301347436283,0.35627138102779066,False,Poblenou,41.40496325115744,2.203792326399964,,0.2001790342210322,0.20858709710585574,0.2381376944508074,0.016602442628510933,0.016602442628510933,0.016602442628510933,0.016602442628510933,0.20367419056570632,0.016602442628510933,0.016602442628510933,0.016602442628510933,0.016602442628510933,0.016602442628510933
117,family_green,low,5.925806020867774,transit,5.897274512279628,0.6719670607446705,0.5018157487233253,0.8877024737057964,False,Sagrada Familia,41.39880353149542,2.1765755080164486,,0.014438020253148954,0.014438020253148954,0.014438020253148954,0.23572841674679482,0.014438020253148954,0.014438020253148954,0.23931084646890402,0.014438020253148954,0.014438020253148954,0.014438020253148954,0.21488478845669634,0.1801337660492643,0.014438020253148954
118,food_local_markets,medium,11.247892909723072,transit,6.470609866764735,0.1081668115504104,0.37296420528478375,0.4537679362106473,False,Gotic,41.38812554234412,2.173279122322332,,0.015333175006449392,0.015333175006449392,0.015333175006449392,0.015333175006449392,0.24029471310466635,0.18750707296757196,0.015333175006449392,0.015333175006449392,0.16456297377621754,0.015333175006449392,0.015333175006449392,0.015333175006449392,0.26963666509349965
119,history_religion,low,6.3437616576001155,transit,8.319698069977706,0.7092015190944567,0.46546030610222117,0.3371479284638783,False,Dreta Eixample,41.39225519826137,2.1656374668287026,,0.22358736667154402,0.241294377053493,0.18837001683047253,0.013872082624712085,0.013872082624712085,0.013872082624712085,0.013872082624712085,0.013872082624712085,0.013872082624712085,0.013872082624712085,0.013872082624712085,0.013872082624712085,0.22189949582208174
120,museum_culture,medium,17.37477792070058,mixed,4.49204797221704,0.22810016360270033,0.5511063164047305,0.37443240041552206,False,Gotic,41.38311751067677,2.1773371505661396,,0.18133367615242663,0.015829338337484622,0.210175759038252,0.015829338337484622,0.015829338337484622,0.015829338337484622,0.015829338337484622,0.015829338337484622,0.015829338337484622,0.015829338337484622,0.015829338337484622,0.21508376388439956,0.2509427558875602
121,architecture_fans,high,43.501537480942254,transit,11.083643093629703,0.18596466108656737,0.22604547483261878,0.2085912666388623,False,Dreta Eixample,41.38390526929437,2.1691413088191185,,0.23237473830079675,0.23758027214228458,0.22531614918036746,0.01341000002993552,0.01341000002993552,0.01341000002993552,0.01341000002993552,0.18403884010713156,0.01341000002993552,0.01341000002993552,0.01341000002993552,0.01341000002993552,0.01341000002993552
122,architecture_fans,low,6.6591806855300355,bike,4.179762365444269,0.5620238079883766,0.4998282232111346,0.1366407846084699,False,El Raval,41.37783620344532,2.1696918230194537,,0.18790064055456332,0.20271381916361383,0.25640042381057404,0.01666384925182908,0.01666384925182908,0.01666384925182908,0.01666384925182908,0.20301047320478713,0.01666384925182908,0.01666384925182908,0.01666384925182908,0.01666384925182908,0.01666384925182908
123,architecture_fans,medium,22.44491590202324,transit,6.332936532664446,0.298811097863198,0.30455356394674693,0.34926169008194335,False,Sagrada Familia,41.403296914094156,2.1725952985710424,,0.17386366758663482,0.1605021294360241,0.2744160029796745,0.015272377450840048,0.015272377450840048,0.015272377450840048,0.015272377450840048,0.2537668029401061,0.015272377450840048,0.015272377450840048,0.015272377450840048,0.015272377450840048,0.015272377450840048
124,family_green,medium,21.853493910473816,mixed,3.487339556266152,0.6386470889295915,0.7981841730228614,0.6890500048019617,True,Sagrada Familia,41.39856477416126,2.178592118310469,,0.01762916266329763,0.01762916266329763,0.01762916266329763,0.20288487701739882,0.01762916266329763,0.01762916266329763,0.18710023006509618,0.01762916266329763,0.01762916266329763,0.01762916266329763,0.1898577609209798,0.2614946680268465,0.01762916266329763
125,museum_culture,medium,28.066232273973,taxi,11.410478568368214,0.5421665763935968,0.29676197628431994,0.4314791486301118,True,Montjuic,41.37471057767046,2.153717137633102,,0.2239428700025395,0.01552199835143806,0.1585548261158094,0.01552199835143806,0.01552199835143806,0.01552199835143806,0.01552199835143806,0.01552199835143806,0.01552199835143806,0.01552199835143806,0.01552199835143806,0.23567080903623586,0.24213350968247271
126,history_religion,medium,20.730559154462235,walk,3.3431276249718613,0.5752402228821277,0.27518346813426026,0.4332845561012976,False,Les Corts,41.38309542238926,2.1314788237025564,,0.1777866152294571,0.22590166576669157,0.21545495108062887,0.017595759254831304,0.017595759254831304,0.017595759254831304,0.017595759254831304,0.017595759254831304,0.017595759254831304,0.017595759254831304,0.017595759254831304,0.017595759254831304,0.2224949346297408
127,history_religion,high,37.08866885557533,transit,5.973035549585857,0.18519977257756542,0.2765714327920535,0.4904918605608492,False,La Barceloneta,41.3822739962982,2.1888638911167626,,0.27040524681324646,0.22600246987766415,0.1932120480875969,0.015582371713711534,0.015582371713711534,0.015582371713711534,0.015582371713711534,0.015582371713711534,0.015582371713711534,0.015582371713711534,0.015582371713711534,0.015582371713711534,0.17013888979808872
128,food_local_markets,low,8.95333073995626,mixed,5.8354410654424305,0.8242453792383035,0.8534080262808788,0.62849565880528,False,Sagrada Familia,41.404308479320015,2.1769084384005963,,0.015301915121306733,0.015301915121306733,0.015301915121306733,0.015301915121306733,0.24647238976781047,0.17612858058749647,0.015301915121306733,0.015301915121306733,0.17017929934844367,0.015301915121306733,0.015301915121306733,0.015301915121306733,0.2695024942044888
129,museum_culture,medium,16.9677712079473,transit,9.928832232482067,0.5424609135811556,0.6512793637127223,0.3948572020237806,False,Sagrada Familia,41.40237519168411,2.1788179801008223,,0.21766265529043172,0.014875580152491118,0.2344937845241474,0.014875580152491118,0.014875580152491118,0.014875580152491118,0.014875580152491118,0.014875580152491118,0.014875580152491118,0.014875580152491118,0.014875580152491118,0.20670892951015105,0.2072544093028498
130,museum_culture,medium,9.69247540130745,transit,5.185353709134744,0.20722122635413023,0.573784050437437,0.6591076405468415,False,Dreta Eixample,41.391549013264125,2.167362341151445,,0.22404706115797873,0.017938424354365542,0.19166239771442664,0.017938424354365542,0.017938424354365542,0.017938424354365542,0.017938424354365542,0.017938424354365542,0.017938424354365542,0.017938424354365542,0.017938424354365542,0.24167156402641654,0.1811731579118882
131,family_green,high,27.20106070163427,mixed,5.439013222602662,0.778607885416879,0.5591058899354294,0.9140257688431848,False,Sagrada Familia,41.39797934255729,2.178264518724016,,0.015245913582511804,0.015245913582511804,0.015245913582511804,0.21380811313131098,0.015245913582511804,0.015245913582511804,0.23440745638306346,0.015245913582511804,0.015245913582511804,0.015245913582511804,0.16508400466958015,0.24948720357343923,0.015245913582511804
132,family_green,medium,17.112612564532064,walk,1.246974146947543,0.5656243151823708,0.6623028450101371,0.9648561654613715,True,Dreta Eixample,41.383360197412486,2.161834738601537,,0.01638247562619125,0.01638247562619125,0.01638247562619125,0.22162761901320613,0.01638247562619125,0.01638247562619125,0.2808226408685446,0.01638247562619125,0.01638247562619125,0.01638247562619125,0.1815244883896239,0.16858297109290415,0.01638247562619125
133,beach_nightlife,low,6.87815389058413,transit,5.070905361390212,0.5153461772273406,0.2920190520244418,0.8782916081161826,False,Dreta Eixample,41.395557681687194,2.168803959799263,,0.015765233644419497,0.015765233644419497,0.015765233644419497,0.015765233644419497,0.015765233644419497,0.17154718845791034,0.2745585263470719,0.015765233644419497,0.24492325907598886,0.16708392331925348,0.015765233644419497,0.015765233644419497,0.015765233644419497
134,family_green,low,8.820202989879542,transit,11.350381613356287,0.7703673393853301,0.5742552426587297,0.5845136373577458,False,Poblenou,41.399354942435835,2.2038759647465604,,0.014899303592597857,0.014899303592597857,0.014899303592597857,0.18978960271137604,0.014899303592597857,0.014899303592597857,0.2275426491071643,0.014899303592597857,0.014899303592597857,0.014899303592597857,0.25159174960461306,0.19698226624346593,0.014899303592597857
135,architecture_fans,medium,13.414755267696197,mixed,8.545738556457652,0.45103468197732116,0.33874929377433516,0.3909554625046188,False,Sagrada Familia,41.40221937253103,2.1635847292797066,,0.2214688724953252,0.18117509687387634,0.230363192490137,0.014350722702471563,0.014350722702471563,0.014350722702471563,0.014350722702471563,0.2378363338184174,0.014350722702471563,0.014350722702471563,0.014350722702471563,0.014350722702471563,0.014350722702471563
136,family_green,medium,17.958600580352066,walk,3.4789914414439456,0.8291193085650371,0.7785889416249173,0.9799972422277536,False,Les Corts,41.38488761482805,2.130903439345266,,0.01545760916020321,0.01545760916020321,0.01545760916020321,0.22287804183883908,0.01545760916020321,0.01545760916020321,0.20521550818954887,0.01545760916020321,0.01545760916020321,0.01545760916020321,0.2098680276117124,0.22291993991807074,0.01545760916020321
137,food_local_markets,medium,15.528300249086529,mixed,6.385777234976319,0.7099381795648835,0.8680914182846532,0.1999689268695818,False,Vila de Gracia,41.395637232313945,2.1515094888034247,,0.014129719791757277,0.014129719791757277,0.014129719791757277,0.014129719791757277,0.22701367845644205,0.22235171000183193,0.014129719791757277,0.014129719791757277,0.237854334437708,0.014129719791757277,0.014129719791757277,0.014129719791757277,0.1856127989782025
138,food_local_markets,medium,18.039970147744068,transit,10.027230544895557,0.542777556642569,0.7430856059180541,0.5724654471195364,False,Sagrada Familia,41.405101029912665,2.1759233170113506,,0.015644947710719913,0.015644947710719913,0.015644947710719913,0.015644947710719913,0.17017396357940784,0.2651179232216595,0.015644947710719913,0.015644947710719913,0.21977577208625967,0.015644947710719913,0.015644947710719913,0.015644947710719913,0.20412781171619374
139,food_local_markets,low,6.342160259333245,transit,7.132086342248633,0.6049213502384397,0.686920758664127,0.7188916395220264,True,Gotic,41.377574756873955,2.1791167613804925,,0.014587230852109587,0.014587230852109587,0.014587230852109587,0.014587230852109587,0.26229567817266775,0.2018966195959833,0.014587230852109587,0.014587230852109587,0.2452947937390652,0.014587230852109587,0.014587230852109587,0.014587230852109587,0.1592278308232974
140,museum_culture,medium,10.27350027235621,transit,7.047273933645947,0.5240597186758065,0.487026520138072,0.5217092360458792,False,Sagrada Familia,41.40604296862318,2.1658499976156778,,0.21211639057055612,0.017028686423040208,0.18942031787258606,0.017028686423040208,0.017028686423040208,0.017028686423040208,0.017028686423040208,0.017028686423040208,0.017028686423040208,0.017028686423040208,0.017028686423040208,0.21419631549621837,0.23100879825327758
141,history_religion,high,37.6656221769959,transit,5.515984483781563,0.5576782178079779,0.3887593429242105,0.48178230631753244,False,Poblenou,41.3994258878331,2.209088543576314,,0.23015758237068334,0.2287126138316288,0.23754219185330122,0.013488867698970626,0.013488867698970626,0.013488867698970626,0.013488867698970626,0.013488867698970626,0.013488867698970626,0.013488867698970626,0.013488867698970626,0.013488867698970626,0.18218780265365106
142,history_religion,low,7.025157004703667,walk,2.84900192492537,0.8190294450425192,0.48730055881266365,0.5530131165961402,True,Gotic,41.377557586501595,2.1726181769750026,,0.20352247446767485,0.18277385640896268,0.2495413981560205,0.014956835181393428,0.014956835181393428,0.014956835181393428,0.014956835181393428,0.014956835181393428,0.014956835181393428,0.014956835181393428,0.014956835181393428,0.014956835181393428,0.22955075433480115
143,food_local_markets,high,41.23636154468925,transit,6.328376960475377,0.36111228881394003,0.7446297642423761,0.5024830546775995,False,Sant Andreu,41.43045654101981,2.192573777222379,,0.015682587846674586,0.015682587846674586,0.015682587846674586,0.015682587846674586,0.20567199642185582,0.20074254714672415,0.015682587846674586,0.015682587846674586,0.2646190142118364,0.015682587846674586,0.015682587846674586,0.015682587846674586,0.18782315159951238
144,history_religion,low,7.981213804911777,walk,1.6410159566741804,0.2143680682806131,0.14141015687551503,0.17909919779751612,True,Gotic,41.38361035064467,2.173866530016384,,0.18916937224001018,0.18329037245441265,0.24189793189456024,0.014817284650825213,0.014817284650825213,0.014817284650825213,0.014817284650825213,0.014817284650825213,0.014817284650825213,0.014817284650825213,0.014817284650825213,0.014817284650825213,0.25228676155359003
145,history_religion,medium,20.24071072313353,walk,2.8970715171289383,0.7855068268243913,0.7188287524155874,0.37860940206564275,False,Dreta Eixample,41.38470022782169,2.1704843662769786,,0.1697319902635831,0.17274194385789785,0.22368936496131692,0.016643290722517745,0.016643290722517745,0.016643290722517745,0.016643290722517745,0.016643290722517745,0.016643290722517745,0.016643290722517745,0.016643290722517745,0.016643290722517745,0.28404708441454246
146,history_religion,medium,23.95796807091283,walk,1.5521308643477671,0.4012544162886585,0.2821078607474713,0.513643087442161,False,La Barceloneta,41.37808969103516,2.1858662993756495,,0.18626972942750478,0.23276376478479938,0.2292950568049631,0.013848147736315918,0.013848147736315918,0.013848147736315918,0.013848147736315918,0.013848147736315918,0.013848147736315918,0.013848147736315918,0.013848147736315918,0.013848147736315918,0.2270381193558895
147,museum_culture,medium,26.323880293741357,transit,11.55394944963266,0.5320514547489473,0.5626156901436313,0.49567718271212724,False,Sagrada Familia,41.409292380598046,2.1728277882496556,,0.20531228475151714,0.016455821927421285,0.27993258692607864,0.016455821927421285,0.016455821927421285,0.016455821927421285,0.016455821927421285,0.016455821927421285,0.016455821927421285,0.016455821927421285,0.016455821927421285,0.17572954276363786,0.19092318821197476
148,food_local_markets,medium,18.047761431284233,transit,7.406711782470597,0.15129422942635154,0.6812263211434992,0.6481589197400985,False,El Raval,41.38330679216842,2.170868682828079,,0.014033546158861682,0.014033546158861682,0.014033546158861682,0.014033546158861682,0.23215032210408323,0.21675471907172653,0.014033546158861682,0.014033546158861682,0.19549330802186365,0.014033546158861682,0.014033546158861682,0.014033546158861682,0.22929973537257145
149,family_green,low,6.8287854045177045,taxi,8.679798025005908,0.6149450448579308,0.5138105246487269,0.8573206893098269,False,Les Corts,41.38320299160735,2.1293373980972636,,0.01643069277950368,0.01643069277950368,0.01643069277950368,0.21889381840447716,0.01643069277950368,0.01643069277950368,0.2002560632878756,0.01643069277950368,0.01643069277950368,0.01643069277950368,0.26661894193157065,0.16635494136054346,0.01643069277950368
150,architecture_fans,medium,21.845737509834038,walk,1.5621294999299407,0.3838285830669716,0.428704838122447,0.46688938567717764,False,La Barceloneta,41.383385647563294,2.193140435044091,,0.22460023940651394,0.24778300504730646,0.16089280637437176,0.015698890916497305,0.015698890916497305,0.015698890916497305,0.015698890916497305,0.22543393092333205,0.015698890916497305,0.015698890916497305,0.015698890916497305,0.015698890916497305,0.015698890916497305
151,history_religion,medium,14.211941377288763,transit,8.331387042602698,0.43662755150073507,0.48367378221665813,0.2721639188034886,False,Dreta Eixample,41.385132968268046,2.168499998657719,,0.22389594022285939,0.2050761326702676,0.20432608776466873,0.016718462767596632,0.016718462767596632,0.016718462767596632,0.016718462767596632,0.016718462767596632,0.016718462767596632,0.016718462767596632,0.016718462767596632,0.016718462767596632,0.21623567443383462
152,food_local_markets,medium,22.62349598384896,transit,8.062754497400531,0.768185801036455,0.8990593775494569,0.1548133701348596,False,Gotic,41.37852440435323,2.1779814485033704,,0.014721107020778834,0.014721107020778834,0.014721107020778834,0.014721107020778834,0.19576843289483203,0.2648668703337084,0.014721107020778834,0.014721107020778834,0.2594364038876836,0.014721107020778834,0.014721107020778834,0.014721107020778834,0.1474383296967665
153,architecture_fans,medium,25.74362779231431,mixed,7.277317748592607,0.26769857514930195,0.23748486441187056,0.03534795847111857,False,Sant Andreu,41.43598031537226,2.1836616126466946,,0.18083562909917583,0.2583168924462004,0.17469658442315428,0.01567235221053265,0.01567235221053265,0.01567235221053265,0.01567235221053265,0.2450997241366757,0.01567235221053265,0.01567235221053265,0.01567235221053265,0.01567235221053265,0.01567235221053265
154,food_local_markets,low,6.152300195726686,transit,11.168632509701963,0.734584359017277,0.5689418327218259,0.1793317306343787,False,Poblenou,41.399198766967054,2.207635226624044,,0.01513743504205578,0.01513743504205578,0.01513743504205578,0.01513743504205578,0.2191970197513069,0.17648473129609168,0.01513743504205578,0.01513743504205578,0.2517231741864315,0.01513743504205578,0.01513743504205578,0.01513743504205578,0.21635815938766795
155,architecture_fans,high,36.643309020021675,transit,7.285489445121715,0.31043487896089533,0.6247211532185706,0.4742483531763562,True,Sagrada Familia,41.40394399626002,2.1650632918311588,,0.17662610839938764,0.25248480619899,0.19149556612656118,0.014287109019290005,0.014287109019290005,0.014287109019290005,0.014287109019290005,0.2508095381014512,0.014287109019290005,0.014287109019290005,0.014287109019290005,0.014287109019290005,0.014287109019290005
156,family_green,low,3.568483431243367,taxi,13.239030353283066,0.8085850237063448,0.6691168039189989,0.6765989002437961,True,Dreta Eixample,41.39405143168073,2.164970147606692,,0.017819050139135914,0.017819050139135914,0.017819050139135914,0.1859986819186919,0.017819050139135914,0.017819050139135914,0.19806193306413702,0.017819050139135914,0.017819050139135914,0.017819050139135914,0.20703008077317261,0.2485378529917753,0.017819050139135914
157,family_green,low,5.548283558625721,transit,5.643642773455816,0.5567390808580052,0.7756292562474899,0.9010489912291142,True,Gotic,41.38640997558669,2.1699060058719466,,0.01574232415091064,0.01574232415091064,0.01574232415091064,0.1877715660677299,0.01574232415091064,0.01574232415091064,0.22522776024257635,0.01574232415091064,0.01574232415091064,0.01574232415091064,0.2647062808603327,0.18061347547116524,0.01574232415091064
158,food_local_markets,low,6.367269153677112,transit,6.846502295230367,0.5463599776783846,0.5714861917940497,0.4786176671011292,False,Les Corts,41.38473550051213,2.1255935126817027,,0.014394261853424297,0.014394261853424297,0.014394261853424297,0.014394261853424297,0.19922015376225843,0.22028074507875153,0.014394261853424297,0.014394261853424297,0.20277221422646732,0.014394261853424297,0.014394261853424297,0.014394261853424297,0.2481785302517041
159,history_religion,medium,16.47829697541039,walk,2.103268451998588,0.2246262210135816,0.7667089065307536,0.5640347560091736,False,Poblenou,41.40019765039426,2.2090316624951196,,0.19305284564987932,0.20425556954930485,0.23619561604391226,0.01420678019972547,0.01420678019972547,0.01420678019972547,0.01420678019972547,0.01420678019972547,0.01420678019972547,0.01420678019972547,0.01420678019972547,0.01420678019972547,0.23863494695937434
160,history_religion,high,36.08423147906941,transit,11.767739146575634,0.33949074207391466,0.5496901594988213,0.47392318486337404,False,El Raval,41.37706111603726,2.1623451795258273,,0.18321430586939993,0.23764059193021986,0.22157746480812837,0.016285817529838,0.016285817529838,0.016285817529838,0.016285817529838,0.016285817529838,0.016285817529838,0.016285817529838,0.016285817529838,0.016285817529838,0.21099527962370984
161,history_religion,medium,13.459687838354249,transit,11.462564746887315,0.6998612479385554,0.47710667103638793,0.5654362956897989,False,La Barceloneta,41.38300758259442,2.1866848473046314,,0.19463880427406752,0.22640047533264296,0.26989758397218716,0.01563778646139541,0.01563778646139541,0.01563778646139541,0.01563778646139541,0.01563778646139541,0.01563778646139541,0.01563778646139541,0.01563778646139541,0.01563778646139541,0.16832305826854366
162,family_green,medium,18.854776760937526,transit,7.251356367534721,0.9181148732451152,0.4688542498901204,0.907175395972692,False,Poblenou,41.400420745794634,2.2045815236637556,,0.013823667714847032,0.013823667714847032,0.013823667714847032,0.22653476753613755,0.013823667714847032,0.013823667714847032,0.23872011848488628,0.013823667714847032,0.013823667714847032,0.013823667714847032,0.19123920499994393,0.2190928995454089,0.013823667714847032
163,family_green,medium,17.1311880531892,transit,4.371192418422047,0.7287516074937497,0.7019076955039942,0.7722607527001434,True,Montjuic,41.36664947809965,2.153402659051714,,0.016252806721559755,0.016252806721559755,0.016252806721559755,0.16335041336895328,0.016252806721559755,0.016252806721559755,0.28054891587288977,0.016252806721559755,0.016252806721559755,0.016252806721559755,0.238054385265424,0.17177102499869515,0.016252806721559755
164,food_local_markets,low,7.362862795900724,walk,3.1780149455439886,0.3907467410777459,0.6067082638150161,0.3513734678644784,False,La Barceloneta,41.37173887953759,2.188521624042965,,0.014574919059186314,0.014574919059186314,0.014574919059186314,0.014574919059186314,0.2303711980176111,0.2505506582305828,0.014574919059186314,0.014574919059186314,0.22730154232005098,0.014574919059186314,0.014574919059186314,0.014574919059186314,0.16060232989907824
165,food_local_markets,high,44.03714893738087,walk,1.2818050833427068,0.5904874758984944,0.7862715944208152,0.8307648964306846,True,Sagrada Familia,41.40580781958522,2.1673415357904626,,0.015875137908074932,0.015875137908074932,0.015875137908074932,0.015875137908074932,0.25413951510332966,0.25351722749428407,0.015875137908074932,0.015875137908074932,0.16657769486228194,0.015875137908074932,0.015875137908074932,0.015875137908074932,0.18288932136742994
166,food_local_markets,low,5.382739060254889,bike,5.297415764132529,0.6196655277610528,0.665015678905571,0.495243547256223,False,Sagrada Familia,41.40066569462599,2.1718176135901692,,0.015390189625653347,0.015390189625653347,0.015390189625653347,0.015390189625653347,0.274093227578115,0.1853939983268068,0.015390189625653347,0.015390189625653347,0.24406605132470893,0.015390189625653347,0.015390189625653347,0.015390189625653347,0.15793501613948915
167,beach_nightlife,low,7.6106565746973835,bike,6.972619306116272,0.04599806508527226,0.07043498780815945,0.8268650429874754,False,La Barceloneta,41.379077500611736,2.1950801116711482,,0.016583789092060652,0.016583789092060652,0.016583789092060652,0.016583789092060652,0.016583789092060652,0.16988180266666614,0.27810105905064336,0.016583789092060652,0.22755189297712833,0.17521114347701627,0.016583789092060652,0.016583789092060652,0.016583789092060652
168,museum_culture,medium,11.272644510335528,mixed,4.698810458325067,0.6600602876547442,0.5861192378070991,0.7518306005462434,False,Vila de Gracia,41.40132351574173,2.158514601150096,,0.16113155977346813,0.016018988175123147,0.24989751679500904,0.016018988175123147,0.016018988175123147,0.016018988175123147,0.016018988175123147,0.016018988175123147,0.016018988175123147,0.016018988175123147,0.016018988175123147,0.23906951899060513,0.20573051086480937
169,architecture_fans,high,41.196198048361076,mixed,4.298335852097848,0.3643342480374656,0.13105440162474036,0.0377352008226048,False,La Barceloneta,41.38388774880443,2.191705156766873,,0.17627199716997285,0.25186591089428484,0.19210996954225004,0.017456607285854724,0.017456607285854724,0.017456607285854724,0.017456607285854724,0.22264265682079973,0.017456607285854724,0.017456607285854724,0.017456607285854724,0.017456607285854724,0.017456607285854724
170,museum_culture,medium,19.50307403382268,transit,6.810129097343666,0.6612194362754659,0.7631526963199446,0.2811763996982864,False,Gotic,41.38941932931901,2.1811380828097713,,0.16577021937539116,0.015329013841983456,0.2661561174272637,0.015329013841983456,0.015329013841983456,0.015329013841983456,0.015329013841983456,0.015329013841983456,0.015329013841983456,0.015329013841983456,0.015329013841983456,0.1615825226833905,0.2685300159361036
171,food_local_markets,medium,20.997922598951888,walk,1.2573797530252966,0.4192994996702695,0.7393143261726282,0.42558649890293004,False,Poblenou,41.40052453941178,2.20040590009859,,0.0145029501539733,0.0145029501539733,0.0145029501539733,0.0145029501539733,0.18144776178379865,0.2555072587971943,0.0145029501539733,0.0145029501539733,0.23108308869118596,0.0145029501539733,0.0145029501539733,0.0145029501539733,0.20143533934206137
172,history_religion,medium,19.459063837131552,taxi,13.957626353939078,0.26886344026310427,0.2587985266022972,0.3170395592414977,False,Sagrada Familia,41.40091540481947,2.1724895908266673,,0.1847586186180063,0.19666124608580193,0.21563691491900255,0.01565669775344249,0.01565669775344249,0.01565669775344249,0.01565669775344249,0.01565669775344249,0.01565669775344249,0.01565669775344249,0.01565669775344249,0.01565669775344249,0.2620329405962068
173,museum_culture,medium,15.948296342741937,transit,9.073991078191918,0.21060617924256997,0.6850070345127927,0.2790058820846357,False,Vila de Gracia,41.40335538954325,2.1547325768708285,,0.19219106505632846,0.01477841712194389,0.2564613521169171,0.01477841712194389,0.01477841712194389,0.01477841712194389,0.01477841712194389,0.01477841712194389,0.01477841712194389,0.01477841712194389,0.01477841712194389,0.1671059807396671,0.25123584798959225
174,history_religion,low,2.2438920744983992,walk,1.7911460359914528,0.5670319241178042,0.76021194326009,0.4016260948016455,False,Sagrada Familia,41.404583789237584,2.1742852868493006,,0.2363531322133371,0.24436940841799137,0.18418979743846653,0.01419461859100222,0.01419461859100222,0.01419461859100222,0.01419461859100222,0.01419461859100222,0.01419461859100222,0.01419461859100222,0.01419461859100222,0.01419461859100222,0.20733609461118505
175,food_local_markets,medium,23.107719329907432,walk,1.6099905229726705,0.31209592599711794,0.7032724920262907,0.597989983773253,True,Dreta Eixample,41.39191615828602,2.1639005109636575,,0.016176025934242316,0.016176025934242316,0.016176025934242316,0.016176025934242316,0.23734284957195573,0.18103921252286256,0.016176025934242316,0.016176025934242316,0.26845765868508825,0.016176025934242316,0.016176025934242316,0.016176025934242316,0.16757604581191263
176,food_local_markets,medium,15.760667941117697,mixed,4.049501716624313,0.7091709464599889,0.7759214820508037,0.9146595980956124,False,El Raval,41.37881451332945,2.1598543742399317,,0.014438728544661222,0.014438728544661222,0.014438728544661222,0.014438728544661222,0.2356877864045337,0.21784221061771675,0.014438728544661222,0.014438728544661222,0.2442398006865998,0.014438728544661222,0.014438728544661222,0.014438728544661222,0.17228164538919877
177,history_religion,medium,14.53992525383893,bike,5.634479735759471,0.6716381714643541,0.3066134317375729,0.2002785109534993,False,Montjuic,41.36398400973976,2.1603881114394037,,0.1842734284661249,0.21297600387570215,0.25715030679328116,0.016021369867711504,0.016021369867711504,0.016021369867711504,0.016021369867711504,0.016021369867711504,0.016021369867711504,0.016021369867711504,0.016021369867711504,0.016021369867711504,0.20140793205548832
178,family_green,medium,17.722619918718326,walk,1.2433841811355144,0.5799561976416953,0.6955389831803261,0.69265244721143,True,Dreta Eixample,41.38879188511016,2.164240622473681,,0.015468893558708317,0.015468893558708317,0.015468893558708317,0.23561886356162515,0.015468893558708317,0.015468893558708317,0.21427269145820052,0.015468893558708317,0.015468893558708317,0.015468893558708317,0.1939329816975923,0.21695542125420716,0.015468893558708317
179,architecture_fans,medium,19.889813130170367,transit,4.539571356302968,0.4627902976784113,0.3393509900732343,0.6059722513572002,True,Sarria,41.393109344476215,2.117450109585276,,0.23041884796568238,0.22804117845002878,0.14875838584645792,0.01459006655229252,0.01459006655229252,0.01459006655229252,0.01459006655229252,0.2614709887671982,0.01459006655229252,0.01459006655229252,0.01459006655229252,0.01459006655229252,0.01459006655229252
180,history_religion,medium,15.121207377808922,walk,2.7193424536604685,0.6077730325236793,0.4629513152962351,0.4046864462465871,False,Gotic,41.381432081984975,2.1802446961915627,,0.23743909061265098,0.22345580576405744,0.20453071578379584,0.013301836804116125,0.013301836804116125,0.013301836804116125,0.013301836804116125,0.013301836804116125,0.013301836804116125,0.013301836804116125,0.013301836804116125,0.013301836804116125,0.21485785660245058
181,food_local_markets,high,39.83510129193967,mixed,4.412712102083285,0.8256282240857202,0.7288508594131016,0.7560140959412825,False,Vila de Gracia,41.40341054487552,2.155219037030794,,0.015084642369423137,0.015084642369423137,0.015084642369423137,0.015084642369423137,0.16368413609329507,0.17712970365786485,0.015084642369423137,0.015084642369423137,0.25512820687362536,0.015084642369423137,0.015084642369423137,0.015084642369423137,0.26829617205040646
182,history_religion,medium,13.414587238948469,bike,4.647096843041179,0.633145197449582,0.17147571961176075,0.37351525298213306,False,Sagrada Familia,41.400605244506515,2.1747651750887016,,0.20491900245660372,0.21228580384242515,0.25573383082001117,0.016837778127302798,0.016837778127302798,0.016837778127302798,0.016837778127302798,0.016837778127302798,0.016837778127302798,0.016837778127302798,0.016837778127302798,0.016837778127302798,0.17552135973523475
183,history_religion,medium,19.450666635443778,walk,1.4123032526822537,0.24067389448131493,0.1731426031736824,0.2662107042520572,True,Sagrada Familia,41.39994177981282,2.1756028581672706,,0.2621082360889875,0.2342446686368761,0.20625333026836576,0.015123258259835664,0.015123258259835664,0.015123258259835664,0.015123258259835664,0.015123258259835664,0.015123258259835664,0.015123258259835664,0.015123258259835664,0.015123258259835664,0.1612844406672497
184,family_green,medium,21.957494660424125,transit,9.455638342811906,0.6799668499229825,0.6300885468438363,0.6778671193273161,True,Gotic,41.380963706127424,2.1775739122671864,,0.015066056750267579,0.015066056750267579,0.015066056750267579,0.20750465667077206,0.015066056750267579,0.015066056750267579,0.18013734891028987,0.015066056750267579,0.015066056750267579,0.015066056750267579,0.238476832833557,0.23828665083297282,0.015066056750267579
185,beach_nightlife,medium,22.005891861408646,bike,5.413973752565939,0.11665245052128026,0.5854773460878567,0.714126473217429,False,Poblenou,41.40242354025814,2.209806407490525,,0.01598290274175887,0.01598290274175887,0.01598290274175887,0.01598290274175887,0.01598290274175887,0.20391194379202246,0.23231841987965007,0.01598290274175887,0.23531553637880642,0.18460797527369116,0.01598290274175887,0.01598290274175887,0.01598290274175887
186,food_local_markets,low,8.114793114387245,transit,6.871329001203007,0.6576247825579272,0.25867494747790204,0.360097429933353,False,Gotic,41.3793392610914,2.174571552958188,,0.01669496184012279,0.01669496184012279,0.01669496184012279,0.01669496184012279,0.2710111206558799,0.19708575887947605,0.01669496184012279,0.01669496184012279,0.17651079662253652,0.01669496184012279,0.01669496184012279,0.01669496184012279,0.20513766728100247
187,architecture_fans,medium,9.200455640217776,mixed,3.6648263701958355,0.32843783521395237,0.2838365179078689,0.2769388383987245,False,Sagrada Familia,41.3988023926967,2.1618253347919008,,0.23061084741420604,0.17691270738610115,0.21983770455013016,0.015101688348451629,0.015101688348451629,0.015101688348451629,0.015101688348451629,0.236723545513498,0.015101688348451629,0.015101688348451629,0.015101688348451629,0.015101688348451629,0.015101688348451629
188,family_green,medium,17.580887392490183,transit,4.286045796924998,0.5939125097825496,0.9796946378048241,0.8445119175017897,True,Dreta Eixample,41.38530893067894,2.163465570585845,,0.017149056709274718,0.017149056709274718,0.017149056709274718,0.19638474904566688,0.017149056709274718,0.017149056709274718,0.19721846638906015,0.017149056709274718,0.017149056709274718,0.017149056709274718,0.21482026347960165,0.23723501070219885,0.017149056709274718
189,beach_nightlife,medium,14.883854082769325,walk,1.3059492702350395,0.21952362813895315,0.2145495610945901,0.7982151024208792,False,Poblenou,41.39439831839112,2.2030199824893826,,0.015003321058498487,0.015003321058498487,0.015003321058498487,0.015003321058498487,0.015003321058498487,0.1829982846794733,0.21633406132002317,0.015003321058498487,0.2298393175420738,0.23579844693194332,0.015003321058498487,0.015003321058498487,0.015003321058498487
190,family_green,medium,16.257065170225065,walk,2.1521709653873593,0.5297924414209382,0.9720177184495205,0.8147073263259214,False,Montjuic,41.37493769675677,2.1504685379418094,,0.016414716946288994,0.016414716946288994,0.016414716946288994,0.20373443306432557,0.016414716946288994,0.016414716946288994,0.18225583036132087,0.016414716946288994,0.016414716946288994,0.016414716946288994,0.21599678140289752,0.250280502654855,0.016414716946288994
191,architecture_fans,high,55.0,transit,10.63910273986827,0.4192535173527303,0.33197489471708486,0.3224265804543832,False,Gotic,41.38749930332851,2.1795530307148785,,0.23177956637668812,0.1837356111995845,0.20695656613704444,0.015367272887513545,0.015367272887513545,0.015367272887513545,0.015367272887513545,0.23922280029906104,0.015367272887513545,0.015367272887513545,0.015367272887513545,0.015367272887513545,0.015367272887513545
192,family_green,medium,22.27192330339186,bike,5.288465607714351,0.900356747342955,0.4598931568395451,0.8607363445687007,True,Dreta Eixample,41.393004498971415,2.1713254446025227,,0.015576024339953656,0.015576024339953656,0.015576024339953656,0.2156853350844958,0.015576024339953656,0.015576024339953656,0.1832835562619129,0.015576024339953656,0.015576024339953656,0.015576024339953656,0.2419882875429191,0.21885860205108923,0.015576024339953656
193,museum_culture,high,47.81832917313754,transit,6.2592052529176945,0.9018724248481439,0.4886443403098188,0.4090830882401837,False,Vila de Gracia,41.39642387926533,2.1565476440649944,,0.22280244176899533,0.016985298917984063,0.22528275855235666,0.016985298917984063,0.016985298917984063,0.016985298917984063,0.016985298917984063,0.016985298917984063,0.016985298917984063,0.016985298917984063,0.016985298917984063,0.20732419944006017,0.19172290997673133
194,museum_culture,medium,15.69032405366485,bike,5.43984100097446,0.5107437321511145,0.2237578217837015,0.2830001339635735,False,Dreta Eixample,41.39153678671571,2.1651687244386157,,0.23209602063265203,0.01414755998336955,0.20163156043521577,0.01414755998336955,0.01414755998336955,0.01414755998336955,0.01414755998336955,0.01414755998336955,0.01414755998336955,0.01414755998336955,0.01414755998336955,0.23010591109488604,0.20883846798692018
195,family_green,medium,8.550736704849408,transit,6.665369206650316,0.3015667403741668,0.882861025437853,0.7222570024831464,False,El Raval,41.37474207498364,2.1656634090135416,,0.01610673140792808,0.01610673140792808,0.01610673140792808,0.24181424769459525,0.01610673140792808,0.01610673140792808,0.17019022753858412,0.01610673140792808,0.01610673140792808,0.01610673140792808,0.24111560162472875,0.20191934047073912,0.01610673140792808
196,museum_culture,medium,16.826615920388697,transit,6.457959961050636,0.557679889508606,0.6000223033846911,0.40519673141201934,False,Les Corts,41.385106841111785,2.123616171361575,,0.1943071211064084,0.016482974703280334,0.24335459973942214,0.016482974703280334,0.016482974703280334,0.016482974703280334,0.016482974703280334,0.016482974703280334,0.016482974703280334,0.016482974703280334,0.016482974703280334,0.22695726124051513,0.18703424558413131
197,history_religion,medium,12.505377172047288,transit,10.368030642119692,0.5515443218745584,0.6945483443151058,0.1755845543222444,False,Gotic,41.38566543477012,2.174904909275195,,0.2357875724294009,0.18339864537638534,0.22714291283289217,0.013585530846616551,0.013585530846616551,0.013585530846616551,0.013585530846616551,0.013585530846616551,0.013585530846616551,0.013585530846616551,0.013585530846616551,0.013585530846616551,0.23140109174177262
198,family_green,medium,28.531201488516665,transit,6.166530706350213,0.8827171039166414,0.691659115004327,0.8014048363381324,True,Gotic,41.38352062157228,2.1731983715039584,,0.014828059653364777,0.014828059653364777,0.014828059653364777,0.26677358431102793,0.014828059653364777,0.014828059653364777,0.1755229848640085,0.014828059653364777,0.014828059653364777,0.014828059653364777,0.17743667529371976,0.24681421865096081,0.014828059653364777
199,architecture_fans,high,46.452878792332854,transit,8.909948467375346,0.3709521223350099,0.4518029183640302,0.19767338265095477,False,Poblenou,41.39885664490155,2.201126919978779,,0.2271279410398766,0.2064603190159308,0.20007042273334757,0.01619402369141284,0.01619402369141284,0.01619402369141284,0.01619402369141284,0.22059510398812948,0.01619402369141284,0.01619402369141284,0.01619402369141284,0.01619402369141284,0.01619402369141284
200,food_local_markets,high,46.98481688208716,transit,6.046582176425373,0.7180784744554204,0.795391976091419,0.7550238232616459,False,Vila de Gracia,41.398083643335404,2.153846602233342,,0.013876122259847069,0.013876122259847069,0.013876122259847069,0.013876122259847069,0.2004394233010808,0.24919552644826912,0.013876122259847069,0.013876122259847069,0.21019130764414934,0.013876122259847069,0.013876122259847069,0.013876122259847069,0.21528864226787717
201,beach_nightlife,high,32.30076101318272,bike,3.591200990299878,0.4364919990866909,0.17583602410929258,0.8692397900937686,False,Poblenou,41.394644899491034,2.205477989089239,,0.015640128153063343,0.015640128153063343,0.015640128153063343,0.015640128153063343,0.015640128153063343,0.19479264614909533,0.2197310576798779,0.015640128153063343,0.21040979810663385,0.23430534468682282,0.015640128153063343,0.015640128153063343,0.015640128153063343
202,food_local_markets,medium,19.173230938523798,bike,4.3552726191689235,0.23738450447380813,0.6597311088472269,0.49360875151029077,False,Sant Andreu,41.4347081646204,2.193423726312437,,0.01353770251451025,0.01353770251451025,0.01353770251451025,0.01353770251451025,0.23240482760958817,0.22580285774228714,0.01353770251451025,0.01353770251451025,0.2322300018822944,0.01353770251451025,0.01353770251451025,0.01353770251451025,0.18772299013523802
203,history_religion,medium,8.568475360083102,transit,5.543124222842169,0.7970285997811221,0.43273146512647437,0.053910723334669834,True,Gotic,41.38795558733641,2.170415023860372,,0.2672777986178068,0.24019064467798598,0.16606908478717622,0.016006880662684148,0.016006880662684148,0.016006880662684148,0.016006880662684148,0.016006880662684148,0.016006880662684148,0.016006880662684148,0.016006880662684148,0.016006880662684148,0.18240054595287372
204,architecture_fans,medium,18.155892243323144,transit,8.698200768977788,0.5456403648685724,0.3287220857150365,0.49855824981853636,False,Dreta Eixample,41.39193762998394,2.1607062894298616,,0.2062499048204556,0.2440459109934229,0.1942447568172073,0.015227670569083425,0.015227670569083425,0.015227670569083425,0.015227670569083425,0.21841039224716335,0.015227670569083425,0.015227670569083425,0.015227670569083425,0.015227670569083425,0.015227670569083425
205,history_religion,low,5.628936774293898,transit,5.2622402134131185,0.575564226365093,0.7003289980266288,0.3050279588781176,True,Gotic,41.38674109950588,2.181518926799286,,0.1830553440394611,0.24577144514548765,0.18362081983581863,0.01696509059683114,0.01696509059683114,0.01696509059683114,0.01696509059683114,0.01696509059683114,0.01696509059683114,0.01696509059683114,0.01696509059683114,0.01696509059683114,0.2348665756077524
206,food_local_markets,low,7.073119328801749,walk,1.7425521846186935,0.45308149993383157,0.7151789583382222,0.7825020981531143,False,Les Corts,41.38843515908612,2.129248020247667,,0.016106885901368693,0.016106885901368693,0.016106885901368693,0.016106885901368693,0.18702756191128658,0.22670633689140107,0.016106885901368693,0.016106885901368693,0.2669710491866024,0.016106885901368693,0.016106885901368693,0.016106885901368693,0.17433307889839167
207,food_local_markets,low,7.162775672850155,transit,10.26208427341485,0.7109223545867921,0.6814314504710245,0.15823537429355805,False,La Barceloneta,41.37844189012092,2.1881068696059347,,0.01378616966566277,0.01378616966566277,0.01378616966566277,0.01378616966566277,0.22887586209059949,0.23439155329885125,0.01378616966566277,0.01378616966566277,0.17997849044306213,0.01378616966566277,0.01378616966566277,0.01378616966566277,0.23267856717652216
208,beach_nightlife,medium,21.307391973227407,walk,2.8822059970823664,0.1233027116148858,0.3648749593601572,0.9088720009139928,False,Dreta Eixample,41.38333102675152,2.1646870368054434,,0.01620712295571849,0.01620712295571849,0.01620712295571849,0.01620712295571849,0.01620712295571849,0.19607911029292852,0.29061291016797425,0.01620712295571849,0.1740721423634487,0.19337173057418208,0.01620712295571849,0.01620712295571849,0.01620712295571849
209,food_local_markets,medium,14.670238021203541,bike,3.549027207460109,0.613478835266055,0.4281131668025361,0.4757075727452468,False,Sarria,41.40024121434641,2.1169910885021013,,0.01707267666477485,0.01707267666477485,0.01707267666477485,0.01707267666477485,0.1763475288734719,0.28870919921429494,0.01707267666477485,0.01707267666477485,0.190720896372436,0.01707267666477485,0.01707267666477485,0.01707267666477485,0.19056828555682354
210,family_green,high,28.494410487037303,transit,10.360884799176839,0.8183712294208952,0.8199760736457031,0.7842857895457072,False,El Raval,41.379624392508624,2.1632563307624344,,0.014439326939749883,0.014439326939749883,0.014439326939749883,0.2213466402628645,0.014439326939749883,0.014439326939749883,0.16793294990629484,0.014439326939749883,0.014439326939749883,0.014439326939749883,0.23088339609210892,0.24988307128098283,0.014439326939749883
211,beach_nightlife,medium,19.835721884431027,mixed,8.569842798582743,0.2621621250416161,0.3984383049658705,0.8356055984978905,False,Dreta Eixample,41.39997929299391,2.1623956781457103,,0.015461577429837845,0.015461577429837845,0.015461577429837845,0.015461577429837845,0.015461577429837845,0.23504223368311003,0.1583536667677348,0.015461577429837845,0.23894808391199374,0.22850181876862086,0.015461577429837845,0.015461577429837845,0.015461577429837845
212,history_religion,medium,26.547673078131343,mixed,4.314700044507807,0.42170137408610303,0.559234654844113,0.1215034386276131,False,Poblenou,41.395434390487786,2.197850115226477,,0.2465070163016944,0.20043987917364392,0.16420370846263987,0.015900912246374754,0.015900912246374754,0.015900912246374754,0.015900912246374754,0.015900912246374754,0.015900912246374754,0.015900912246374754,0.015900912246374754,0.015900912246374754,0.24574118584464902
213,architecture_fans,medium,15.645630601421196,transit,10.105453114664977,0.5763788821124247,0.4415161757900061,0.36290566468649693,False,El Raval,41.37722077105142,2.1722330456370695,,0.2396050647944887,0.2569126694394979,0.14786237771557587,0.014714545215036092,0.014714545215036092,0.014714545215036092,0.014714545215036092,0.22318898111511268,0.014714545215036092,0.014714545215036092,0.014714545215036092,0.014714545215036092,0.014714545215036092
214,museum_culture,high,45.90627522482127,transit,7.501162880140224,0.7663512224663627,0.3892076485849112,0.5519496651039854,False,La Barceloneta,41.379355203023074,2.1948039637551138,,0.23940867266782054,0.01674281475624678,0.2145813426121312,0.01674281475624678,0.01674281475624678,0.01674281475624678,0.01674281475624678,0.01674281475624678,0.01674281475624678,0.01674281475624678,0.01674281475624678,0.16821171433002016,0.22711293758380705
215,family_green,medium,13.928562234633588,taxi,10.406716868045825,0.7053881217126993,0.6787112850834134,0.8644909429480365,True,La Barceloneta,41.381814970009806,2.196150280483226,,0.015454235198207319,0.015454235198207319,0.015454235198207319,0.18022490912045783,0.015454235198207319,0.015454235198207319,0.238971269011107,0.015454235198207319,0.015454235198207319,0.015454235198207319,0.27131218633260107,0.1704035187519683,0.015454235198207319
216,architecture_fans,medium,22.957180466587566,taxi,6.9762983510184196,0.41139862266348337,0.5789837461481182,0.24783476059430573,True,Dreta Eixample,41.38405599548366,2.164669720950378,,0.22617114436312485,0.2187071926235962,0.185081793042251,0.0181662453712873,0.0181662453712873,0.0181662453712873,0.0181662453712873,0.20654366162944215,0.0181662453712873,0.0181662453712873,0.0181662453712873,0.0181662453712873,0.0181662453712873
217,food_local_markets,low,6.973777138006659,mixed,5.175113290822415,0.45070164036880245,0.7670098144015249,0.6949477970186316,False,Dreta Eixample,41.39576990645433,2.1698006458203993,,0.014836986254671591,0.014836986254671591,0.014836986254671591,0.014836986254671591,0.2283141381181053,0.1993406531973158,0.014836986254671591,0.014836986254671591,0.25700577453558776,0.014836986254671591,0.014836986254671591,0.014836986254671591,0.18180655785694677
218,history_religion,low,8.169835999493408,mixed,5.0588257490607935,0.36647902044571273,0.42096071215720426,0.4137875343730521,False,Sagrada Familia,41.40652597723922,2.169106298292947,,0.2353999925523669,0.2293642724861675,0.20891443586219063,0.015318169537434987,0.015318169537434987,0.015318169537434987,0.015318169537434987,0.015318169537434987,0.015318169537434987,0.015318169537434987,0.015318169537434987,0.015318169537434987,0.18845777326236007
219,architecture_fans,medium,12.002455862211216,transit,11.153027193619035,0.7326336652693725,0.3077777309813117,0.21777534489117123,False,Dreta Eixample,41.38906166524469,2.165295661915052,,0.22047188793974032,0.1984097396263368,0.2659822072850232,0.015736902519488272,0.015736902519488272,0.015736902519488272,0.015736902519488272,0.17350404247350526,0.015736902519488272,0.015736902519488272,0.015736902519488272,0.015736902519488272,0.015736902519488272
220,museum_culture,medium,9.988626363245027,transit,9.887695917924331,0.34513255418212346,0.574089264672903,0.4064870422672284,False,Dreta Eixample,41.38831861192937,2.171931065866723,,0.2246924739320525,0.015394385917875657,0.204895788034564,0.015394385917875657,0.015394385917875657,0.015394385917875657,0.015394385917875657,0.015394385917875657,0.015394385917875657,0.015394385917875657,0.015394385917875657,0.2194200530633124,0.21244221170919012
221,architecture_fans,high,34.173782895934444,transit,7.561505318539626,0.45292141191217034,0.2932164425278562,0.6868721750288777,True,Sagrada Familia,41.40007348927009,2.176941637204073,,0.2364763060298584,0.1575634858551584,0.23309079396288704,0.01562636099522587,0.01562636099522587,0.01562636099522587,0.01562636099522587,0.23223216519506337,0.01562636099522587,0.01562636099522587,0.01562636099522587,0.01562636099522587,0.01562636099522587
222,family_green,medium,14.996516861153316,transit,6.756577685281567,0.7917411258757782,0.4641790134657949,0.6669940819017044,True,Dreta Eixample,41.382898547251614,2.1605373601025226,,0.016219068299863734,0.016219068299863734,0.016219068299863734,0.21858169553890233,0.016219068299863734,0.016219068299863734,0.1859000649757761,0.016219068299863734,0.016219068299863734,0.016219068299863734,0.17273498397065648,0.2768116408158915,0.016219068299863734
223,food_local_markets,medium,13.062411100756528,walk,1.666715501041527,0.6677912170021537,0.551863008211787,0.6866955075745487,False,Poblenou,41.39975849345622,2.1981601860399422,,0.014783266036552624,0.014783266036552624,0.014783266036552624,0.014783266036552624,0.21277739028205028,0.19060770654309844,0.014783266036552624,0.014783266036552624,0.2547204881965735,0.014783266036552624,0.014783266036552624,0.014783266036552624,0.20884502064930424
224,architecture_fans,medium,17.674191909296546,transit,11.073070672311834,0.46920097396470106,0.3409314968619743,0.1261675586846444,False,El Raval,41.37717957444462,2.1714744865015643,,0.24559122201145464,0.1488742149600853,0.2402706669997149,0.01427403355634894,0.01427403355634894,0.01427403355634894,0.01427403355634894,0.23679759402160477,0.01427403355634894,0.01427403355634894,0.01427403355634894,0.01427403355634894,0.01427403355634894
225,architecture_fans,low,6.751334358302198,transit,7.901836168632232,0.45940698312320727,0.4528807686048461,0.1716820305374423,False,Poblenou,41.402884790237806,2.208299183860685,,0.1504451735430879,0.23395238040134236,0.24403484759080982,0.014262259614684959,0.014262259614684959,0.014262259614684959,0.014262259614684959,0.24320726193259537,0.014262259614684959,0.014262259614684959,0.014262259614684959,0.014262259614684959,0.014262259614684959
226,family_green,medium,19.965704515737123,transit,6.928575876183945,0.7655185898691017,0.6968413616636169,0.7407056620744799,False,Vila de Gracia,41.402855353406636,2.1551675009364653,,0.013809344960223478,0.013809344960223478,0.013809344960223478,0.24510487786423388,0.013809344960223478,0.013809344960223478,0.2449682029460234,0.013809344960223478,0.013809344960223478,0.013809344960223478,0.2434839600298597,0.1421588545178717,0.013809344960223478
227,history_religion,medium,18.157870611406913,walk,2.6018244403058937,0.42976630684857414,0.5463595625625971,0.037961339251535615,False,Sagrada Familia,41.396854093175236,2.1724604000288847,,0.21956584152755138,0.23895277105007084,0.24091801873024535,0.015256262301668449,0.015256262301668449,0.015256262301668449,0.015256262301668449,0.015256262301668449,0.015256262301668449,0.015256262301668449,0.015256262301668449,0.015256262301668449,0.16325700797711637
228,museum_culture,high,22.09699336318923,mixed,4.461411334833341,0.7112246337606719,0.2668941337459333,0.4969243695994168,False,Montjuic,41.372073663220725,2.1482789868670302,,0.2347455908900721,0.014596607282985754,0.2166421867906257,0.014596607282985754,0.014596607282985754,0.014596607282985754,0.014596607282985754,0.014596607282985754,0.014596607282985754,0.014596607282985754,0.014596607282985754,0.20537553521944743,0.211867221552983
229,family_green,medium,15.223870279148974,walk,2.4959314182202683,0.6360692847265168,0.8915529834775363,0.46374981296409523,True,Gotic,41.38186751603033,2.169716795311644,,0.014921608695169652,0.014921608695169652,0.014921608695169652,0.17884107619887887,0.014921608695169652,0.014921608695169652,0.21193303275626155,0.014921608695169652,0.014921608695169652,0.014921608695169652,0.23119232525016722,0.2437390875381655,0.014921608695169652
230,family_green,medium,29.005515693772967,transit,7.519333108572668,0.8778763919359401,0.740149320947926,0.8472019339589291,True,Montjuic,41.36938561690877,2.158578373355309,,0.017107110204233767,0.017107110204233767,0.017107110204233767,0.17431425459913158,0.017107110204233767,0.017107110204233767,0.20545824806027846,0.017107110204233767,0.017107110204233767,0.017107110204233767,0.28926071458136965,0.17700279092111634,0.017107110204233767
231,beach_nightlife,medium,18.761501862736598,transit,6.767158810876138,0.3934111632890093,0.3474706378530058,0.5074902174016003,False,Gotic,41.38468112839396,2.1694581278017067,,0.01581818563030856,0.01581818563030856,0.01581818563030856,0.01581818563030856,0.01581818563030856,0.2483450854526141,0.23504374311506104,0.01581818563030856,0.19374273302241535,0.1805047677371324,0.01581818563030856,0.01581818563030856,0.01581818563030856
232,history_religion,low,8.736944643002392,mixed,5.061749228258273,0.7363783216907462,0.32338159178171133,0.6991481446125242,True,El Raval,41.38275254769323,2.1698987266129155,,0.1838078593654829,0.1691049622394837,0.27111364710257363,0.016548881749152644,0.016548881749152644,0.016548881749152644,0.016548881749152644,0.016548881749152644,0.016548881749152644,0.016548881749152644,0.016548881749152644,0.016548881749152644,0.22703359555008593
233,museum_culture,medium,24.01891076512723,transit,5.935763664862135,0.6578686129746358,0.3971037373923192,0.7307051614173049,False,Gotic,41.385169641795194,2.17676704035149,,0.23802620008687922,0.014392528827793813,0.23827113650122503,0.014392528827793813,0.014392528827793813,0.014392528827793813,0.014392528827793813,0.014392528827793813,0.014392528827793813,0.014392528827793813,0.014392528827793813,0.14921448471890442,0.24495541924284706
234,museum_culture,medium,19.960151990287613,bike,4.570130793466129,0.24433073709050637,0.515731278610678,0.22874362714167978,False,El Raval,41.38284147481069,2.1667199651239386,,0.22728844002005852,0.01663448687259142,0.22699297435622945,0.01663448687259142,0.01663448687259142,0.01663448687259142,0.01663448687259142,0.01663448687259142,0.01663448687259142,0.01663448687259142,0.01663448687259142,0.22359764876385982,0.17241055500652944
235,family_green,medium,19.70845442979082,transit,6.087733391745803,0.8340174997991441,0.513769075516849,0.7077373816761803,True,Gotic,41.37633851100916,2.178330647075555,,0.015524410509628363,0.015524410509628363,0.015524410509628363,0.19808549584206755,0.015524410509628363,0.015524410509628363,0.17514919130235235,0.015524410509628363,0.015524410509628363,0.015524410509628363,0.24909804776024627,0.23794757050867862,0.015524410509628363
236,food_local_markets,medium,25.1953754174311,bike,6.1683790382226515,0.8593454425321291,0.6031336460466796,0.5276617120060032,False,Gotic,41.38375317121752,2.18033644762502,,0.01777988018905249,0.01777988018905249,0.01777988018905249,0.01777988018905249,0.258757484564188,0.19470504840308758,0.01777988018905249,0.01777988018905249,0.18646945687635,0.01777988018905249,0.01777988018905249,0.01777988018905249,0.20004908845490194
237,food_local_markets,medium,24.623684828136255,transit,11.000683589295837,0.4915115116082175,0.6130058353318691,0.41822473531824234,False,Vila de Gracia,41.402410084902066,2.1565899211846147,,0.016686439043221202,0.016686439043221202,0.016686439043221202,0.016686439043221202,0.18245510815129884,0.1871131328621938,0.016686439043221202,0.016686439043221202,0.1900687727111745,0.016686439043221202,0.016686439043221202,0.016686439043221202,0.29018503488634206
238,history_religion,medium,27.991444916706673,taxi,15.013257958679688,0.5998319921050546,0.38535520027286724,0.3975248875141923,False,Dreta Eixample,41.398495897981086,2.166635076488858,,0.2030560472660894,0.28892065580302856,0.17586089948311898,0.017205313230113796,0.017205313230113796,0.017205313230113796,0.017205313230113796,0.017205313230113796,0.017205313230113796,0.017205313230113796,0.017205313230113796,0.017205313230113796,0.17731457837673897
239,architecture_fans,medium,19.569825762496073,mixed,6.810679211849827,0.8292326178619759,0.2968023779450974,0.4273223095005756,False,Gotic,41.382930012831686,2.183129448054686,,0.21155861496438008,0.2771456895240605,0.1735225426436049,0.016448532597150754,0.016448532597150754,0.016448532597150754,0.016448532597150754,0.18973635949359777,0.016448532597150754,0.016448532597150754,0.016448532597150754,0.016448532597150754,0.016448532597150754
240,architecture_fans,medium,8.801725050987677,walk,3.0408671724098078,0.10345086894304344,0.5399799718447997,0.3953263321399023,False,El Raval,41.37390673142591,2.1719733795677,,0.2276567756632189,0.1825433033084603,0.22661685742335072,0.013585090284467603,0.013585090284467603,0.013585090284467603,0.013585090284467603,0.2409172510447617,0.013585090284467603,0.013585090284467603,0.013585090284467603,0.013585090284467603,0.013585090284467603
241,museum_culture,low,10.815271940884053,transit,5.593864667070111,0.5825690198631475,0.6230401528472259,0.12584124743718705,False,El Raval,41.387305212799944,2.1703500708534684,,0.2524699441493863,0.017681930294683314,0.17758596312760522,0.017681930294683314,0.017681930294683314,0.017681930294683314,0.017681930294683314,0.017681930294683314,0.017681930294683314,0.017681930294683314,0.017681930294683314,0.21748721765469547,0.1933195024161633
242,family_green,medium,18.90479978710566,transit,6.728364666892257,0.3233500668563391,0.5167057740434574,0.8150536336668696,False,El Raval,41.37994423018101,2.16473525851171,,0.017156106212870056,0.017156106212870056,0.017156106212870056,0.21040694554386408,0.017156106212870056,0.017156106212870056,0.22955104390828593,0.017156106212870056,0.017156106212870056,0.017156106212870056,0.2207586871338519,0.18487836749816755,0.017156106212870056
243,food_local_markets,low,7.093952392598996,mixed,7.136021163527357,0.5966929333776535,0.4467809208580355,0.5782425491400813,False,Dreta Eixample,41.396057881843284,2.164239203363478,,0.016684846724434287,0.016684846724434287,0.016684846724434287,0.016684846724434287,0.22435071251404065,0.2164361485648417,0.016684846724434287,0.016684846724434287,0.23730075337527842,0.016684846724434287,0.016684846724434287,0.016684846724434287,0.17174876502593073
244,beach_nightlife,medium,13.963780972702919,transit,10.036210244324213,0.37339703263691076,0.36753668929179834,0.8386622691900468,False,La Barceloneta,41.37522102101474,2.1925062622068463,,0.01662362325825617,0.01662362325825617,0.01662362325825617,0.01662362325825617,0.01662362325825617,0.20479062112276494,0.2563169379157249,0.01662362325825617,0.17041097228667967,0.218868859350525,0.01662362325825617,0.01662362325825617,0.01662362325825617
245,beach_nightlife,low,7.998045201435488,walk,1.557419232333768,0.13401590420933432,0.19798018471252324,0.9495962468064146,False,Vila de Gracia,41.39708793847227,2.152646671718122,,0.016455328746837472,0.016455328746837472,0.016455328746837472,0.016455328746837472,0.016455328746837472,0.21090239252287069,0.27230263580613545,0.016455328746837472,0.17443825101809926,0.19425876193135724,0.016455328746837472,0.016455328746837472,0.016455328746837472
246,food_local_markets,medium,27.060169455393925,transit,9.48050868715155,0.7916655365642846,0.7271948912762025,0.6846897703867831,False,Gotic,41.38182461874687,2.1781577998299815,,0.015927265739242382,0.015927265739242382,0.015927265739242382,0.015927265739242382,0.22071275897989895,0.17338295852941693,0.015927265739242382,0.015927265739242382,0.272026952787281,0.015927265739242382,0.015927265739242382,0.015927265739242382,0.19053193805022164
247,architecture_fans,low,5.5975480147371295,transit,9.238271081238352,0.5488921634079192,0.2576051249060248,0.5175608379255745,True,Poblenou,41.39846736577881,2.202052817759569,,0.16469870086955504,0.22311531822049838,0.2573578919728321,0.015402314796217514,0.015402314796217514,0.015402314796217514,0.015402314796217514,0.21620725577115693,0.015402314796217514,0.015402314796217514,0.015402314796217514,0.015402314796217514,0.015402314796217514
248,museum_culture,medium,17.317631440608235,transit,11.499696950965673,0.5955455392280953,0.7164558334082882,0.32023131227847745,False,Sarria,41.398528235668174,2.1251132142065714,,0.23934662877972807,0.0152689654341554,0.195369029840759,0.0152689654341554,0.0152689654341554,0.0152689654341554,0.0152689654341554,0.0152689654341554,0.0152689654341554,0.0152689654341554,0.0152689654341554,0.25602378283949223,0.17183986963262213
249,museum_culture,low,5.72686134524033,transit,8.72049532282665,0.38446654972115696,0.30994099593508945,0.6895297079126572,False,Sagrada Familia,41.40627929368366,2.163732330087868,,0.2260880735067452,0.016847863171592082,0.2195676971956707,0.016847863171592082,0.016847863171592082,0.016847863171592082,0.016847863171592082,0.016847863171592082,0.016847863171592082,0.016847863171592082,0.016847863171592082,0.18882003481735873,0.21389342593589658
250,family_green,high,39.833462678273385,mixed,4.854097392433764,0.7182611795899954,0.8436484860066339,0.93696894576931,True,La Barceloneta,41.38401983901266,2.1840946053278025,,0.015620468415236581,0.015620468415236581,0.015620468415236581,0.17233112114558594,0.015620468415236581,0.015620468415236581,0.26482414939520316,0.015620468415236581,0.015620468415236581,0.015620468415236581,0.22119224072838112,0.2010682729937005,0.015620468415236581
251,food_local_markets,low,5.757246783904978,transit,9.49293365772434,0.6689733015204675,0.5350138011972446,0.5212564078374236,True,Sant Andreu,41.43747553841391,2.191134663595856,,0.01651710024984194,0.01651710024984194,0.01651710024984194,0.01651710024984194,0.2941688009935604,0.18213448254331635,0.01651710024984194,0.01651710024984194,0.1832277568113501,0.01651710024984194,0.01651710024984194,0.01651710024984194,0.19181505740319565
252,family_green,medium,17.500773130642816,transit,10.31289659055565,0.6721574876063646,0.6262034775623868,0.7860469234780997,False,Gotic,41.37863343428536,2.172153092612965,,0.015248439241537825,0.015248439241537825,0.015248439241537825,0.26798056787531804,0.015248439241537825,0.015248439241537825,0.21766059890717954,0.015248439241537825,0.015248439241537825,0.015248439241537825,0.20542754395501353,0.1716953360886485,0.015248439241537825
253,food_local_markets,low,7.02469091485228,transit,7.388671632582925,0.5350843896711849,0.5696092963149174,0.6025617568294308,False,La Barceloneta,41.37931190948545,2.1868063275001264,,0.014946004198639675,0.014946004198639675,0.014946004198639675,0.014946004198639675,0.25161072347430274,0.1870280176021153,0.014946004198639675,0.014946004198639675,0.20863376134491757,0.014946004198639675,0.014946004198639675,0.014946004198639675,0.2182134597909073
254,museum_culture,high,42.97952837407572,bike,4.112492445873427,0.27560967179758733,0.756256620015145,0.4984803476457926,False,Dreta Eixample,41.38797646964789,2.165196974538768,,0.17804690081606087,0.014674784948099852,0.2307021795246117,0.014674784948099852,0.014674784948099852,0.014674784948099852,0.014674784948099852,0.014674784948099852,0.014674784948099852,0.014674784948099852,0.014674784948099852,0.24715996779825808,0.21201788732817065
255,history_religion,medium,28.487553070222837,mixed,5.409120496081657,0.3183087669313411,0.5965047509620128,0.1470362096606323,False,Sarria,41.40096673562788,2.1261858888008303,,0.27796841620043927,0.1575876914617605,0.1874127502963729,0.015503970268929697,0.015503970268929697,0.015503970268929697,0.015503970268929697,0.015503970268929697,0.015503970268929697,0.015503970268929697,0.015503970268929697,0.015503970268929697,0.23749540962106003
256,beach_nightlife,low,9.878671542422753,walk,2.216547417596437,0.14350299014205717,0.30566114914773573,0.888661992281295,False,Dreta Eixample,41.38445720523829,2.1664173566651366,,0.015192572106363994,0.015192572106363994,0.015192572106363994,0.015192572106363994,0.015192572106363994,0.20898235260704742,0.2433372315222303,0.015192572106363994,0.24085065199974467,0.17009661491370162,0.015192572106363994,0.015192572106363994,0.015192572106363994
257,family_green,low,6.622262301391047,taxi,9.85096021705321,0.7700764220305624,0.8904690213276917,0.9190774649317438,True,El Raval,41.38550254160511,2.175985759403646,,0.013998000727944337,0.013998000727944337,0.013998000727944337,0.23990403313815406,0.013998000727944337,0.013998000727944337,0.16760442983863588,0.013998000727944337,0.013998000727944337,0.013998000727944337,0.22316918318355541,0.24334034728815565,0.013998000727944337
258,food_local_markets,low,6.21927135080067,walk,2.486871568187809,0.3294832078882715,0.45236126044234326,0.6730032112041083,False,El Raval,41.38949780557924,2.1745420859545774,,0.015005114080869592,0.015005114080869592,0.015005114080869592,0.015005114080869592,0.23291913545061832,0.2026504627326752,0.015005114080869592,0.015005114080869592,0.21027757735713956,0.015005114080869592,0.015005114080869592,0.015005114080869592,0.21910679773174063
259,family_green,high,44.69538228499301,transit,8.088856465962559,0.8642958201824434,0.5644013791447625,0.8532054696351233,True,Dreta Eixample,41.39883244366486,2.1651916995668685,,0.01434843525532832,0.01434843525532832,0.01434843525532832,0.23569882269499373,0.01434843525532832,0.01434843525532832,0.25821651967695897,0.01434843525532832,0.01434843525532832,0.01434843525532832,0.19339407423817256,0.18355466609191992,0.01434843525532832
260,history_religion,medium,13.477733868519774,transit,5.121975369018365,0.4650623466071524,0.5119276794150968,0.21687511538560755,False,El Raval,41.38202263568354,2.1722025883314218,,0.2753225885071428,0.2028937074843499,0.2037454050175988,0.016718645449134827,0.016718645449134827,0.016718645449134827,0.016718645449134827,0.016718645449134827,0.016718645449134827,0.016718645449134827,0.016718645449134827,0.016718645449134827,0.16757048994869506
261,food_local_markets,low,7.530848091279215,transit,9.081099863548696,0.5065790717348737,0.7587478126559739,0.7826374250608426,False,Vila de Gracia,41.40059500645914,2.1595232860167535,,0.01798332086342616,0.01798332086342616,0.01798332086342616,0.01798332086342616,0.19421335093338582,0.2702146469479393,0.01798332086342616,0.01798332086342616,0.18353112200736854,0.01798332086342616,0.01798332086342616,0.01798332086342616,0.19019099234047102
262,museum_culture,medium,16.292430928092998,taxi,13.355606348495549,0.5132167972767876,0.8160144794258277,0.30798323639140623,False,Sagrada Familia,41.403486746657386,2.171328178265039,,0.19803058088708422,0.015303675363770452,0.2564611640675694,0.015303675363770452,0.015303675363770452,0.015303675363770452,0.015303675363770452,0.015303675363770452,0.015303675363770452,0.015303675363770452,0.015303675363770452,0.21547773031775724,0.19229744645365507
263,food_local_markets,medium,18.538431597474847,bike,6.006786158165693,0.4964774676911902,0.5340860485963888,0.6179067929574806,True,Dreta Eixample,41.39345389317243,2.1643491542368776,,0.01706071851498828,0.01706071851498828,0.01706071851498828,0.01706071851498828,0.20874675888110633,0.23287896396862937,0.01706071851498828,0.01706071851498828,0.18741684985163007,0.01706071851498828,0.01706071851498828,0.01706071851498828,0.21741096066373974
264,family_green,medium,23.763414387407853,transit,10.076419774817099,0.5920436632931185,0.7675554014124885,0.9683654190089883,True,Dreta Eixample,41.38723513901776,2.16396285719069,,0.01609694938380416,0.01609694938380416,0.01609694938380416,0.21165125681993316,0.01609694938380416,0.01609694938380416,0.20977927758927548,0.01609694938380416,0.01609694938380416,0.01609694938380416,0.21884860714189844,0.21484831399465545,0.01609694938380416
265,architecture_fans,medium,16.81866777484499,walk,1.832800737250582,0.4452469835319705,0.3956510595674514,0.5792522145447379,False,Sagrada Familia,41.405446215671844,2.172595995082213,,0.18039667681836466,0.2496154432580304,0.1808725388351885,0.016767210388437592,0.016767210388437592,0.016767210388437592,0.016767210388437592,0.2382104475924782,0.016767210388437592,0.016767210388437592,0.016767210388437592,0.016767210388437592,0.016767210388437592
266,food_local_markets,medium,18.810459042794204,walk,2.988003281961544,0.3815579876434365,0.8006433679318051,0.35511301420135,False,Dreta Eixample,41.392940823705466,2.162311933512194,,0.015796609630341202,0.015796609630341202,0.015796609630341202,0.015796609630341202,0.2020077615732884,0.20749284968462514,0.015796609630341202,0.015796609630341202,0.21668985583014322,0.015796609630341202,0.015796609630341202,0.015796609630341202,0.23164004623887244
267,museum_culture,medium,17.70980736047102,transit,8.835579654291816,0.7131860068039564,0.6814021765203534,0.6749496108257768,False,Vila de Gracia,41.40145580805716,2.156755536902013,,0.2467009004617752,0.015245819412021562,0.22021340948802998,0.015245819412021562,0.015245819412021562,0.015245819412021562,0.015245819412021562,0.015245819412021562,0.015245819412021562,0.015245819412021562,0.015245819412021562,0.22023648868697313,0.17563682665502758
268,architecture_fans,medium,15.73121132618627,transit,7.657140756705269,0.5359218932224049,0.22129435533340258,0.5477351910478173,False,Poblenou,41.401195082709954,2.2067920090509436,,0.23149879827647152,0.21107505787177697,0.265250009500434,0.015164415978656831,0.015164415978656831,0.015164415978656831,0.015164415978656831,0.15569639054340612,0.015164415978656831,0.015164415978656831,0.015164415978656831,0.015164415978656831,0.015164415978656831
269,family_green,medium,16.92218312668709,mixed,6.719824083698548,0.7131482694962823,0.6881209522787303,0.4360414472990277,False,Sagrada Familia,41.39277464988232,2.174009987084333,,0.017741045802656345,0.017741045802656345,0.017741045802656345,0.20887349172804356,0.017741045802656345,0.017741045802656345,0.23667126162703803,0.017741045802656345,0.017741045802656345,0.017741045802656345,0.18873160728944716,0.2060542271315642,0.017741045802656345
270,museum_culture,high,25.85307881968007,transit,6.676235847446281,0.7352602458388637,0.4426833674603549,0.41026361580067383,True,Dreta Eixample,41.3950773636807,2.160554717768474,,0.22266852984114108,0.015316245162204721,0.23660122182221946,0.015316245162204721,0.015316245162204721,0.015316245162204721,0.015316245162204721,0.015316245162204721,0.015316245162204721,0.015316245162204721,0.015316245162204721,0.19606528124803632,0.20681876062876065
271,architecture_fans,medium,15.549019432609901,transit,9.745106054951705,0.44293862913997195,0.40939071971221314,0.6516349268735889,False,Gotic,41.38228057467063,2.177037020889618,,0.1763470557213394,0.16222123528237808,0.2793369673894527,0.016044381990893013,0.016044381990893013,0.016044381990893013,0.016044381990893013,0.23769530368879271,0.016044381990893013,0.016044381990893013,0.016044381990893013,0.016044381990893013,0.016044381990893013
272,museum_culture,medium,17.49745581592901,transit,7.220187862607672,0.6860433084051597,0.3736473429139326,0.37121112811701545,False,Poblenou,41.40754051120786,2.2078322010514424,,0.2327355890943414,0.016541544387223363,0.22101150878707146,0.016541544387223363,0.016541544387223363,0.016541544387223363,0.016541544387223363,0.016541544387223363,0.016541544387223363,0.016541544387223363,0.016541544387223363,0.18778442170694856,0.20959458092662825
273,history_religion,high,34.36912113316651,taxi,9.931824681723054,0.7304385781345598,0.6689970554365147,0.6307887464204368,False,Sagrada Familia,41.4020487572585,2.1731987281073555,,0.2173929018513611,0.2172810963700792,0.23675582772011025,0.013826882438424176,0.013826882438424176,0.013826882438424176,0.013826882438424176,0.013826882438424176,0.013826882438424176,0.013826882438424176,0.013826882438424176,0.013826882438424176,0.20412823211263192
274,museum_culture,low,6.936830501573738,transit,8.340542876680516,0.27052611083554895,0.5775276235594626,0.5766114147572964,False,Sagrada Familia,41.39655152795011,2.171816139472425,,0.21345383893503303,0.014731377943983685,0.2594160167422363,0.014731377943983685,0.014731377943983685,0.014731377943983685,0.014731377943983685,0.014731377943983685,0.014731377943983685,0.014731377943983685,0.014731377943983685,0.24403549145338432,0.15051225137349314
275,architecture_fans,high,46.73525148609482,taxi,15.72463441275621,0.25624037331306465,0.43325531687999086,0.12959698565919298,False,Vila de Gracia,41.39985202799058,2.156699903898826,,0.22546306595652027,0.21258842317284807,0.21247091752189226,0.01333243040037559,0.01333243040037559,0.01333243040037559,0.01333243040037559,0.2294857197453591,0.01333243040037559,0.01333243040037559,0.01333243040037559,0.01333243040037559,0.01333243040037559
276,family_green,medium,19.028283202974492,transit,9.078845641371615,0.6108694312881442,0.7799729812727506,0.6496738730878792,True,Gotic,41.38529003723973,2.1742209121969855,,0.015412966599440537,0.015412966599440537,0.015412966599440537,0.2280751117205023,0.015412966599440537,0.015412966599440537,0.18508650652614297,0.015412966599440537,0.015412966599440537,0.015412966599440537,0.21851602151761682,0.22960566084077305,0.015412966599440537
277,museum_culture,low,4.9859235514297815,bike,3.995544812135308,0.5003969891879855,0.42690426009001536,0.5781513059707692,False,La Barceloneta,41.375420132086106,2.195585735584624,,0.2227217958356511,0.017194423188155932,0.20237442546839676,0.017194423188155932,0.017194423188155932,0.017194423188155932,0.017194423188155932,0.017194423188155932,0.017194423188155932,0.017194423188155932,0.017194423188155932,0.18914746178932576,0.23100650821322305
278,history_religion,high,36.15355307609587,transit,7.846459966420118,0.6427354347550461,0.29181672584630086,0.4720334404578122,False,Gotic,41.38339615826981,2.1721779379904493,,0.15174818179479882,0.24930222835553364,0.24512655688245252,0.013890463615936663,0.013890463615936663,0.013890463615936663,0.013890463615936663,0.013890463615936663,0.013890463615936663,0.013890463615936663,0.013890463615936663,0.013890463615936663,0.22880886042378507
279,beach_nightlife,medium,12.869589995343421,transit,10.297248687156522,0.6930017392718105,0.44030834251187045,0.5003284366821595,False,El Raval,41.37882838394268,2.171340195854602,,0.01766911024574938,0.01766911024574938,0.01766911024574938,0.01766911024574938,0.01766911024574938,0.21492982708075944,0.25753114457731213,0.01766911024574938,0.1830193988915041,0.18549763723867993,0.01766911024574938,0.01766911024574938,0.01766911024574938
280,family_green,medium,22.06517868443811,walk,2.892733273062877,0.8164128960245952,0.5934989707838253,0.791472415704136,True,La Barceloneta,41.37769673322107,2.1872089454866126,,0.015262068305020053,0.015262068305020053,0.015262068305020053,0.256556470272111,0.015262068305020053,0.015262068305020053,0.18981084560562808,0.015262068305020053,0.015262068305020053,0.015262068305020053,0.20864397357099856,0.207630095806082,0.015262068305020053
281,family_green,low,6.324325337299475,transit,8.276807119895667,0.7162122813710188,0.3725965471573554,0.926762622925355,True,El Raval,41.38809235957909,2.1677181016696547,,0.013505040027853993,0.013505040027853993,0.013505040027853993,0.1975573705602679,0.013505040027853993,0.013505040027853993,0.22242453811366036,0.013505040027853993,0.013505040027853993,0.013505040027853993,0.24301076004463282,0.215461971030753,0.013505040027853993
282,beach_nightlife,high,33.52423405480878,walk,2.5486092053542717,0.27995143445629445,0.24739940156910703,0.7733483507786273,False,Sagrada Familia,41.39915067234087,2.1773611373346116,,0.014527552518519544,0.014527552518519544,0.014527552518519544,0.014527552518519544,0.014527552518519544,0.18305798918577926,0.25836504316663333,0.014527552518519544,0.17535952261973517,0.2524694723611763,0.014527552518519544,0.014527552518519544,0.014527552518519544
283,food_local_markets,medium,9.974333992707912,walk,2.1264287126221117,0.6372766744960905,0.66774610142507,0.5665072344326874,False,Dreta Eixample,41.38937300462941,2.1632958247303233,,0.014434499909700825,0.014434499909700825,0.014434499909700825,0.014434499909700825,0.2143818661579826,0.2577660884910877,0.014434499909700825,0.014434499909700825,0.20713724718101445,0.014434499909700825,0.014434499909700825,0.014434499909700825,0.1908042989826079
284,architecture_fans,medium,26.401535529891675,transit,10.509523760493432,0.5397829205123605,0.11404782525708555,0.3773788281505267,False,La Barceloneta,41.38282623651237,2.186119955189442,,0.18413186825788705,0.19832450100616028,0.2858870525861364,0.01596305323838657,0.01596305323838657,0.01596305323838657,0.01596305323838657,0.18798909900433713,0.01596305323838657,0.01596305323838657,0.01596305323838657,0.01596305323838657,0.01596305323838657
285,architecture_fans,medium,31.055513391939208,mixed,5.187457486458411,0.33044984491861623,0.07926323172873796,0.45380673171871766,False,Sagrada Familia,41.40084608435654,2.1769029781723583,,0.23947171281098514,0.1671474850014612,0.23005603434909447,0.016085980879441117,0.016085980879441117,0.016085980879441117,0.016085980879441117,0.21855093992348906,0.016085980879441117,0.016085980879441117,0.016085980879441117,0.016085980879441117,0.016085980879441117
286,museum_culture,medium,23.195719157420903,mixed,7.960003328262324,0.7775179405938228,0.596217253472191,0.24314546626683806,False,Gotic,41.381127677792044,2.1737590638755107,,0.24026853812253304,0.015093951750780054,0.22485865858209486,0.015093951750780054,0.015093951750780054,0.015093951750780054,0.015093951750780054,0.015093951750780054,0.015093951750780054,0.015093951750780054,0.015093951750780054,0.1613085549611405,0.23771868257721113
287,architecture_fans,low,7.836898737969845,mixed,7.78447361758182,0.4521974704676297,0.3570052854003199,0.31490729711913795,False,Sagrada Familia,41.40756106599082,2.1790671326487607,,0.22551805689255391,0.22229551085060806,0.23259442212006476,0.016321760583669357,0.016321760583669357,0.016321760583669357,0.016321760583669357,0.17269616488374906,0.016321760583669357,0.016321760583669357,0.016321760583669357,0.016321760583669357,0.016321760583669357
288,beach_nightlife,low,7.295916930849584,bike,4.620163168346952,0.2059809359087967,0.19402649241279096,0.8996927381820146,False,La Barceloneta,41.377517099394005,2.187168111965815,,0.015167465309334235,0.015167465309334235,0.015167465309334235,0.015167465309334235,0.015167465309334235,0.19549932234468412,0.17734324954695757,0.015167465309334235,0.23151242464203184,0.25913781568231836,0.015167465309334235,0.015167465309334235,0.015167465309334235
289,history_religion,high,39.097897031741,transit,5.925000784269369,0.5727332359211258,0.6866228070650461,0.1710370111813936,False,Sagrada Familia,41.404950708074814,2.1744852299614204,,0.25650110635054396,0.21405308446032464,0.18221809835978803,0.01637168528907178,0.01637168528907178,0.01637168528907178,0.01637168528907178,0.01637168528907178,0.01637168528907178,0.01637168528907178,0.01637168528907178,0.01637168528907178,0.19988254322769738
290,family_green,medium,19.261321320017164,mixed,6.749200215990347,0.5153002417638542,0.6880446542255922,0.6407737387390882,True,Gotic,41.38027475402819,2.174009733393515,,0.01588726112459267,0.01588726112459267,0.01588726112459267,0.20703445079956406,0.01588726112459267,0.01588726112459267,0.27897990217927954,0.01588726112459267,0.01588726112459267,0.01588726112459267,0.2041580524236229,0.1668422444761995,0.01588726112459267
291,architecture_fans,high,32.45356618239661,walk,1.2792583145901737,0.2372375465333712,0.39393034246135966,0.28894998317020404,False,El Raval,41.379538029343045,2.1647898533348173,,0.22085132358136067,0.1768003559002536,0.22249076609076102,0.015121779676049617,0.015121779676049617,0.015121779676049617,0.015121779676049617,0.24376153734317813,0.015121779676049617,0.015121779676049617,0.015121779676049617,0.015121779676049617,0.015121779676049617
292,family_green,low,5.644460598542359,transit,9.22163063871457,0.750401133290115,0.7641362829345556,0.9597154045591397,True,Montjuic,41.37785098252315,2.152841341800698,,0.01684974371159085,0.01684974371159085,0.01684974371159085,0.18658808043301903,0.01684974371159085,0.01684974371159085,0.16979999695056053,0.01684974371159085,0.01684974371159085,0.01684974371159085,0.2649444261028263,0.2270198031092765,0.01684974371159085
293,architecture_fans,medium,24.95716589627656,mixed,8.280335994048345,0.40061398623332245,0.3636507024387622,0.4583206443877214,False,Vila de Gracia,41.4000189684092,2.1587202788802853,,0.24178688031632625,0.23153495912824726,0.22006001737713904,0.015880914453379684,0.015880914453379684,0.015880914453379684,0.015880914453379684,0.1636899130978703,0.015880914453379684,0.015880914453379684,0.015880914453379684,0.015880914453379684,0.015880914453379684
294,museum_culture,high,38.34214052246367,bike,4.2207766948358,0.7502588885184138,0.4593705644315717,0.4969245023898482,False,Sagrada Familia,41.40117525220946,2.178604903894904,,0.2723137798337363,0.0166825119738236,0.20600784404870573,0.0166825119738236,0.0166825119738236,0.0166825119738236,0.0166825119738236,0.0166825119738236,0.0166825119738236,0.0166825119738236,0.0166825119738236,0.16943426082641047,0.2021015075267351
295,architecture_fans,low,3.3704765026496064,taxi,14.097842108956165,0.475147384697767,0.2863034667721453,0.39019051537110877,False,Montjuic,41.36707553925188,2.1605167920592354,,0.22042486868218206,0.23922576100548268,0.16077293595180991,0.015348393708856463,0.015348393708856463,0.015348393708856463,0.015348393708856463,0.24144089098081717,0.015348393708856463,0.015348393708856463,0.015348393708856463,0.015348393708856463,0.015348393708856463
296,food_local_markets,medium,16.17451011994623,bike,3.0419608022353564,0.36530527714045546,0.8783338944182555,0.39865798513308354,True,Dreta Eixample,41.38770820028728,2.1629600076868365,,0.01591850945547438,0.01591850945547438,0.01591850945547438,0.01591850945547438,0.26394730854135523,0.22381483073302613,0.01591850945547438,0.01591850945547438,0.1933244116155514,0.01591850945547438,0.01591850945547438,0.01591850945547438,0.17564686401079782
297,museum_culture,medium,16.194907826368542,taxi,12.406302050645884,0.6113450020688787,0.6060395907148517,0.23618804594008652,False,Sagrada Familia,41.40174968461085,2.1793419143898567,,0.1883790746098402,0.017183951226203996,0.212139893159188,0.017183951226203996,0.017183951226203996,0.017183951226203996,0.017183951226203996,0.017183951226203996,0.017183951226203996,0.017183951226203996,0.017183951226203996,0.21249878439812683,0.23232668679700896
298,museum_culture,low,7.157850425366452,mixed,8.860022200836395,0.5582797114684143,0.5872027724591949,0.5298992383370826,False,Les Corts,41.38681285504918,2.1243917158430237,,0.2184475761945608,0.014617853269085967,0.26285137363774946,0.014617853269085967,0.014617853269085967,0.014617853269085967,0.014617853269085967,0.014617853269085967,0.014617853269085967,0.014617853269085967,0.014617853269085967,0.18957923801727755,0.19756113272863846
299,museum_culture,high,33.339598853214675,transit,11.215696078870613,0.5673164286516987,0.4985836741949477,0.3858878275358015,False,Vila de Gracia,41.39981710431099,2.1601946166214754,,0.24759325148867364,0.015031651898551782,0.19880758425378953,0.015031651898551782,0.015031651898551782,0.015031651898551782,0.015031651898551782,0.015031651898551782,0.015031651898551782,0.015031651898551782,0.015031651898551782,0.2326697535413127,0.18564454362925803
300,family_green,high,30.155033513860623,transit,4.883614890593187,0.8376394087184014,0.6147624719537138,0.953676675197628,True,Dreta Eixample,41.396494249375024,2.1614537644764886,,0.016085451615433323,0.016085451615433323,0.016085451615433323,0.16483367303118632,0.016085451615433323,0.016085451615433323,0.27859737332030016,0.016085451615433323,0.016085451615433323,0.016085451615433323,0.2088456718440902,0.20295421726552337,0.016085451615433323
301,family_green,medium,17.737771167522496,walk,1.772675740303454,0.6578930884602457,0.778155411708745,0.9663411418204161,True,Vila de Gracia,41.402180643733516,2.158280850840988,,0.014973920645848883,0.014973920645848883,0.014973920645848883,0.24217113424824221,0.014973920645848883,0.014973920645848883,0.19380538588640492,0.014973920645848883,0.014973920645848883,0.014973920645848883,0.2037499313603847,0.22550826269232818,0.014973920645848883
302,food_local_markets,high,34.86197105491079,mixed,5.409425722819781,0.8268702544108544,0.7380111119293771,0.613451041143428,False,Sagrada Familia,41.4029373767495,2.1690715302823604,,0.01732825510161197,0.01732825510161197,0.01732825510161197,0.01732825510161197,0.23203080189484593,0.17767937433615066,0.01732825510161197,0.01732825510161197,0.20444445147805876,0.01732825510161197,0.01732825510161197,0.01732825510161197,0.22989107637643694
303,history_religion,medium,14.256210061901688,mixed,3.6683106411423987,0.5052424604977759,0.22998842962774718,0.2689096003747602,False,El Raval,41.381833188148875,2.1724418203098868,,0.2153882622840008,0.15586697683844464,0.25040092039304146,0.015041762020737329,0.015041762020737329,0.015041762020737329,0.015041762020737329,0.015041762020737329,0.015041762020737329,0.015041762020737329,0.015041762020737329,0.015041762020737329,0.24296798229787717
304,food_local_markets,low,10.104734013324947,walk,2.118212267965736,0.5206580337985098,0.408551014178569,0.576365134163736,False,Dreta Eixample,41.3865907143796,2.164116385700028,,0.014176156036351395,0.014176156036351395,0.014176156036351395,0.014176156036351395,0.1936850993634139,0.19933804982977785,0.014176156036351395,0.014176156036351395,0.24506052716315516,0.014176156036351395,0.014176156036351395,0.014176156036351395,0.2343309193164905
305,beach_nightlife,medium,15.610492301132831,transit,7.014812075075621,0.12137088969381278,0.3584715667224905,0.8541370035294167,False,Montjuic,41.36908459191652,2.1520311325872976,,0.01522229738513286,0.01522229738513286,0.01522229738513286,0.01522229738513286,0.01522229738513286,0.19819059565497998,0.1526935111798618,0.01522229738513286,0.27129152432289483,0.2408236923760677,0.01522229738513286,0.01522229738513286,0.01522229738513286
306,family_green,low,3.426762359740645,walk,3.39103119775147,0.5999398473641906,0.672058199054052,0.7912181357248188,False,Dreta Eixample,41.38705970382679,2.1728055549473244,,0.015767445914608137,0.015767445914608137,0.015767445914608137,0.2208158851328889,0.015767445914608137,0.015767445914608137,0.17998209884958308,0.015767445914608137,0.015767445914608137,0.015767445914608137,0.24759681581498996,0.20969818697106485,0.015767445914608137
307,family_green,medium,27.239048557248022,mixed,4.485710646080857,0.5236927200385331,0.8127538073921324,0.8644042491725935,True,El Raval,41.379100485967435,2.1624200805647535,,0.014485009435001302,0.014485009435001302,0.014485009435001302,0.20905799795530494,0.014485009435001302,0.014485009435001302,0.2212530354153946,0.014485009435001302,0.014485009435001302,0.014485009435001302,0.1817447166891314,0.25757916502515743,0.014485009435001302
308,food_local_markets,medium,15.591226763177065,walk,1.7820475029047567,0.7429125860736137,0.9250733680742093,0.9095047483236158,False,El Raval,41.379559108023244,2.169558634786236,,0.015743496178052176,0.015743496178052176,0.015743496178052176,0.015743496178052176,0.19129320412554063,0.26779398714538116,0.015743496178052176,0.015743496178052176,0.2329870987595568,0.015743496178052176,0.015743496178052176,0.015743496178052176,0.16623424436705173
309,architecture_fans,medium,18.168051434557885,bike,4.359985369680178,0.6373596912610884,0.505170119861794,0.37553460915092884,False,Sagrada Familia,41.400121130550694,2.1722304339621266,,0.18808415894758382,0.25495648017657946,0.24112816172712256,0.01639197632963208,0.01639197632963208,0.01639197632963208,0.01639197632963208,0.16830341218202544,0.01639197632963208,0.01639197632963208,0.01639197632963208,0.01639197632963208,0.01639197632963208
310,architecture_fans,medium,8.678134011223072,transit,5.865913873696764,0.596678294619665,0.555028826952687,0.3041421248039427,False,Poblenou,41.40142619288741,2.2006503824268027,,0.18243355781788165,0.2202257631544602,0.18870959513553867,0.016852812023852862,0.016852812023852862,0.016852812023852862,0.016852812023852862,0.25695577567744365,0.016852812023852862,0.016852812023852862,0.016852812023852862,0.016852812023852862,0.016852812023852862
311,family_green,low,5.872837525792148,transit,6.385887052009408,0.42318210251464616,0.47903266251569104,0.38148489841579547,True,Les Corts,41.383196829556326,2.127107969829107,,0.015270887393438423,0.015270887393438423,0.015270887393438423,0.26629575007840645,0.015270887393438423,0.015270887393438423,0.20501681765868673,0.015270887393438423,0.015270887393438423,0.015270887393438423,0.1589341459071503,0.2323152998148107,0.015270887393438423
312,food_local_markets,medium,13.150659885945293,mixed,4.162628829124603,0.8238526462967535,0.19953152641046876,0.4327770107686574,False,Dreta Eixample,41.391697442680474,2.167147377672954,,0.015290995398303317,0.015290995398303317,0.015290995398303317,0.015290995398303317,0.2157462881761894,0.23705775315377534,0.015290995398303317,0.015290995398303317,0.1836028937300921,0.015290995398303317,0.015290995398303317,0.015290995398303317,0.22597410635521337
313,museum_culture,medium,20.62660484026526,mixed,6.9317376915863225,0.6151084548224596,0.34979699449564583,0.24015343199069017,False,Montjuic,41.36668769853908,2.1516866295005537,,0.17276333583458547,0.016148697311188856,0.2710987337241901,0.016148697311188856,0.016148697311188856,0.016148697311188856,0.016148697311188856,0.016148697311188856,0.016148697311188856,0.016148697311188856,0.016148697311188856,0.2437794919990163,0.16702016264150846
314,architecture_fans,medium,17.051281479968004,mixed,8.39718102107101,0.4197988878391801,0.24308231790545592,0.19850943233820204,False,Sant Andreu,41.43262003632915,2.1926877239712925,,0.1797304527069902,0.17459067174045792,0.2827095487098933,0.01671679303078857,0.01671679303078857,0.01671679303078857,0.01671679303078857,0.2125181895655614,0.01671679303078857,0.01671679303078857,0.01671679303078857,0.01671679303078857,0.01671679303078857
315,architecture_fans,medium,11.17923070618155,taxi,12.474570669227276,0.21923683675588548,0.1383051467957842,0.31319432519476587,False,El Raval,41.38270852993725,2.170486339231384,,0.22993803203112537,0.18556394663485035,0.17718574078604055,0.01532443746508407,0.01532443746508407,0.01532443746508407,0.01532443746508407,0.2693923433622271,0.01532443746508407,0.01532443746508407,0.01532443746508407,0.01532443746508407,0.01532443746508407
316,food_local_markets,low,11.24439500854449,bike,6.418116149396423,0.616689297413636,0.4836070373614515,0.7855742287874887,False,Sagrada Familia,41.39835199994169,2.1794256756554304,,0.013952920402718257,0.013952920402718257,0.013952920402718257,0.013952920402718257,0.16289357054541698,0.24346755938373277,0.013952920402718257,0.013952920402718257,0.24869668845304463,0.013952920402718257,0.013952920402718257,0.013952920402718257,0.21936589799334133
317,food_local_markets,medium,18.862535941925373,transit,11.362118395666103,0.5503027058246455,0.5455162118251462,0.5750777402517935,False,Les Corts,41.38183551413043,2.125903098915608,,0.015077622774104503,0.015077622774104503,0.015077622774104503,0.015077622774104503,0.20195623727137715,0.2690365261376665,0.015077622774104503,0.015077622774104503,0.17816777896457103,0.015077622774104503,0.015077622774104503,0.015077622774104503,0.21514085265944477
318,food_local_markets,high,44.813438985832406,walk,1.7578133195764503,0.40170555348513826,0.3740673978518825,0.3633189048475605,False,Sarria,41.3962351310161,2.115761556207863,,0.016371925927598802,0.016371925927598802,0.016371925927598802,0.016371925927598802,0.2762229862093492,0.16956119038570708,0.016371925927598802,0.016371925927598802,0.2330048478534321,0.016371925927598802,0.016371925927598802,0.016371925927598802,0.17386364220312236
319,food_local_markets,high,42.599135343311445,walk,2.922042403706014,0.42305933429401665,0.3671211971025226,0.8417689588823575,False,Vila de Gracia,41.40065269122746,2.155851398316099,,0.014678388078065787,0.014678388078065787,0.014678388078065787,0.014678388078065787,0.19096848881754755,0.23196603211293804,0.014678388078065787,0.014678388078065787,0.23021577950926336,0.014678388078065787,0.014678388078065787,0.014678388078065787,0.21474420685765896
320,architecture_fans,high,24.89904557644642,transit,9.889600575074745,0.5034535639045711,0.488259414242289,0.4570836688164602,False,Dreta Eixample,41.38963640923895,2.166279326837908,,0.23854650855893886,0.19364757715437608,0.2358123865944887,0.016076083012829624,0.016076083012829624,0.016076083012829624,0.016076083012829624,0.18730878057672973,0.016076083012829624,0.016076083012829624,0.016076083012829624,0.016076083012829624,0.016076083012829624
321,beach_nightlife,low,6.720780203068441,transit,9.01895764768135,0.25296162948431467,0.2860991339753111,0.749949760223734,False,La Barceloneta,41.37443335462167,2.1976080784950534,,0.014261552905074209,0.014261552905074209,0.014261552905074209,0.014261552905074209,0.014261552905074209,0.22134029855865012,0.18743778167834937,0.014261552905074209,0.21019002118105035,0.2526779224362823,0.014261552905074209,0.014261552905074209,0.014261552905074209
322,food_local_markets,low,7.427619409274664,transit,9.00167185549624,0.557172255539241,0.8753214270824011,0.682066684691831,False,Dreta Eixample,41.39150965221077,2.1646256901237653,,0.015763618735930875,0.015763618735930875,0.015763618735930875,0.015763618735930875,0.2364217749169864,0.22310547044916962,0.015763618735930875,0.015763618735930875,0.21412636836791404,0.015763618735930875,0.015763618735930875,0.015763618735930875,0.1844738176425521
323,architecture_fans,low,3.271795935695712,bike,5.872433235591341,0.542777771600559,0.2998604983479054,0.44864732964762605,False,Dreta Eixample,41.39341948914688,2.158113725217697,,0.18429056691980478,0.18634339701593422,0.2401519852381105,0.014761380523655445,0.014761380523655445,0.014761380523655445,0.014761380523655445,0.25636162611325153,0.014761380523655445,0.014761380523655445,0.014761380523655445,0.014761380523655445,0.014761380523655445
324,history_religion,low,8.053733171399806,walk,3.3835350156646666,0.17064679711232178,0.782965415047963,0.5057727985260579,False,El Raval,41.3746911687738,2.1680749060996547,,0.20323013945644708,0.20511703670758377,0.19142819145388737,0.018085034997170048,0.018085034997170048,0.018085034997170048,0.018085034997170048,0.018085034997170048,0.018085034997170048,0.018085034997170048,0.018085034997170048,0.018085034997170048,0.2374593174075513
325,architecture_fans,medium,18.579063414610463,transit,10.833538545354855,0.5373323841899585,0.36143924637485997,0.7051716144504591,False,El Raval,41.37956756495329,2.1647849038425395,,0.2628427945938729,0.1792125611275382,0.2334674016303274,0.014767913128771841,0.014767913128771841,0.014767913128771841,0.014767913128771841,0.19156602448931498,0.014767913128771841,0.014767913128771841,0.014767913128771841,0.014767913128771841,0.014767913128771841
326,food_local_markets,medium,14.335653083857057,bike,5.390000353121678,0.7059332566552919,0.8733146321156936,0.5105856020018078,False,Dreta Eixample,41.391537413820565,2.1690439578935434,,0.016053269146350826,0.016053269146350826,0.016053269146350826,0.016053269146350826,0.25104646080952947,0.20477501561889486,0.016053269146350826,0.016053269146350826,0.1886803830936932,0.016053269146350826,0.016053269146350826,0.016053269146350826,0.21101871816072504
327,food_local_markets,medium,9.367497871988224,transit,9.67140816662763,0.4260389293059795,0.8505216547228431,0.6253987896698733,False,Sant Andreu,41.43305818395477,2.1932380436452346,,0.014751855167002535,0.014751855167002535,0.014751855167002535,0.014751855167002535,0.17279587042018604,0.24982961063894388,0.014751855167002535,0.014751855167002535,0.21455338697852072,0.014751855167002535,0.014751855167002535,0.014751855167002535,0.2300544354593266
328,beach_nightlife,medium,13.917380816373203,transit,5.561962288971615,0.28246469473758734,0.38954764329806446,0.8294266779305015,False,El Raval,41.3837973964569,2.16440170069386,,0.014253294081112734,0.014253294081112734,0.014253294081112734,0.014253294081112734,0.014253294081112734,0.24317743258028596,0.148319615244445,0.014253294081112734,0.23461964704922975,0.24560365839602474,0.014253294081112734,0.014253294081112734,0.014253294081112734
329,architecture_fans,medium,12.906930708002958,transit,5.808648355731563,0.530034984520657,0.653847117876335,0.3395141083923431,False,El Raval,41.3804064802296,2.1663021321985787,,0.21195255774112023,0.22178594259804857,0.2052952490945236,0.014050170527572077,0.014050170527572077,0.014050170527572077,0.014050170527572077,0.23451471581815886,0.014050170527572077,0.014050170527572077,0.014050170527572077,0.014050170527572077,0.014050170527572077
330,food_local_markets,medium,27.182118537067115,transit,5.758258719665242,0.6772672705709415,0.6177183570425437,0.6269629501638645,False,El Raval,41.38069948788702,2.163746413302363,,0.015276957395413196,0.015276957395413196,0.015276957395413196,0.015276957395413196,0.21434043132817612,0.25002326975363737,0.015276957395413196,0.015276957395413196,0.2246642763623265,0.015276957395413196,0.015276957395413196,0.015276957395413196,0.1734794059971413
331,beach_nightlife,high,48.237504125369334,walk,2.838924488003462,0.4160734179889878,0.5411104430612123,0.9001082584007426,False,Vila de Gracia,41.40677578056573,2.1565021208301323,,0.015541110439673982,0.015541110439673982,0.015541110439673982,0.015541110439673982,0.015541110439673982,0.25363567442908647,0.19801625282162766,0.015541110439673982,0.18450306138865152,0.22397501740356854,0.015541110439673982,0.015541110439673982,0.015541110439673982
332,museum_culture,medium,18.524316329709432,walk,3.229096837723669,0.44540868860627114,0.33341051024576923,0.4079251861365914,False,Vila de Gracia,41.40104569039191,2.155315417631236,,0.2705037648575742,0.015426310749224379,0.2520355089304954,0.015426310749224379,0.015426310749224379,0.015426310749224379,0.015426310749224379,0.015426310749224379,0.015426310749224379,0.015426310749224379,0.015426310749224379,0.17313851151379844,0.1654854179551125
333,museum_culture,low,5.945927535872769,mixed,8.355736258856814,0.5536657218595497,0.525218452878773,0.19366144078046338,False,Sagrada Familia,41.40063693358494,2.1751748378645406,,0.18797542039720747,0.015857638984948606,0.19448053569312368,0.015857638984948606,0.015857638984948606,0.015857638984948606,0.015857638984948606,0.015857638984948606,0.015857638984948606,0.015857638984948606,0.015857638984948606,0.21557420680700085,0.2592510862381306
334,history_religion,high,35.485460566130925,walk,3.10199608461034,0.7178929227480992,0.4117156779356226,0.2276934334114857,False,Poblenou,41.39890478952474,2.203080571022827,,0.17891017339859455,0.1771902934986888,0.28602737729996497,0.017633087016855002,0.017633087016855002,0.017633087016855002,0.017633087016855002,0.017633087016855002,0.017633087016855002,0.017633087016855002,0.017633087016855002,0.017633087016855002,0.1991743726510566
335,family_green,medium,20.83203941335803,transit,6.681811221923523,0.7016483938816653,0.5153404905877854,0.5207603931612028,False,Montjuic,41.37301236731266,2.1519712334274765,,0.014516461471415413,0.014516461471415413,0.014516461471415413,0.2420184411139872,0.014516461471415413,0.014516461471415413,0.24049325230782595,0.014516461471415413,0.014516461471415413,0.014516461471415413,0.16098031546021235,0.22585983787523575,0.014516461471415413
336,beach_nightlife,low,6.562397859474542,walk,1.6528473309470795,0.5534992608570544,0.21238830894072805,0.874762108516173,False,Vila de Gracia,41.410682277701355,2.165451794539948,,0.014133856640154421,0.014133856640154421,0.014133856640154421,0.014133856640154421,0.014133856640154421,0.21479492256925453,0.21615029847345502,0.014133856640154421,0.2317007626058199,0.2101493065900808,0.014133856640154421,0.014133856640154421,0.014133856640154421
337,family_green,medium,16.33100307343984,transit,8.63528037833692,0.8274692738857211,0.7200010750439676,0.9063250311622384,True,Montjuic,41.37734684281902,2.1452626132706882,,0.01585695297270299,0.01585695297270299,0.01585695297270299,0.22511479742180637,0.01585695297270299,0.01585695297270299,0.16143359011252384,0.01585695297270299,0.01585695297270299,0.01585695297270299,0.2791853592024389,0.19155367650890395,0.01585695297270299
338,family_green,low,8.839608680383984,transit,7.429593606346731,0.840649776678263,0.6303112957057703,0.8584239022982866,True,Poblenou,41.39256019166696,2.2034151605524293,,0.016843210742578982,0.016843210742578982,0.016843210742578982,0.24070142488226545,0.016843210742578982,0.016843210742578982,0.17524948629664305,0.016843210742578982,0.016843210742578982,0.016843210742578982,0.2237448157052694,0.20871537643261123,0.016843210742578982
339,museum_culture,medium,15.608313057543196,bike,6.480837447600933,0.44058229200330146,0.7314619268178917,0.3969465035835081,False,El Raval,41.381918249495094,2.1715756074948582,,0.16818620448027374,0.016180615586128225,0.20621633855008673,0.016180615586128225,0.016180615586128225,0.016180615586128225,0.016180615586128225,0.016180615586128225,0.016180615586128225,0.016180615586128225,0.016180615586128225,0.2790295511827208,0.20094236551176473
340,food_local_markets,medium,17.728922706683402,transit,5.03651424745426,0.6353899132212704,0.8417483486730769,0.3546624547349199,False,Gotic,41.38870692012416,2.1766176152607826,,0.013857123987052767,0.013857123987052767,0.013857123987052767,0.013857123987052767,0.17430289367869814,0.2100588750753875,0.013857123987052767,0.013857123987052767,0.24717480122351498,0.013857123987052767,0.013857123987052767,0.013857123987052767,0.24374931413892445
341,architecture_fans,medium,28.04903874485564,walk,2.329253628178043,0.6546364375558664,0.45537386433530613,0.5196845997814172,False,Dreta Eixample,41.39068695984653,2.1662199814159955,,0.16336509635486565,0.2404734618133817,0.23472526199586655,0.014826211619223272,0.014826211619223272,0.014826211619223272,0.014826211619223272,0.2280002752628767,0.014826211619223272,0.014826211619223272,0.014826211619223272,0.014826211619223272,0.014826211619223272
342,beach_nightlife,medium,19.02572343654514,transit,10.438136777916727,0.24221456896498306,0.5604224939325887,0.310335193890845,False,El Raval,41.381318898647315,2.1676946582678713,,0.017185190778565437,0.017185190778565437,0.017185190778565437,0.017185190778565437,0.017185190778565437,0.24739918156640384,0.18737103599994018,0.017185190778565437,0.2007239367457543,0.2098391286808128,0.017185190778565437,0.017185190778565437,0.017185190778565437
343,history_religion,medium,22.02622314864011,walk,1.0959823174726613,0.46581718893519697,0.3495290378523608,0.7169436639361223,True,Dreta Eixample,41.387292806568965,2.1650992001380875,,0.24424215809084268,0.1972433291774324,0.2515264221994411,0.014034564115544853,0.014034564115544853,0.014034564115544853,0.014034564115544853,0.014034564115544853,0.014034564115544853,0.014034564115544853,0.014034564115544853,0.014034564115544853,0.18067701349238016
344,architecture_fans,medium,25.75535702327847,transit,7.64871320876681,0.4871931220720328,0.15078131914452414,0.4701431703339882,False,Vila de Gracia,41.403924627460796,2.1590852377335454,,0.20886183056438118,0.193568147002764,0.22948941889319005,0.014541623132911324,0.014541623132911324,0.014541623132911324,0.014541623132911324,0.2372059953434628,0.014541623132911324,0.014541623132911324,0.014541623132911324,0.014541623132911324,0.014541623132911324
345,beach_nightlife,low,10.646723945400758,bike,4.164326875928366,0.28755724537859567,0.5388883106994731,0.6845784182790046,False,El Raval,41.386631110201215,2.1644599910794367,,0.015194198957072382,0.015194198957072382,0.015194198957072382,0.015194198957072382,0.015194198957072382,0.20644202058187835,0.23408350142874756,0.015194198957072382,0.2489515331942121,0.17377515418151054,0.015194198957072382,0.015194198957072382,0.015194198957072382
346,museum_culture,medium,8.685292260838395,walk,3.4040368081800283,0.7519543921651654,0.7601337860343061,0.16622012352616178,False,Vila de Gracia,41.40839373592508,2.1492763697232844,,0.2005314954668762,0.017557563020267376,0.2330025186916471,0.017557563020267376,0.017557563020267376,0.017557563020267376,0.017557563020267376,0.017557563020267376,0.017557563020267376,0.017557563020267376,0.017557563020267376,0.1935285243575465,0.21491939430152388
347,architecture_fans,high,35.725185467163534,walk,3.013606312744866,0.6702768645858767,0.6914799405147971,0.35269564700234496,False,Montjuic,41.375147626252186,2.1495889572909306,,0.22280346900021825,0.2062326408000119,0.22239632835889728,0.013076934984263471,0.013076934984263471,0.013076934984263471,0.013076934984263471,0.23087514698250128,0.013076934984263471,0.013076934984263471,0.013076934984263471,0.013076934984263471,0.013076934984263471
348,architecture_fans,high,29.18744975644155,transit,5.631378699056856,0.48423828402933067,0.33293026443740686,0.12539872544175865,False,Dreta Eixample,41.397401889788796,2.165624022146923,,0.28626557694018456,0.17999155847600506,0.2109793662200024,0.01607133864549288,0.01607133864549288,0.01607133864549288,0.01607133864549288,0.17812145055437206,0.01607133864549288,0.01607133864549288,0.01607133864549288,0.01607133864549288,0.01607133864549288
349,family_green,medium,16.655740143281644,mixed,7.429416679116361,0.4963790512349482,0.6080659495517132,0.8861200225622896,True,El Raval,41.376416486075435,2.1691569196866385,,0.015582099598501965,0.015582099598501965,0.015582099598501965,0.1937527912980582,0.015582099598501965,0.015582099598501965,0.2654769850429777,0.015582099598501965,0.015582099598501965,0.015582099598501965,0.15864551218910558,0.2418858150833408,0.015582099598501965
350,architecture_fans,medium,25.539597086174332,taxi,11.113384154683784,0.20983805850733178,0.3326089246980315,0.17463279277095708,True,Sagrada Familia,41.406189579795765,2.1730939912124376,,0.17433566397421754,0.2632052785340421,0.1760082497895901,0.015292174049865423,0.015292174049865423,0.015292174049865423,0.015292174049865423,0.2488212412533615,0.015292174049865423,0.015292174049865423,0.015292174049865423,0.015292174049865423,0.015292174049865423
351,history_religion,high,47.33253708083167,transit,10.694677180041994,0.6963604838523538,0.6200688429206365,0.24814076511860778,False,El Raval,41.37634479325563,2.1686368467705286,,0.1966239367911009,0.19325151443783792,0.22851424164598474,0.01429120445857495,0.01429120445857495,0.01429120445857495,0.01429120445857495,0.01429120445857495,0.01429120445857495,0.01429120445857495,0.01429120445857495,0.01429120445857495,0.2529894669979018
352,history_religion,medium,29.447503076728776,bike,4.065401335260757,0.45825599819663393,0.612938447823979,0.13015202879177892,False,Poblenou,41.405643753399545,2.2011506088452806,,0.2085522758409781,0.19002954053346663,0.23635978963632587,0.016871785409881334,0.016871785409881334,0.016871785409881334,0.016871785409881334,0.016871785409881334,0.016871785409881334,0.016871785409881334,0.016871785409881334,0.016871785409881334,0.21321232530029738
353,museum_culture,medium,7.304976382140342,transit,8.120743088292693,0.6505441035739321,0.5981735212787023,0.47099945464543286,True,La Barceloneta,41.37330451657992,2.189390634447252,,0.17823540847023056,0.016774453974411095,0.20775081073040655,0.016774453974411095,0.016774453974411095,0.016774453974411095,0.016774453974411095,0.016774453974411095,0.016774453974411095,0.016774453974411095,0.016774453974411095,0.29105183928808454,0.17199185574157852
354,family_green,medium,15.787048810053168,transit,9.470832669705175,0.5726941665324315,0.9722331372436736,0.9042647569108403,False,Sagrada Familia,41.39669312739071,2.176871883030216,,0.018119569983358234,0.018119569983358234,0.018119569983358234,0.2520742499425945,0.018119569983358234,0.018119569983358234,0.18550340485056058,0.018119569983358234,0.018119569983358234,0.018119569983358234,0.21686327325618113,0.18248294210043967,0.018119569983358234
355,family_green,low,9.316089393312243,transit,4.4417957880663534,0.8770990424966778,0.7757970068772003,0.6371786602341901,True,Vila de Gracia,41.40093745012163,2.155095004324663,,0.015994334492603818,0.015994334492603818,0.015994334492603818,0.2657595848320791,0.015994334492603818,0.015994334492603818,0.16291477944567562,0.015994334492603818,0.015994334492603818,0.015994334492603818,0.25730796714588594,0.17006865814292493,0.015994334492603818
356,history_religion,high,35.78344554369168,mixed,5.774603475790517,0.598682441897294,0.8297712248671585,0.23422658404225657,False,Montjuic,41.37329803922584,2.146870903690371,,0.23458944170487428,0.19798684926804183,0.2202150084462389,0.013515458431597726,0.013515458431597726,0.013515458431597726,0.013515458431597726,0.013515458431597726,0.013515458431597726,0.013515458431597726,0.013515458431597726,0.013515458431597726,0.22556957469646546
357,museum_culture,medium,5.863458776024219,walk,3.120131255130193,0.853804631323941,0.31303447119969424,0.1925430851262146,False,Les Corts,41.38124198894265,2.1278987719854863,,0.24233608338781726,0.01562936036116183,0.25863682964493595,0.01562936036116183,0.01562936036116183,0.01562936036116183,0.01562936036116183,0.01562936036116183,0.01562936036116183,0.01562936036116183,0.01562936036116183,0.198255041413629,0.16010780230316132
358,food_local_markets,low,3.2461680477585313,walk,1.068017527049309,0.4955758228671687,0.5646952561687377,0.5296017295569164,True,El Raval,41.37580161283606,2.166734178581416,,0.014234674377422537,0.014234674377422537,0.014234674377422537,0.014234674377422537,0.2239561853882332,0.1970500298011962,0.014234674377422537,0.014234674377422537,0.22537141831364277,0.014234674377422537,0.014234674377422537,0.014234674377422537,0.22551029710012502
359,architecture_fans,medium,24.499891764387854,transit,11.889785821029502,0.5034705689179474,0.23169810005950578,0.10531304838843344,False,Sagrada Familia,41.3978939476845,2.176660512162035,,0.23971074722655938,0.24478256970109463,0.19739174393573516,0.016107784941115786,0.016107784941115786,0.016107784941115786,0.016107784941115786,0.1731448746665688,0.016107784941115786,0.016107784941115786,0.016107784941115786,0.016107784941115786,0.016107784941115786
360,family_green,medium,22.470122015451295,walk,2.3795880449361917,0.8599240605470212,0.4905869586170494,0.973940943089618,True,La Barceloneta,41.378669050222705,2.1882214566512252,,0.013882871666498993,0.013882871666498993,0.013882871666498993,0.2468209690372252,0.013882871666498993,0.013882871666498993,0.19103026023315697,0.013882871666498993,0.013882871666498993,0.013882871666498993,0.19681532132903384,0.24038760440209303,0.013882871666498993
361,food_local_markets,low,6.263898772341425,bike,4.801475091880739,0.8910223467945942,0.6411773842186412,0.30500970417559153,False,La Barceloneta,41.375197799805015,2.192850476127196,,0.01675280354349488,0.01675280354349488,0.01675280354349488,0.01675280354349488,0.17237825050854524,0.27118081563131613,0.01675280354349488,0.01675280354349488,0.1809072105726228,0.01675280354349488,0.01675280354349488,0.01675280354349488,0.22475849139606197
362,food_local_markets,high,37.43572626523867,taxi,13.968389005364813,0.4851837109144422,0.4843361759846809,0.3307245392653916,False,Vila de Gracia,41.402529625941604,2.1484544805556745,,0.015672872567608177,0.015672872567608177,0.015672872567608177,0.015672872567608177,0.16038948304426418,0.20089854546932379,0.015672872567608177,0.015672872567608177,0.23519764730075576,0.015672872567608177,0.015672872567608177,0.015672872567608177,0.26245847107718273
363,food_local_markets,low,3.7960209735873547,mixed,5.2848582339121215,0.6479757675312188,0.14413600124106507,0.3076784650646025,False,Gotic,41.384303126915796,2.1717162497266393,,0.0153269314452765,0.0153269314452765,0.0153269314452765,0.0153269314452765,0.2011278014201871,0.2491149303977176,0.0153269314452765,0.0153269314452765,0.2504625898400788,0.0153269314452765,0.0153269314452765,0.0153269314452765,0.16135229533452802
364,family_green,high,55.0,transit,7.524593076063705,0.7679092048163728,0.7011315808732237,0.9019511522251651,False,Poblenou,41.39750807461359,2.2053818130531866,,0.014745894643029635,0.014745894643029635,0.014745894643029635,0.2448286689045792,0.014745894643029635,0.014745894643029635,0.17215315522511682,0.014745894643029635,0.014745894643029635,0.014745894643029635,0.23923038729292578,0.21107473679011154,0.014745894643029635
365,museum_culture,medium,22.27016030617594,taxi,8.904421168260043,0.6704577633853089,0.36621397894285007,0.45915352429603845,False,Montjuic,41.36919898434566,2.1502390004558847,,0.23381246224888824,0.013432167790050293,0.16801058699451543,0.013432167790050293,0.013432167790050293,0.013432167790050293,0.013432167790050293,0.013432167790050293,0.013432167790050293,0.013432167790050293,0.013432167790050293,0.24090867382621622,0.23637876681992748
366,food_local_markets,low,1.6972710402372062,walk,3.20683305063093,0.6370486702909656,0.6572886874374053,0.7029692343071697,False,Dreta Eixample,41.38750345061104,2.162813811521074,,0.0155907787701799,0.0155907787701799,0.0155907787701799,0.0155907787701799,0.15757564345514105,0.2269998607587235,0.0155907787701799,0.0155907787701799,0.26115240348195873,0.0155907787701799,0.0155907787701799,0.0155907787701799,0.21395508337255756
367,museum_culture,medium,16.67861452933225,bike,5.740852283938836,0.518185514820726,0.36881835925142237,0.5598340889521536,False,Sagrada Familia,41.40543160372203,2.1713596325767326,,0.24852599773613274,0.01678170649104459,0.17471505098812645,0.01678170649104459,0.01678170649104459,0.01678170649104459,0.01678170649104459,0.01678170649104459,0.01678170649104459,0.01678170649104459,0.01678170649104459,0.1741504214007007,0.2515731714556388
368,history_religion,medium,19.988772380376755,mixed,5.524393701581285,0.3828281157614808,0.29607610719674243,0.32128044300365327,False,Sagrada Familia,41.40523702699445,2.1721719096197276,,0.2192208189929164,0.2238427596765923,0.17670549302548666,0.014153756956638484,0.014153756956638484,0.014153756956638484,0.014153756956638484,0.014153756956638484,0.014153756956638484,0.014153756956638484,0.014153756956638484,0.014153756956638484,0.2528471156952583
369,family_green,medium,20.979555233811617,bike,4.494711607909901,0.5278062961952893,0.7707260968979959,0.6054524081669382,True,Sagrada Familia,41.403983230044624,2.1736794614795296,,0.016631167408449093,0.016631167408449093,0.016631167408449093,0.18920443456633115,0.016631167408449093,0.016631167408449093,0.2281148043529815,0.016631167408449093,0.016631167408449093,0.016631167408449093,0.2109574040063708,0.22204285039827476,0.016631167408449093
370,food_local_markets,high,29.535676788965674,transit,11.206774741429276,0.586207769434946,0.37490541578889414,0.4866723111748338,False,El Raval,41.38213465497362,2.168352751236388,,0.014882729187621548,0.014882729187621548,0.014882729187621548,0.014882729187621548,0.23331362363726552,0.20406265348829847,0.014882729187621548,0.014882729187621548,0.20716527600355555,0.014882729187621548,0.014882729187621548,0.014882729187621548,0.2215138841822866
371,architecture_fans,high,35.62271666162143,transit,7.494262163505537,0.48606542721852075,0.41085905939809403,0.2453100896901872,False,Sant Andreu,41.42917987843666,2.1860672115906317,,0.22196052038828554,0.23333028148520893,0.18507727644223892,0.015887513352513514,0.015887513352513514,0.015887513352513514,0.015887513352513514,0.21664430151164502,0.015887513352513514,0.015887513352513514,0.015887513352513514,0.015887513352513514,0.015887513352513514
372,beach_nightlife,medium,15.95316535162082,transit,8.624229090733717,0.24680627880190054,0.36371437448041805,0.8264632059763569,False,Sagrada Familia,41.40051730870829,2.1695398018917045,,0.014299778171382253,0.014299778171382253,0.014299778171382253,0.014299778171382253,0.014299778171382253,0.25435109202442385,0.16347250423369394,0.014299778171382253,0.24335239660109714,0.21012600359834482,0.014299778171382253,0.014299778171382253,0.014299778171382253
373,architecture_fans,medium,17.204018827058096,taxi,9.88488187678252,0.28753164596245734,0.30958322834740615,0.8306573555668015,False,La Barceloneta,41.38311912729714,2.19209331666423,,0.2413799819282875,0.22863813624070395,0.18142432650567186,0.015096881510076286,0.015096881510076286,0.015096881510076286,0.015096881510076286,0.21268562173465014,0.015096881510076286,0.015096881510076286,0.015096881510076286,0.015096881510076286,0.015096881510076286
374,museum_culture,high,35.461303081862646,mixed,8.308875316500059,0.6577740315697023,0.7069699155843886,0.3895631284929535,False,Gotic,41.383211562274205,2.1712231817145495,,0.2462817946055164,0.016720195594212017,0.176999075887581,0.016720195594212017,0.016720195594212017,0.016720195594212017,0.016720195594212017,0.016720195594212017,0.016720195594212017,0.016720195594212017,0.016720195594212017,0.2006806822764718,0.22555668688252267
375,beach_nightlife,low,8.149335680962684,mixed,5.163525282972498,0.3492444331010856,0.4805868361685304,0.8993313552952797,False,Gotic,41.38138352322341,2.1764679963485762,,0.014722446764446978,0.014722446764446978,0.014722446764446978,0.014722446764446978,0.014722446764446978,0.24821305608565727,0.2552655286340419,0.014722446764446978,0.17499998022009078,0.18901941418018728,0.014722446764446978,0.014722446764446978,0.014722446764446978
376,family_green,low,11.34024828586169,taxi,9.807052741918168,0.7117071075214092,0.5821731272145533,0.8448751300845803,True,Sagrada Familia,41.40422703265152,2.17220311392576,,0.01629286668312174,0.01629286668312174,0.01629286668312174,0.2509126053013225,0.01629286668312174,0.01629286668312174,0.18119932381819473,0.01629286668312174,0.01629286668312174,0.01629286668312174,0.25085007854191876,0.17040219219046843,0.01629286668312174
377,family_green,medium,14.943587314665196,bike,5.7316017377396635,0.6305593011978936,0.28562809841196307,0.5275761664196386,True,La Barceloneta,41.376492719452905,2.1876529135728857,,0.014462634480221542,0.014462634480221542,0.014462634480221542,0.24344961388162026,0.014462634480221542,0.014462634480221542,0.18235645285951277,0.014462634480221542,0.014462634480221542,0.014462634480221542,0.23830815311213133,0.20572206982474175,0.014462634480221542
378,beach_nightlife,low,8.754911644307281,walk,3.3004763998417954,0.39013871511013765,0.5308757558792997,0.4300511613220417,False,Sagrada Familia,41.404604855189184,2.17787730170753,,0.014483584917153023,0.014483584917153023,0.014483584917153023,0.014483584917153023,0.014483584917153023,0.21819180403183452,0.25410241047946636,0.014483584917153023,0.1719975882300801,0.22535593300424187,0.014483584917153023,0.014483584917153023,0.014483584917153023
379,architecture_fans,medium,17.912431314242,transit,10.071302831511192,0.2419573505422187,0.27719379052594545,0.6118274366463287,False,Vila de Gracia,41.3963832434728,2.149272673991383,,0.21653483360397693,0.22119842768746334,0.24476887555627783,0.014861943045382235,0.014861943045382235,0.014861943045382235,0.014861943045382235,0.18374037574384175,0.014861943045382235,0.014861943045382235,0.014861943045382235,0.014861943045382235,0.014861943045382235
380,family_green,low,6.546155132916368,walk,2.70812516650556,0.7452533246389236,0.6916783916416421,0.7970758729283267,True,Dreta Eixample,41.391765002412974,2.160260042241227,,0.014298296500432855,0.014298296500432855,0.014298296500432855,0.15168222713165078,0.014298296500432855,0.014298296500432855,0.22771023195658466,0.014298296500432855,0.014298296500432855,0.014298296500432855,0.2384667514728604,0.2534561209350084,0.014298296500432855
381,museum_culture,high,31.107035928606447,bike,7.366593450519057,0.606464464166732,0.42069698042597664,0.27988406356367146,False,Sagrada Familia,41.40244985511686,2.1827246709771897,,0.2001442218509219,0.01784145687323916,0.19201783812629228,0.01784145687323916,0.01784145687323916,0.01784145687323916,0.01784145687323916,0.01784145687323916,0.01784145687323916,0.01784145687323916,0.01784145687323916,0.2049204326919373,0.2423443954716961
382,family_green,low,4.923414099306961,transit,7.016431577968897,0.7000704049664465,0.7729740471352949,0.7770949868296001,True,Gotic,41.378686533560334,2.174746571564195,,0.016005450211528348,0.016005450211528348,0.016005450211528348,0.19393696158393273,0.016005450211528348,0.016005450211528348,0.17109607531142776,0.016005450211528348,0.016005450211528348,0.016005450211528348,0.22251342003446634,0.268404491166418,0.016005450211528348
383,architecture_fans,high,46.57050275498086,transit,7.598683709590042,0.55693923602509,0.6473909197822664,0.674953736835485,False,Poblenou,41.407702952347506,2.2037587413628796,,0.21367608341838248,0.22165936751104873,0.19830031629039988,0.015172192305605814,0.015172192305605814,0.015172192305605814,0.015172192305605814,0.2298145020297166,0.015172192305605814,0.015172192305605814,0.015172192305605814,0.015172192305605814,0.015172192305605814
384,beach_nightlife,medium,21.19558886516675,mixed,8.028151521572513,0.4800030492655152,0.19306593097932936,0.7947789225435234,False,Sant Andreu,41.43429366229963,2.1848624543260247,,0.01514878019934183,0.01514878019934183,0.01514878019934183,0.01514878019934183,0.01514878019934183,0.23049904559051526,0.21584047857490254,0.01514878019934183,0.2355262319366886,0.18179522210381716,0.01514878019934183,0.01514878019934183,0.01514878019934183
385,architecture_fans,medium,9.765537589756681,transit,8.812223407336674,0.43695408426199184,0.2980951237036828,0.6509699692795946,False,Gotic,41.39470787173709,2.1744373068148692,,0.22655146519701314,0.19582596030355887,0.20888137382558591,0.019046915822849054,0.019046915822849054,0.019046915822849054,0.019046915822849054,0.19731895826820053,0.019046915822849054,0.019046915822849054,0.019046915822849054,0.019046915822849054,0.019046915822849054
386,architecture_fans,medium,16.787693013381237,bike,3.7326675652931973,0.7115042157354291,0.1579117411924054,0.27126771902513597,False,Gotic,41.390065640152336,2.1748276515628535,,0.21162896805976145,0.1864978931219333,0.18966962411122862,0.018570708075741283,0.018570708075741283,0.018570708075741283,0.018570708075741283,0.24506714202540514,0.018570708075741283,0.018570708075741283,0.018570708075741283,0.018570708075741283,0.018570708075741283
387,museum_culture,high,34.45585274608086,transit,8.141223637126151,0.5247395179022063,0.8460251661601433,0.378476145341565,False,Gotic,41.387244792462724,2.176732870406522,,0.24499462861609367,0.016208116950175645,0.18601533219886407,0.016208116950175645,0.016208116950175645,0.016208116950175645,0.016208116950175645,0.016208116950175645,0.016208116950175645,0.016208116950175645,0.016208116950175645,0.23379721470640522,0.18931977192705624
388,beach_nightlife,medium,18.27256593154828,walk,1.784394530376476,0.40434529211762565,0.3480106055595683,0.6874522364552643,False,Dreta Eixample,41.39255997430063,2.1697099591166102,,0.01553525594703634,0.01553525594703634,0.01553525594703634,0.01553525594703634,0.01553525594703634,0.27030301600135054,0.2530569457053444,0.01553525594703634,0.1608182040222682,0.17600453074770978,0.01553525594703634,0.01553525594703634,0.01553525594703634
389,beach_nightlife,medium,12.347430017474087,bike,6.81361153270142,0.23902888365311295,0.31456865106100934,0.8380457615660544,False,El Raval,41.387667636795015,2.1750769392135725,,0.01374337739124303,0.01374337739124303,0.01374337739124303,0.01374337739124303,0.01374337739124303,0.22502786187781548,0.22815693742152487,0.01374337739124303,0.2136195541268607,0.20950525005261164,0.01374337739124303,0.01374337739124303,0.01374337739124303
390,museum_culture,medium,12.355378220035007,transit,8.509763604084283,0.4710563948885275,0.39197241565486257,0.4140285326812119,False,Vila de Gracia,41.399482214765975,2.158198048537725,,0.2378991143122872,0.016668192629185334,0.19397464214392626,0.016668192629185334,0.016668192629185334,0.016668192629185334,0.016668192629185334,0.016668192629185334,0.016668192629185334,0.016668192629185334,0.016668192629185334,0.17211600293114668,0.24599650694997183
391,architecture_fans,high,41.18505341606659,walk,3.026658207501897,0.4303544386071451,0.5045249202841285,0.18718310868169047,False,Gotic,41.38177673617839,2.1819285061028677,,0.16370590387176373,0.1898917903462587,0.2634858142135642,0.015919072853763604,0.015919072853763604,0.015919072853763604,0.015919072853763604,0.239644835884541,0.015919072853763604,0.015919072853763604,0.015919072853763604,0.015919072853763604,0.015919072853763604
392,food_local_markets,low,9.68814991534709,transit,8.405298894456774,0.44624022160331617,0.6343941043695944,0.3742374914648278,False,Sagrada Familia,41.39656583760965,2.173765950437734,,0.015127758825719928,0.015127758825719928,0.015127758825719928,0.015127758825719928,0.16266099792567718,0.2387489483959391,0.015127758825719928,0.015127758825719928,0.1920257978209091,0.015127758825719928,0.015127758825719928,0.015127758825719928,0.2704144264259953
393,family_green,low,8.803410162644713,mixed,3.086954225886174,0.9039410862781438,0.32253255946004233,0.9093954516758048,True,Dreta Eixample,41.390756261506425,2.1709763347069315,,0.016846697801334215,0.016846697801334215,0.016846697801334215,0.21015882706543754,0.016846697801334215,0.016846697801334215,0.19075138125267846,0.016846697801334215,0.016846697801334215,0.016846697801334215,0.22867667638462164,0.2187928350852544,0.016846697801334215
394,food_local_markets,medium,23.65238921393786,walk,1.2843074088869453,0.8736679849315987,0.702569675790047,0.516196071623689,False,Gotic,41.38486763358006,2.1717109623070274,,0.015847051911610933,0.015847051911610933,0.015847051911610933,0.015847051911610933,0.1945701382132018,0.18000922088909893,0.015847051911610933,0.015847051911610933,0.28479497529224373,0.015847051911610933,0.015847051911610933,0.015847051911610933,0.1980021984009572
395,architecture_fans,low,6.6046522346361956,walk,3.222343815147632,0.3682193610745104,0.12071816578492509,0.21755804532501988,False,Sagrada Familia,41.40355702171836,2.1690357730481686,,0.21296933644619928,0.2497557739392367,0.18948502416030916,0.014112822650600161,0.014112822650600161,0.014112822650600161,0.014112822650600161,0.22077446159885342,0.014112822650600161,0.014112822650600161,0.014112822650600161,0.014112822650600161,0.014112822650600161
396,architecture_fans,low,4.853861345875371,transit,10.876296644485864,0.3850041169556828,0.36861007433148474,0.3290202276229882,False,Gotic,41.38342877564983,2.188558912151579,,0.2595064427772554,0.24662444457350657,0.18781439505178124,0.0150368999341116,0.0150368999341116,0.0150368999341116,0.0150368999341116,0.17072261819045245,0.0150368999341116,0.0150368999341116,0.0150368999341116,0.0150368999341116,0.0150368999341116
397,beach_nightlife,medium,14.520510564249797,transit,9.996292794194991,0.23440957978380836,0.2576997739204131,0.9771260714471622,False,El Raval,41.381133205547656,2.1699948079920746,,0.01665843325822863,0.01665843325822863,0.01665843325822863,0.01665843325822863,0.01665843325822863,0.1851760637647583,0.17140925633096352,0.01665843325822863,0.19757731215043614,0.2959114684297844,0.01665843325822863,0.01665843325822863,0.01665843325822863
398,museum_culture,medium,11.983403353147613,mixed,6.9104068500192,0.5484680987146203,0.8072008385776043,0.5491221525416594,False,Dreta Eixample,41.39510210162952,2.1577289326835993,,0.19917182329831423,0.018573107324875358,0.21908636484385974,0.018573107324875358,0.018573107324875358,0.018573107324875358,0.018573107324875358,0.018573107324875358,0.018573107324875358,0.018573107324875358,0.018573107324875358,0.21002715583635298,0.2045566900975948
399,history_religion,low,8.215879067478879,walk,2.0812424064270503,0.4862682393662509,0.7584586948715608,0.19628451790090162,False,Gotic,41.38170333656681,2.1710025878689514,,0.17935039952136234,0.17280569769934565,0.2289068279006757,0.017164116532368434,0.017164116532368434,0.017164116532368434,0.017164116532368434,0.017164116532368434,0.017164116532368434,0.017164116532368434,0.017164116532368434,0.017164116532368434,0.2644600260873004
400,food_local_markets,high,33.95264766813879,bike,4.905391557554883,0.5099763573107055,0.556446322480994,0.5549974913619634,False,Sagrada Familia,41.405877476346966,2.1778838100690057,,0.016150542409650123,0.016150542409650123,0.016150542409650123,0.016150542409650123,0.27615953832658213,0.20258066690380866,0.016150542409650123,0.016150542409650123,0.1899233183847091,0.016150542409650123,0.016150542409650123,0.016150542409650123,0.18598159469804898
401,family_green,low,4.955513331714803,bike,6.14374146106859,0.5877422462194157,0.21954155647432685,0.8005120045164213,False,La Barceloneta,41.3852769248999,2.1875948173162665,,0.014979929548165587,0.014979929548165587,0.014979929548165587,0.23158618761744076,0.014979929548165587,0.014979929548165587,0.22516217982699677,0.014979929548165587,0.014979929548165587,0.014979929548165587,0.16167521474492666,0.24675705187714558,0.014979929548165587
402,family_green,medium,16.300089495516062,transit,8.424889507878294,0.7489357758384723,0.3818883643419492,0.723996542904981,True,Sagrada Familia,41.395040844048985,2.1738071756544284,,0.013962289571251556,0.013962289571251556,0.013962289571251556,0.21368024707105604,0.013962289571251556,0.013962289571251556,0.21863634843107788,0.013962289571251556,0.013962289571251556,0.013962289571251556,0.21978895298051435,0.22223384537608767,0.013962289571251556
403,family_green,medium,21.481850358610437,walk,1.7259894890135532,0.8601638193590743,0.3745294123250716,0.9896956251615288,True,Vila de Gracia,41.40619897679561,2.1557686004107626,,0.01660141318762871,0.01660141318762871,0.01660141318762871,0.21767091645042752,0.01660141318762871,0.01660141318762871,0.1709966085082586,0.01660141318762871,0.01660141318762871,0.01660141318762871,0.17230510625741882,0.2896146500952367,0.01660141318762871
404,beach_nightlife,high,39.51780943358909,bike,6.266333649322322,0.2990242960859576,0.11200270010138504,0.5696805519646179,False,Montjuic,41.37217183642017,2.1539652065199646,,0.015389318885425026,0.015389318885425026,0.015389318885425026,0.015389318885425026,0.015389318885425026,0.1974953060277241,0.2587582626554353,0.015389318885425026,0.1770253347897934,0.2282172265582219,0.015389318885425026,0.015389318885425026,0.015389318885425026
405,architecture_fans,high,50.31727258375932,walk,3.4628308659680265,0.3161066229392064,0.14305732655361428,0.28232748414237974,False,Poblenou,41.40461271227155,2.196445622433004,,0.2245740317553992,0.2069196951127942,0.18896244485220934,0.01410997522727182,0.01410997522727182,0.01410997522727182,0.01410997522727182,0.2525540512341509,0.01410997522727182,0.01410997522727182,0.01410997522727182,0.01410997522727182,0.01410997522727182
406,history_religion,medium,13.511463005123746,transit,11.08390690560657,0.7615334537260506,0.07187380447019527,0.3790389067124649,False,Sagrada Familia,41.413030796920104,2.1773961199644662,,0.19208639910659345,0.2314465290440916,0.23853977259618717,0.01628997376248203,0.01628997376248203,0.01628997376248203,0.01628997376248203,0.01628997376248203,0.01628997376248203,0.01628997376248203,0.01628997376248203,0.01628997376248203,0.1913175353907895
407,architecture_fans,medium,13.37867158964229,transit,11.220178326665017,0.6622630109270533,0.309797488929597,0.38949840681334513,False,Poblenou,41.40350818638594,2.20411520896189,,0.19944935668950675,0.18763090691091008,0.25758401683699383,0.015491184369559334,0.015491184369559334,0.015491184369559334,0.015491184369559334,0.21591506023655532,0.015491184369559334,0.015491184369559334,0.015491184369559334,0.015491184369559334,0.015491184369559334
408,food_local_markets,medium,22.120332378184695,transit,8.397058674435828,0.8328939874275199,0.5244847246721985,0.6743861649378454,False,La Barceloneta,41.37913317927142,2.1861926120398403,,0.015164199261199428,0.015164199261199428,0.015164199261199428,0.015164199261199428,0.22024349004141236,0.2457597516859588,0.015164199261199428,0.015164199261199428,0.21493637702415785,0.015164199261199428,0.015164199261199428,0.015164199261199428,0.18258258789767615
409,architecture_fans,medium,22.160375941458657,walk,3.0791267573554295,0.5277304668198806,0.44902968068834204,0.5126366863210587,False,Dreta Eixample,41.39101428431198,2.1753726936943214,,0.26246854351655824,0.2116646855566871,0.16909854759648105,0.015067609450470863,0.015067609450470863,0.015067609450470863,0.015067609450470863,0.22115973827603583,0.015067609450470863,0.015067609450470863,0.015067609450470863,0.015067609450470863,0.015067609450470863
410,architecture_fans,medium,15.518688767895,transit,9.53031275770612,0.5026636495866054,0.12162493619202622,0.14037996529759522,False,Sagrada Familia,41.40222538689431,2.1741305158110786,,0.21880105640278036,0.2564990314676061,0.17162419530167125,0.015757475437912685,0.015757475437912685,0.015757475437912685,0.015757475437912685,0.21125843788672807,0.015757475437912685,0.015757475437912685,0.015757475437912685,0.015757475437912685,0.015757475437912685
411,family_green,low,6.981759094947448,transit,7.191505922099462,0.8315612636643891,0.42334391734148263,0.8083809569461553,True,Sarria,41.3906362625421,2.118234795519123,,0.014733983511321882,0.014733983511321882,0.014733983511321882,0.25286921730980566,0.014733983511321882,0.014733983511321882,0.24046789909987112,0.014733983511321882,0.014733983511321882,0.014733983511321882,0.20342192680755733,0.17063510518086902,0.014733983511321882
412,history_religion,medium,19.814048870374474,walk,2.1109269661601666,0.8059212219771695,0.43010848540676944,0.07390510831498233,False,Sant Andreu,41.43534066808279,2.1909456233790805,,0.23731823699366075,0.18022263753513454,0.2304485658470103,0.017107962715990053,0.017107962715990053,0.017107962715990053,0.017107962715990053,0.017107962715990053,0.017107962715990053,0.017107962715990053,0.017107962715990053,0.017107962715990053,0.198038895180284
413,museum_culture,high,42.23912439679931,transit,9.520015905590771,0.22977406346806775,0.6672279063868392,0.4999760856286523,False,La Barceloneta,41.38039464798985,2.1940718332640494,,0.17764007397527123,0.017051441326147675,0.22043137065374302,0.017051441326147675,0.017051441326147675,0.017051441326147675,0.017051441326147675,0.017051441326147675,0.017051441326147675,0.017051441326147675,0.017051441326147675,0.25461944549978943,0.19384613793586722
414,beach_nightlife,medium,10.855309165269162,walk,1.2397638425273687,0.3056859773102466,0.17750359017363362,0.5463761758539253,False,Sagrada Familia,41.40116694391382,2.1769313790576965,,0.014955081688943815,0.014955081688943815,0.014955081688943815,0.014955081688943815,0.014955081688943815,0.16264633916015517,0.2646625595572779,0.014955081688943815,0.21048046077995647,0.22761490530211617,0.014955081688943815,0.014955081688943815,0.014955081688943815
415,family_green,low,6.381538552099031,transit,5.184574605726852,0.8905018839246845,0.47439834456691976,0.6908778839671568,True,Vila de Gracia,41.400653845954494,2.157200823425618,,0.015493180485455007,0.015493180485455007,0.015493180485455007,0.26997281625042,0.015493180485455007,0.015493180485455007,0.1588163841500674,0.015493180485455007,0.015493180485455007,0.015493180485455007,0.18150112820949776,0.2502710470209198,0.015493180485455007
416,museum_culture,medium,23.634977509656316,mixed,8.057189134150411,0.4436000082581022,0.5085356456522444,0.231936029521842,False,Sagrada Familia,41.40627901638685,2.1760070076400226,,0.21792741747212627,0.016301349652164503,0.2639110433206203,0.016301349652164503,0.016301349652164503,0.016301349652164503,0.016301349652164503,0.016301349652164503,0.016301349652164503,0.016301349652164503,0.016301349652164503,0.1743416589203616,0.19710773341741133
417,beach_nightlife,medium,17.58741132092199,transit,8.01796499458468,0.2703691453309028,0.6075855859083458,0.7998192725063237,False,La Barceloneta,41.374988040059385,2.18867716561444,,0.01391481021786963,0.01391481021786963,0.01391481021786963,0.01391481021786963,0.01391481021786963,0.22726476095493342,0.22378530114535589,0.01391481021786963,0.18722127686247253,0.23649536907641144,0.01391481021786963,0.01391481021786963,0.01391481021786963
418,architecture_fans,medium,13.993036203804222,taxi,14.142966924190365,0.5644737871360128,0.08412736426702362,0.2808551569225111,False,El Raval,41.38137408988674,2.1681074148428032,,0.1885274263287885,0.2668663035650362,0.16654307543475608,0.015846328752048684,0.015846328752048684,0.015846328752048684,0.015846328752048684,0.23544623590298108,0.015846328752048684,0.015846328752048684,0.015846328752048684,0.015846328752048684,0.015846328752048684
419,architecture_fans,medium,9.7981897972011,transit,8.034867238754378,0.3704698529063652,0.3401098580491966,0.3141440540444149,True,Sant Andreu,41.43271031232934,2.1925241114990386,,0.21542861058969917,0.1771921971219165,0.26274267162747583,0.015892434165263133,0.015892434165263133,0.015892434165263133,0.015892434165263133,0.20160461317354036,0.015892434165263133,0.015892434165263133,0.015892434165263133,0.015892434165263133,0.015892434165263133
420,history_religion,medium,18.66858403873256,transit,8.346205634792549,0.13422053054537036,0.4709836007855082,0.18531435792396778,False,Vila de Gracia,41.39482879097031,2.1551943495595323,,0.25363532551538365,0.22006651241020733,0.17082396074615425,0.015851199901859524,0.015851199901859524,0.015851199901859524,0.015851199901859524,0.015851199901859524,0.015851199901859524,0.015851199901859524,0.015851199901859524,0.015851199901859524,0.212813402211519
421,food_local_markets,medium,13.968697428618563,mixed,7.1872375672062105,0.38784615359069385,0.7938849892433796,0.7332622909753019,False,Poblenou,41.407261028410645,2.196898614102964,,0.016609350171042012,0.016609350171042012,0.016609350171042012,0.016609350171042012,0.18499484312594675,0.22026579321639742,0.016609350171042012,0.016609350171042012,0.19018219141391518,0.016609350171042012,0.016609350171042012,0.016609350171042012,0.25507302070436255
422,food_local_markets,high,48.690609163825,transit,9.743028303413217,0.6745567140608459,0.5098413097472748,0.5361179591939004,False,Dreta Eixample,41.40221347110723,2.1661404115539784,,0.014964414112772172,0.014964414112772172,0.014964414112772172,0.014964414112772172,0.2569754163561523,0.2426637716451677,0.014964414112772172,0.014964414112772172,0.15386817615845205,0.014964414112772172,0.014964414112772172,0.014964414112772172,0.21181290882527842
423,family_green,high,38.91168863069797,transit,6.399582686255123,0.77249257146855,0.8966936865884433,0.8699719044347813,True,Vila de Gracia,41.40188004310196,2.151871144787932,,0.015143670430755941,0.015143670430755941,0.015143670430755941,0.22955047454895114,0.015143670430755941,0.015143670430755941,0.20788830335546216,0.015143670430755941,0.015143670430755941,0.015143670430755941,0.17310709680246986,0.2531610914163134,0.015143670430755941
424,food_local_markets,high,41.95553239370301,walk,2.778182610409332,0.40973930090248106,0.6076024906260767,0.43545250663846197,False,Poblenou,41.40067942196045,2.204992158859468,,0.014808970499102273,0.014808970499102273,0.014808970499102273,0.014808970499102273,0.20552226980144797,0.2362496656436954,0.014808970499102273,0.014808970499102273,0.22177031901982516,0.014808970499102273,0.014808970499102273,0.014808970499102273,0.20317701104311098
425,history_religion,low,9.304489779559379,mixed,7.426529378697867,0.26411791217549513,0.2635950839109327,0.13234318037946152,False,Gotic,41.381164929431385,2.177278490564457,,0.20484336709781853,0.24386204143277607,0.20512994106852636,0.016616460880834457,0.016616460880834457,0.016616460880834457,0.016616460880834457,0.016616460880834457,0.016616460880834457,0.016616460880834457,0.016616460880834457,0.016616460880834457,0.19661650247336893
426,museum_culture,medium,10.250375804423129,transit,8.430850826268681,0.7029515495227182,0.7055677777571587,0.12856752294367246,True,Gotic,41.374575921215246,2.1740624333614273,,0.16304478793137095,0.015773254535465138,0.2536827989428942,0.015773254535465138,0.015773254535465138,0.015773254535465138,0.015773254535465138,0.015773254535465138,0.015773254535465138,0.015773254535465138,0.015773254535465138,0.24409805939177623,0.1972150629147724
427,history_religion,low,9.632696402409323,transit,5.853894056773225,0.49023449156017684,0.38572915589197077,0.5606634762070165,False,Poblenou,41.40064306039058,2.196726032537764,,0.2241725231711571,0.18152205888927941,0.230795557764521,0.01489893604040018,0.01489893604040018,0.01489893604040018,0.01489893604040018,0.01489893604040018,0.01489893604040018,0.01489893604040018,0.01489893604040018,0.01489893604040018,0.22941943581144095
428,food_local_markets,medium,17.449916046221027,walk,1.678522273515959,0.25056079554984095,0.41496455952166394,0.22251361389977836,False,El Raval,41.383223588240014,2.17131598610297,,0.0143405866130039,0.0143405866130039,0.0143405866130039,0.0143405866130039,0.24172523965951845,0.15554556113373622,0.0143405866130039,0.0143405866130039,0.24222556401128528,0.0143405866130039,0.0143405866130039,0.0143405866130039,0.2314383556784249
429,museum_culture,medium,16.839609623208116,mixed,4.474678657792168,0.5553673275489779,0.39684203370419235,0.551182962457171,True,Dreta Eixample,41.398888395933724,2.1682910379583107,,0.25026688216922516,0.016229823862336363,0.1708955424174501,0.016229823862336363,0.016229823862336363,0.016229823862336363,0.016229823862336363,0.016229823862336363,0.016229823862336363,0.016229823862336363,0.016229823862336363,0.26739876522728917,0.16537039542500825
430,museum_culture,medium,27.64036415108906,transit,9.56555432632316,0.595206109562459,0.7988044703475473,0.25508026930623695,False,Sant Andreu,41.43732399442256,2.180518135919939,,0.24265667586877535,0.014877465365214088,0.17946450096152522,0.014877465365214088,0.014877465365214088,0.014877465365214088,0.014877465365214088,0.014877465365214088,0.014877465365214088,0.014877465365214088,0.014877465365214088,0.20892006033543029,0.23506157454734233
431,history_religion,low,6.238619684547071,transit,7.638171758166116,0.5205574281370133,0.2453792510126949,0.46064813895093537,False,La Barceloneta,41.38335963860654,2.1835774840303834,,0.24176822707622247,0.24426745766520075,0.19857610637694378,0.013751369113340094,0.013751369113340094,0.013751369113340094,0.013751369113340094,0.013751369113340094,0.013751369113340094,0.013751369113340094,0.013751369113340094,0.013751369113340094,0.19162588686157211
432,museum_culture,medium,15.314815333330325,taxi,13.513558574593358,0.5928747611244723,0.7276042851017457,0.4692389887763441,False,Gotic,41.38462139098702,2.1742066223268974,,0.21665547417681438,0.01779226638345968,0.22600971346145518,0.01779226638345968,0.01779226638345968,0.01779226638345968,0.01779226638345968,0.01779226638345968,0.01779226638345968,0.01779226638345968,0.01779226638345968,0.19778504848471345,0.1994193664258799
433,family_green,low,2.802956450186633,taxi,10.079332015112456,0.8897630094713647,0.6145325942647842,0.946139524146534,False,La Barceloneta,41.38778711809517,2.1854870743515082,,0.015549962139959487,0.015549962139959487,0.015549962139959487,0.25593693755706143,0.015549962139959487,0.015549962139959487,0.23604706219027788,0.015549962139959487,0.015549962139959487,0.015549962139959487,0.17041682831752103,0.19764951267550432,0.015549962139959487
434,museum_culture,medium,26.30189409486486,transit,7.019612725934497,0.7539516351129985,0.3672855434580572,0.38383475858294064,False,Sagrada Familia,41.403904188470214,2.1766138716055523,,0.1824932728551909,0.015075374721911108,0.19631274064273946,0.015075374721911108,0.015075374721911108,0.015075374721911108,0.015075374721911108,0.015075374721911108,0.015075374721911108,0.015075374721911108,0.015075374721911108,0.2147550893764769,0.27076052462839273
435,museum_culture,high,36.351810523072444,transit,8.870201683406451,0.5500999641424701,0.6213930873076506,0.6797143008259934,False,Sant Andreu,41.43758929998087,2.1801517299370174,,0.1771760195261689,0.015111379022869242,0.24046825019644766,0.015111379022869242,0.015111379022869242,0.015111379022869242,0.015111379022869242,0.015111379022869242,0.015111379022869242,0.015111379022869242,0.015111379022869242,0.26425675275526306,0.1820965663162972
436,architecture_fans,medium,15.63098411296153,bike,4.624049936938879,0.17021946199198904,0.3276430121817556,0.1438086649121628,False,Dreta Eixample,41.39242018502522,2.1658595579204722,,0.22784967742101078,0.1724414856119825,0.2313335989410812,0.014932693221233464,0.014932693221233464,0.014932693221233464,0.014932693221233464,0.23398099903482433,0.014932693221233464,0.014932693221233464,0.014932693221233464,0.014932693221233464,0.014932693221233464
437,history_religion,high,33.300392278327045,transit,11.069824454508836,0.37968365717135666,0.2650488369725037,0.39740262751024547,False,Sagrada Familia,41.39387460576835,2.1734666706352974,,0.20821200693726138,0.25103526204671966,0.20558170712956145,0.015308615007590887,0.015308615007590887,0.015308615007590887,0.015308615007590887,0.015308615007590887,0.015308615007590887,0.015308615007590887,0.015308615007590887,0.015308615007590887,0.19739348881813953
438,history_religion,medium,11.498868274333203,transit,9.56386850541666,0.6189716336983134,0.6221486492720814,0.49162248053191576,False,El Raval,41.37664350312305,2.170006416756107,,0.17156703992352343,0.18365650349612878,0.26660006590816504,0.014978304065207313,0.014978304065207313,0.014978304065207313,0.014978304065207313,0.014978304065207313,0.014978304065207313,0.014978304065207313,0.014978304065207313,0.014978304065207313,0.24337165408531694
439,museum_culture,high,41.454088062802285,transit,6.193790061499703,0.7750324777433812,0.7021781936113216,0.5558120139653152,False,Dreta Eixample,41.38812706615038,2.1638317178464677,,0.25442516000803606,0.014956906095384144,0.2579603661106328,0.014956906095384144,0.014956906095384144,0.014956906095384144,0.014956906095384144,0.014956906095384144,0.014956906095384144,0.014956906095384144,0.014956906095384144,0.18131869454062227,0.1716836244822515
440,architecture_fans,high,38.0007122477091,taxi,14.62112819506855,0.21133235676023385,0.5349519695974814,0.1571590775836467,False,Gotic,41.38323950974664,2.1682674087767992,,0.1647856301946974,0.2748994214504039,0.24298620449226244,0.01625010025593617,0.01625010025593617,0.01625010025593617,0.01625010025593617,0.17107784155921063,0.01625010025593617,0.01625010025593617,0.01625010025593617,0.01625010025593617,0.01625010025593617
441,food_local_markets,high,38.30297303671982,walk,2.0134097470683514,0.6422404515928642,0.9054274182031858,0.6976626813172166,False,Gotic,41.380770113896574,2.170433612138052,,0.015207972617204654,0.015207972617204654,0.015207972617204654,0.015207972617204654,0.2306115688504568,0.2139340129362258,0.015207972617204654,0.015207972617204654,0.1677210901745549,0.015207972617204654,0.015207972617204654,0.015207972617204654,0.2508615744839206
442,family_green,medium,23.870996728220753,walk,1.3248743577950344,0.7497746593621251,0.7061909091985993,0.4637106335515644,True,Montjuic,41.37069898100315,2.154395924890411,,0.014303121649322808,0.014303121649322808,0.014303121649322808,0.1492582268195918,0.014303121649322808,0.014303121649322808,0.2375173853941389,0.014303121649322808,0.014303121649322808,0.014303121649322808,0.25675982357884347,0.2277364693635205,0.014303121649322808
443,family_green,medium,18.26467037026771,transit,5.960248348428632,0.35842702432881046,0.8086111556290707,0.8753844130250688,False,Gotic,41.38384708384715,2.1755766555250413,,0.016744557960075956,0.016744557960075956,0.016744557960075956,0.21482663909179556,0.016744557960075956,0.016744557960075956,0.2327667314810103,0.016744557960075956,0.016744557960075956,0.016744557960075956,0.19816723916426815,0.20353836862224245,0.016744557960075956
444,food_local_markets,medium,14.83942353530152,walk,1.3425562356053242,0.42197743570310703,0.3289040326388995,0.38972172932535015,False,Sagrada Familia,41.40174575744057,2.1725763703193013,,0.015298290963330442,0.015298290963330442,0.015298290963330442,0.015298290963330442,0.21438410160781735,0.22694138718146076,0.015298290963330442,0.015298290963330442,0.25857103755709526,0.015298290963330442,0.015298290963330442,0.015298290963330442,0.1624188549836526
445,history_religion,high,49.39055077555529,transit,6.599968583068344,0.6124202427248082,0.3020194175367034,0.35590972130628895,False,Dreta Eixample,41.39412703321209,2.1680287628158452,,0.2834505071448517,0.2013420993267037,0.1681436015304059,0.016670115181638696,0.016670115181638696,0.016670115181638696,0.016670115181638696,0.016670115181638696,0.016670115181638696,0.016670115181638696,0.016670115181638696,0.016670115181638696,0.19703275536329054
446,food_local_markets,medium,15.188394640056543,walk,1.441035859571123,0.5613308844487721,0.9062027266303164,0.24170379363817002,False,Dreta Eixample,41.39232245759032,2.16795323670201,,0.015594102545914996,0.015594102545914996,0.015594102545914996,0.015594102545914996,0.20747165366684533,0.27526814245018333,0.015594102545914996,0.015594102545914996,0.16919587656942817,0.015594102545914996,0.015594102545914996,0.015594102545914996,0.2077174044003082
447,architecture_fans,medium,30.104692578294184,transit,6.523027672190033,0.1443363385886614,0.31122483769258596,0.4566899758356815,False,El Raval,41.38418763447087,2.16690510613054,,0.22463007245023547,0.1842002293148682,0.27593463088631354,0.015874868090851747,0.015874868090851747,0.015874868090851747,0.015874868090851747,0.172361254530917,0.015874868090851747,0.015874868090851747,0.015874868090851747,0.015874868090851747,0.015874868090851747
448,beach_nightlife,medium,17.256327046163964,bike,6.0101280207483585,0.3474881347409437,0.2939197742614983,0.8891493594657217,False,El Raval,41.38369234293406,2.168115298114496,,0.016353820495739326,0.016353820495739326,0.016353820495739326,0.016353820495739326,0.016353820495739326,0.23333528705531453,0.1887190810851548,0.016353820495739326,0.20718889245687624,0.22357235494100056,0.016353820495739326,0.016353820495739326,0.016353820495739326
449,history_religion,low,5.302942171460145,walk,1.8718906997327327,0.17570753380176474,0.39081877406244964,0.18763092055934105,False,Dreta Eixample,41.38565370461725,2.163227796543772,,0.20604636666630013,0.24458183665189293,0.22387921323047955,0.01587484942349572,0.01587484942349572,0.01587484942349572,0.01587484942349572,0.01587484942349572,0.01587484942349572,0.01587484942349572,0.01587484942349572,0.01587484942349572,0.18261893863986595
450,architecture_fans,low,9.148247020468212,transit,11.629987279346636,0.263763521897148,0.6141575234970192,0.2680546327129753,False,Vila de Gracia,41.40222602781781,2.151687358776557,,0.15589406147962584,0.2544743104364485,0.2391090156839273,0.015163776014557933,0.015163776014557933,0.015163776014557933,0.015163776014557933,0.214048628268977,0.015163776014557933,0.015163776014557933,0.015163776014557933,0.015163776014557933,0.015163776014557933
451,food_local_markets,low,5.503171316651232,transit,10.944990856847298,0.6613779063601641,0.784586626289477,0.19796110365928649,False,El Raval,41.3799341158294,2.1651096158791456,,0.016502873911808998,0.016502873911808998,0.016502873911808998,0.016502873911808998,0.28360497376559707,0.17205905165834395,0.016502873911808998,0.016502873911808998,0.2300820336803152,0.016502873911808998,0.016502873911808998,0.016502873911808998,0.16572807568946277
452,food_local_markets,medium,15.889797827468659,mixed,7.40607444948836,0.5222657905253406,0.6442653953033607,0.7080360696971431,False,Dreta Eixample,41.38718486503792,2.165142547590361,,0.016134909860435278,0.016134909860435278,0.016134909860435278,0.016134909860435278,0.25157104241705014,0.17734611908018663,0.016134909860435278,0.016134909860435278,0.22837394397100258,0.016134909860435278,0.016134909860435278,0.016134909860435278,0.19749470578784312
453,museum_culture,high,22.267043800889,transit,4.869339962257306,0.8018872966719518,0.5754889753118089,0.18351877869172273,True,Gotic,41.385763139694866,2.170243176466636,,0.2788672160957492,0.01652202391491505,0.16570188868762148,0.01652202391491505,0.01652202391491505,0.01652202391491505,0.01652202391491505,0.01652202391491505,0.01652202391491505,0.01652202391491505,0.01652202391491505,0.2010792298869392,0.2056534500954547
454,museum_culture,medium,11.834744799454349,bike,4.912906353065246,0.8282472051435434,0.5867400859093453,0.45995710710656873,False,Dreta Eixample,41.393926472803216,2.1694201597851577,,0.17608093784849094,0.016236856459100602,0.25683961588472837,0.016236856459100602,0.016236856459100602,0.016236856459100602,0.016236856459100602,0.016236856459100602,0.016236856459100602,0.016236856459100602,0.016236856459100602,0.2271648699546584,0.1937828681802168
455,architecture_fans,high,45.174620591194255,mixed,3.2974087246482298,0.4894179238000996,0.36979440040342526,0.3292025983262705,False,Poblenou,41.40717531251049,2.2069752339593656,,0.22305361111537625,0.23768711723421765,0.20871060606549527,0.014155678797779486,0.014155678797779486,0.014155678797779486,0.014155678797779486,0.20314755640489543,0.014155678797779486,0.014155678797779486,0.014155678797779486,0.014155678797779486,0.014155678797779486
456,food_local_markets,low,6.512341498956856,bike,5.323898316110063,0.17361708482686863,0.4347464131394561,0.5598339705949148,False,Dreta Eixample,41.397209801508374,2.1664872725079243,,0.013703207242764416,0.013703207242764416,0.013703207242764416,0.013703207242764416,0.23192776353889002,0.1789915446565259,0.013703207242764416,0.013703207242764416,0.2221407567075088,0.013703207242764416,0.013703207242764416,0.013703207242764416,0.2436110699121955
457,architecture_fans,low,4.512838814920274,transit,6.6568791942334675,0.34615534688976035,0.5156855983454829,0.206519152567572,False,La Barceloneta,41.3792495849973,2.1873575136442427,,0.19667868783298495,0.19482102505605745,0.1837665106993198,0.01832179666094848,0.01832179666094848,0.01832179666094848,0.01832179666094848,0.25983760646310156,0.01832179666094848,0.01832179666094848,0.01832179666094848,0.01832179666094848,0.01832179666094848
458,architecture_fans,high,30.771321356078705,walk,1.9751457026892811,0.47794615061318746,0.5571231425238637,0.38948918646744884,False,Dreta Eixample,41.39941387043451,2.161096043524535,,0.17311486211996038,0.21908185572916272,0.2161067280239182,0.015551577388660661,0.015551577388660661,0.015551577388660661,0.015551577388660661,0.25173235762901275,0.015551577388660661,0.015551577388660661,0.015551577388660661,0.015551577388660661,0.015551577388660661
459,family_green,high,30.526745102064055,transit,4.705241930540008,0.77698723686982,0.9018028161292967,0.7949495781342415,True,La Barceloneta,41.37810687676962,2.193058846855273,,0.01478571142035173,0.01478571142035173,0.01478571142035173,0.2654467646093157,0.01478571142035173,0.01478571142035173,0.2391787886951046,0.01478571142035173,0.01478571142035173,0.01478571142035173,0.16509105542708033,0.19721198848533375,0.01478571142035173
460,history_religion,medium,20.313249481228173,transit,9.914647584004111,0.4662521666355993,0.31904932813139836,0.49045961900069673,False,Dreta Eixample,41.39611369010569,2.164441910453643,,0.2526608779535527,0.25296381591365014,0.17503322557738485,0.015099327144177456,0.015099327144177456,0.015099327144177456,0.015099327144177456,0.015099327144177456,0.015099327144177456,0.015099327144177456,0.015099327144177456,0.015099327144177456,0.18344813625781523
461,family_green,medium,13.769876922335987,transit,5.439783139871541,0.9145867203737195,0.63787688808541,0.778316911831029,True,Dreta Eixample,41.388275537667205,2.1676903722075527,,0.016577254808203337,0.016577254808203337,0.016577254808203337,0.24721172521869983,0.016577254808203337,0.016577254808203337,0.17298085407712593,0.016577254808203337,0.016577254808203337,0.016577254808203337,0.25219581721523615,0.17841631021510795,0.016577254808203337
462,history_religion,high,43.65162125423735,bike,6.375568340965826,0.39111770040668103,0.7497087955226264,0.685631889578181,False,Sarria,41.39524689083116,2.118122970621603,,0.22716217684292925,0.21959654028888143,0.21814630098619686,0.013156081248282981,0.013156081248282981,0.013156081248282981,0.013156081248282981,0.013156081248282981,0.013156081248282981,0.013156081248282981,0.013156081248282981,0.013156081248282981,0.21669025064744557
463,history_religion,medium,13.404597191780733,transit,11.951781872375758,0.5346119984160326,0.5448911585463962,0.5353116897231831,False,Dreta Eixample,41.3938370214552,2.1639507277157337,,0.21871201175458124,0.23848193643144477,0.22448590021985826,0.016278850169192716,0.016278850169192716,0.016278850169192716,0.016278850169192716,0.016278850169192716,0.016278850169192716,0.016278850169192716,0.016278850169192716,0.016278850169192716,0.17181050007138135
464,architecture_fans,high,44.50401446973437,transit,8.739721422656446,0.5835460347922785,0.287900775924492,0.3040472497424299,True,El Raval,41.38111831288074,2.168902743481464,,0.24446095475791677,0.24357086671987588,0.1628423505512588,0.01617888471067553,0.01617888471067553,0.01617888471067553,0.01617888471067553,0.20351586557486875,0.01617888471067553,0.01617888471067553,0.01617888471067553,0.01617888471067553,0.01617888471067553
465,beach_nightlife,low,9.570447233843591,transit,9.566036197292325,0.5543775060195941,0.2775605414014882,0.7208530398073166,False,La Barceloneta,41.384939938140334,2.193731367989655,,0.013395071566965611,0.013395071566965611,0.013395071566965611,0.013395071566965611,0.013395071566965611,0.1839394152181626,0.22426600914724965,0.013395071566965611,0.2339571150627834,0.2372818164691138,0.013395071566965611,0.013395071566965611,0.013395071566965611
466,museum_culture,medium,20.78458076382033,transit,5.661725655204446,0.4656080870870479,0.42249434344349146,0.24769600619167537,True,Dreta Eixample,41.394727834917255,2.1707344673891877,,0.19573075365430137,0.013782709081682927,0.23277478955448513,0.013782709081682927,0.013782709081682927,0.013782709081682927,0.013782709081682927,0.013782709081682927,0.013782709081682927,0.013782709081682927,0.013782709081682927,0.20783938963389717,0.23961068542217004
467,architecture_fans,high,44.07036985198528,transit,8.743414890115726,0.488164108049217,0.43411280798583507,0.6568831857624108,False,Sagrada Familia,41.402464562722734,2.175214372031536,,0.2266467566599171,0.2148648190575307,0.23112660167750435,0.0128667979211233,0.0128667979211233,0.0128667979211233,0.0128667979211233,0.2115606413149382,0.0128667979211233,0.0128667979211233,0.0128667979211233,0.0128667979211233,0.0128667979211233
468,history_religion,medium,20.624871140570942,transit,6.202817973642852,0.49448044803109054,0.5872018062213032,0.14839445210246613,False,Gotic,41.378805882698245,2.1802028905860062,,0.2650723458794536,0.1960871574243029,0.1615326246644806,0.01487382503969788,0.01487382503969788,0.01487382503969788,0.01487382503969788,0.01487382503969788,0.01487382503969788,0.01487382503969788,0.01487382503969788,0.01487382503969788,0.2434434466744819
469,architecture_fans,medium,19.47733420678703,transit,8.999111319761576,0.2784800004991604,0.2418220403123606,0.10807106956764727,True,El Raval,41.37496628690995,2.168925479775815,,0.23662746964648265,0.23954561732060675,0.23196248837242808,0.013798561927288722,0.013798561927288722,0.013798561927288722,0.013798561927288722,0.16767736731488395,0.013798561927288722,0.013798561927288722,0.013798561927288722,0.013798561927288722,0.013798561927288722
470,museum_culture,high,39.17113735251647,transit,11.882875813604457,0.7582558822756392,0.4277767533496976,0.3006657109950148,False,Vila de Gracia,41.39748618168876,2.158444180273071,,0.2378201175343024,0.013854934995134776,0.2098384619137631,0.013854934995134776,0.013854934995134776,0.013854934995134776,0.013854934995134776,0.013854934995134776,0.013854934995134776,0.013854934995134776,0.013854934995134776,0.1783631386605342,0.2492838669351873
471,family_green,medium,16.026625474305316,bike,3.8111096263861652,0.5692705355884959,0.8134941307543543,0.827926266523929,True,La Barceloneta,41.37938666898691,2.193695878165751,,0.01604275790018729,0.01604275790018729,0.01604275790018729,0.18327025739810904,0.01604275790018729,0.01604275790018729,0.2571698965345342,0.01604275790018729,0.01604275790018729,0.01604275790018729,0.22318378432768013,0.19199124063799108,0.01604275790018729
472,history_religion,low,5.836701311935536,bike,5.5731200528078695,0.7201861505615881,0.534827232005308,0.3681393641256383,False,Poblenou,41.40619360829054,2.2063808486924144,,0.17730885094784513,0.20241833206074905,0.1877970011112436,0.016317148249744964,0.016317148249744964,0.016317148249744964,0.016317148249744964,0.016317148249744964,0.016317148249744964,0.016317148249744964,0.016317148249744964,0.016317148249744964,0.28562148163245754
473,family_green,high,37.31528154711356,mixed,4.397591314955317,0.8150385970596421,0.7787766155164565,0.6350979408037941,True,Poblenou,41.39823749804574,2.201189490691729,,0.015456324872318886,0.015456324872318886,0.015456324872318886,0.16108994537354532,0.015456324872318886,0.015456324872318886,0.2650661266506362,0.015456324872318886,0.015456324872318886,0.015456324872318886,0.27270187914924077,0.16203512497570774,0.015456324872318886
474,food_local_markets,low,11.94603160784695,mixed,6.508793731477387,0.8467012856037024,0.40151176131445127,0.49687432518359603,False,El Raval,41.38748100349445,2.171769604529562,,0.014281507244645535,0.014281507244645535,0.014281507244645535,0.014281507244645535,0.2005731150905534,0.24196312023630906,0.014281507244645535,0.014281507244645535,0.2253516956449254,0.014281507244645535,0.014281507244645535,0.014281507244645535,0.2035785038264023
475,family_green,low,8.940355263617402,mixed,2.821713888253142,0.7795571408985047,0.8273264275658972,0.7964576504669121,True,Vila de Gracia,41.39610372983717,2.155947296510366,,0.014751965364724192,0.014751965364724192,0.014751965364724192,0.23454455931297616,0.014751965364724192,0.014751965364724192,0.2301664133960261,0.014751965364724192,0.014751965364724192,0.014751965364724192,0.1612684063708295,0.24125293263765046,0.014751965364724192
476,history_religion,medium,19.638418435139712,mixed,3.516464084447296,0.649787337894625,0.6654161185905724,0.4059847637243095,False,Vila de Gracia,41.39935835911272,2.14968741409781,,0.24251132131752476,0.26037892843729626,0.1810725449116975,0.01613750294743455,0.01613750294743455,0.01613750294743455,0.01613750294743455,0.01613750294743455,0.01613750294743455,0.01613750294743455,0.01613750294743455,0.01613750294743455,0.1707996788065705
477,family_green,medium,30.763545270750768,transit,6.58291870434839,0.7779175906060518,0.4697848762131552,0.8479080322801952,True,Dreta Eixample,41.3915294778429,2.160952312420997,,0.015801751545298125,0.015801751545298125,0.015801751545298125,0.21230349462059914,0.015801751545298125,0.015801751545298125,0.2508467290827221,0.015801751545298125,0.015801751545298125,0.015801751545298125,0.2154905731815642,0.17914343920743145,0.015801751545298125
478,family_green,medium,17.45462525512389,transit,4.675710889012773,0.48994375998942796,0.50317322382005,0.96012637354946,True,Dreta Eixample,41.39242505772616,2.16919614835195,,0.013971034408184905,0.013971034408184905,0.013971034408184905,0.2236186718859735,0.013971034408184905,0.013971034408184905,0.23205213323298526,0.013971034408184905,0.013971034408184905,0.013971034408184905,0.19339393206174768,0.22519595314562946,0.013971034408184905
479,history_religion,medium,9.534505048573035,walk,1.7788072193997528,0.5025518607346299,0.23472102702384043,0.7098859417845942,True,Dreta Eixample,41.39099220547358,2.1690295715660426,,0.18428618801528326,0.24349033891641209,0.2552528292332519,0.016202351006127526,0.016202351006127526,0.016202351006127526,0.016202351006127526,0.016202351006127526,0.016202351006127526,0.016202351006127526,0.016202351006127526,0.016202351006127526,0.171149484779905
480,architecture_fans,medium,23.427616343932357,bike,5.95011264302609,0.6600967764254857,0.20890931507103472,0.2703981288944641,False,Poblenou,41.39899204754997,2.2019801710087044,,0.19202028095766827,0.2125465025276685,0.21657696416694,0.019012153723052122,0.019012153723052122,0.019012153723052122,0.019012153723052122,0.20774686884025412,0.019012153723052122,0.019012153723052122,0.019012153723052122,0.019012153723052122,0.019012153723052122
481,family_green,low,3.8153650789003763,transit,5.7316848446589965,0.708981615238399,0.532297479233548,0.9448892098199357,True,Gotic,41.38428798470855,2.1746557221084526,,0.015212472232280115,0.015212472232280115,0.015212472232280115,0.23423376661317635,0.015212472232280115,0.015212472232280115,0.2573293357583605,0.015212472232280115,0.015212472232280115,0.015212472232280115,0.15886300588662977,0.21266164165131232,0.015212472232280115
482,architecture_fans,medium,13.075282420757445,taxi,13.530121612951554,0.4953694701340878,0.3671961111804317,0.3540184221955684,False,Sagrada Familia,41.40984230108075,2.177403825219957,,0.21992932587742808,0.2525598315766282,0.1702091938675523,0.014222222991150167,0.014222222991150167,0.014222222991150167,0.014222222991150167,0.22930164175803996,0.014222222991150167,0.014222222991150167,0.014222222991150167,0.014222222991150167,0.014222222991150167
483,family_green,low,7.311650139280416,mixed,6.937327146134659,0.7671506294987713,0.638354549527201,0.8688020812852205,True,Sagrada Familia,41.400434591731695,2.175745196856036,,0.01567177490978697,0.01567177490978697,0.01567177490978697,0.21423931400615284,0.01567177490978697,0.01567177490978697,0.1820601880530681,0.01567177490978697,0.01567177490978697,0.01567177490978697,0.21549290076211383,0.24716162299058259,0.01567177490978697
484,architecture_fans,medium,16.002274435414925,walk,1.529460934228487,0.2945377301926474,0.3240708406064946,0.13796754570747838,False,El Raval,41.379994995308316,2.1680184976084234,,0.20607773868993695,0.25106013375987435,0.2316807852110298,0.014331082920813216,0.014331082920813216,0.014331082920813216,0.014331082920813216,0.18220159605183997,0.014331082920813216,0.014331082920813216,0.014331082920813216,0.014331082920813216,0.014331082920813216
485,family_green,medium,23.74905801932679,transit,9.587949024314437,0.9233286647613109,0.5470907261760531,0.8028054947682267,False,Sarria,41.400149164100775,2.116752854035785,,0.01568438970069066,0.01568438970069066,0.01568438970069066,0.1804676930664354,0.01568438970069066,0.01568438970069066,0.21747621702959988,0.01568438970069066,0.01568438970069066,0.01568438970069066,0.21939469426775754,0.2415018883299913,0.01568438970069066
486,history_religion,high,41.89911215313879,transit,11.010979962846031,0.46164085848074965,0.5327795963111531,0.3900466077256063,False,Dreta Eixample,41.396783576729085,2.156765893684128,,0.2342864141970125,0.20927386101894055,0.22173307560945799,0.014819116167414648,0.014819116167414648,0.014819116167414648,0.014819116167414648,0.014819116167414648,0.014819116167414648,0.014819116167414648,0.014819116167414648,0.014819116167414648,0.2013346036678572
487,museum_culture,low,7.126686307389689,mixed,5.518431482187507,0.7900211488782524,0.403708457012958,0.3821421506888448,False,Gotic,41.386108757941734,2.1717061201025,,0.21257505697238138,0.014196548451230423,0.16147941261596768,0.014196548451230423,0.014196548451230423,0.014196548451230423,0.014196548451230423,0.014196548451230423,0.014196548451230423,0.014196548451230423,0.014196548451230423,0.2438263892066041,0.25435020514397305
488,museum_culture,medium,16.157182248368844,bike,7.0976988303106054,0.7450056616271085,0.6173260367652328,0.5777064266782714,False,Gotic,41.38296756668009,2.179222626423248,,0.23344573905192592,0.014584300372532135,0.21417137083186094,0.014584300372532135,0.014584300372532135,0.014584300372532135,0.014584300372532135,0.014584300372532135,0.014584300372532135,0.014584300372532135,0.014584300372532135,0.18741285889590217,0.23371132786752177
489,food_local_markets,medium,20.77542124798029,walk,2.0653123019357778,0.5038550739466285,0.5916572466352334,0.5293885294499786,False,Dreta Eixample,41.39326237993871,2.170020517075886,,0.01304087315043828,0.01304087315043828,0.01304087315043828,0.01304087315043828,0.2294209444682941,0.22587309956399795,0.01304087315043828,0.01304087315043828,0.23118401255365936,0.01304087315043828,0.01304087315043828,0.01304087315043828,0.196154085060104
490,museum_culture,low,7.205769014452799,walk,1.8789431052545462,0.5967024928577401,0.7419099116417389,0.22086982551053694,False,Sagrada Familia,41.40301794028209,2.171237941173895,,0.2258908957075049,0.015734664445173487,0.15963709999300846,0.015734664445173487,0.015734664445173487,0.015734664445173487,0.015734664445173487,0.015734664445173487,0.015734664445173487,0.015734664445173487,0.015734664445173487,0.2634189889209223,0.20944103537200293
491,family_green,medium,8.716548784058073,transit,5.219815958777632,0.7994764017325445,0.5713849925124388,0.9808419317514242,True,La Barceloneta,41.38368292826981,2.184206272123614,,0.015405785122789074,0.015405785122789074,0.015405785122789074,0.2579580055755724,0.015405785122789074,0.015405785122789074,0.2500193215412645,0.015405785122789074,0.015405785122789074,0.015405785122789074,0.16381273096177104,0.18955787581629044,0.015405785122789074
492,architecture_fans,medium,22.600447571659146,transit,6.508941590498423,0.398132048940539,0.6406291729322006,0.554011369461394,False,Gotic,41.38990229857742,2.178765345594164,,0.2848887496445899,0.16715922796067073,0.19594869727403916,0.016714252620533786,0.016714252620533786,0.016714252620533786,0.016714252620533786,0.20157505153589614,0.016714252620533786,0.016714252620533786,0.016714252620533786,0.016714252620533786,0.016714252620533786
493,food_local_markets,medium,16.595582704461105,mixed,5.7333865897673615,0.4914934588089294,0.582696651295306,0.26244017061415287,False,El Raval,41.37746957847895,2.1612965849366677,,0.014540190615413971,0.014540190615413971,0.014540190615413971,0.014540190615413971,0.2046461079657876,0.22708663687981084,0.014540190615413971,0.014540190615413971,0.20505940079977933,0.014540190615413971,0.014540190615413971,0.014540190615413971,0.23234613881589644
494,history_religion,low,5.495803295336064,transit,8.86018015727245,0.5859976405711502,0.3957664770590678,0.34745262769063323,False,El Raval,41.379127690507026,2.1666296401708456,,0.2247020763229903,0.2470263308581415,0.1846253203020677,0.014673514309862712,0.014673514309862712,0.014673514309862712,0.014673514309862712,0.014673514309862712,0.014673514309862712,0.014673514309862712,0.014673514309862712,0.014673514309862712,0.2115846437280361
495,architecture_fans,medium,13.63203032766204,mixed,8.087417058804704,0.4358544314373461,0.5285173255738388,0.2289126656197939,False,Gotic,41.382417181588444,2.178435105095434,,0.2726883470739672,0.17997432215786924,0.19925913736496284,0.01556345652881447,0.01556345652881447,0.01556345652881447,0.01556345652881447,0.20800708464387047,0.01556345652881447,0.01556345652881447,0.01556345652881447,0.01556345652881447,0.01556345652881447
496,history_religion,high,52.849732539162275,transit,11.396516466513972,0.4473074840236987,0.26552452302453944,0.4353073665131638,False,El Raval,41.37274739821019,2.1701084937650807,,0.22674729673736932,0.19685526194645672,0.21211872774709867,0.014026867363240575,0.014026867363240575,0.014026867363240575,0.014026867363240575,0.014026867363240575,0.014026867363240575,0.014026867363240575,0.014026867363240575,0.014026867363240575,0.23803690729991017
497,beach_nightlife,medium,18.667516111033663,transit,11.698162584209214,0.4562260766806169,0.3693987467085932,0.7052185022137407,False,La Barceloneta,41.3811578893434,2.1942895050506643,,0.01499230739681447,0.01499230739681447,0.01499230739681447,0.01499230739681447,0.01499230739681447,0.24519367507251055,0.23420666001862275,0.01499230739681447,0.21674019469478015,0.1689287036427563,0.01499230739681447,0.01499230739681447,0.01499230739681447
498,food_local_markets,low,8.80255347911935,transit,10.446445530154138,0.6689639428427955,0.43189919891828826,0.23306719736274367,False,Sagrada Familia,41.4066531301859,2.1689913437717956,,0.0151952848923386,0.0151952848923386,0.0151952848923386,0.0151952848923386,0.21148581181030118,0.21585243986697905,0.0151952848923386,0.0151952848923386,0.21472864849079212,0.0151952848923386,0.0151952848923386,0.0151952848923386,0.22117553580088026
499,history_religion,medium,15.687710309827905,mixed,3.8122227587270583,0.45037251141059675,0.5904026790749966,0.5533484656773493,False,El Raval,41.37982439763688,2.169335877066535,,0.1922502130943861,0.25888477802529525,0.224815968899341,0.016581658065599927,0.016581658065599927,0.016581658065599927,0.016581658065599927,0.016581658065599927,0.016581658065599927,0.016581658065599927,0.016581658065599927,0.016581658065599927,0.17481411739057823
500,family_green,medium,16.842103605309717,bike,6.115244502701351,0.5910050535536135,0.5765543643948865,0.9456836425355127,True,La Barceloneta,41.37886773517629,2.191799601735932,,0.01605041608711982,0.01605041608711982,0.01605041608711982,0.24278074658621868,0.01605041608711982,0.01605041608711982,0.19917670222508613,0.01605041608711982,0.01605041608711982,0.01605041608711982,0.17923085811393544,0.23435794829068132,0.01605041608711982
501,museum_culture,medium,18.558773487207297,mixed,7.150308674985769,0.8001428436658201,0.43584214942785593,0.7071051406739864,False,Poblenou,41.39763245283594,2.203070596569902,,0.1852447331164389,0.016510813587348527,0.23289794302863948,0.016510813587348527,0.016510813587348527,0.016510813587348527,0.016510813587348527,0.016510813587348527,0.016510813587348527,0.016510813587348527,0.016510813587348527,0.23402120530674372,0.19923879626204113
502,family_green,medium,23.985677112635774,transit,4.815947276176711,0.739844966562832,0.7401688568442821,0.9721696877483357,True,Sant Andreu,41.428594724642814,2.192614233035137,,0.015693418703555465,0.015693418703555465,0.015693418703555465,0.17837542645923438,0.015693418703555465,0.015693418703555465,0.18275157515638188,0.015693418703555465,0.015693418703555465,0.015693418703555465,0.2677602245126449,0.22987200553973966,0.015693418703555465
503,beach_nightlife,low,10.96939091458215,bike,5.124906455890008,0.2490796761970462,0.5040370174869059,0.8934459104782793,False,Les Corts,41.385834633614586,2.12641509380732,,0.017147820521150322,0.017147820521150322,0.017147820521150322,0.017147820521150322,0.017147820521150322,0.21619377835388456,0.1890704995568606,0.017147820521150322,0.25418149026884895,0.186223847130053,0.017147820521150322,0.017147820521150322,0.017147820521150322
504,architecture_fans,medium,17.272317038186642,transit,5.197838908234594,0.1741733846470073,0.10651718723421456,0.4633859313820196,False,Gotic,41.387020233344515,2.1775517653459597,,0.25641667020317954,0.23507171471498603,0.18829441185748907,0.01683489982035349,0.01683489982035349,0.01683489982035349,0.01683489982035349,0.16870310484116396,0.01683489982035349,0.01683489982035349,0.01683489982035349,0.01683489982035349,0.01683489982035349
505,architecture_fans,medium,23.452538804112148,transit,9.457425140735214,0.3741887393385377,0.12719785221160226,0.33109488996867187,False,La Barceloneta,41.374717958104256,2.1883316844396066,,0.2518607110579788,0.17644963085874202,0.23957641836804391,0.01429043179737695,0.01429043179737695,0.01429043179737695,0.01429043179737695,0.20349935353884274,0.01429043179737695,0.01429043179737695,0.01429043179737695,0.01429043179737695,0.01429043179737695
506,architecture_fans,medium,16.79449047014926,transit,9.598445421474302,0.37765431945796496,0.39821052280269925,0.8221069904269008,False,Montjuic,41.371827286187106,2.1608546969566733,,0.21116360437439982,0.18714337895797994,0.2770352041521801,0.015886558933275483,0.015886558933275483,0.015886558933275483,0.015886558933275483,0.1816787821159608,0.015886558933275483,0.015886558933275483,0.015886558933275483,0.015886558933275483,0.015886558933275483
507,food_local_markets,medium,14.589368650777134,walk,2.6207693961458056,0.6914158587120164,0.8625081167741936,0.29078851684894264,False,Sant Andreu,41.43199035987421,2.1907186614622023,,0.01673637303451205,0.01673637303451205,0.01673637303451205,0.01673637303451205,0.1903807548353053,0.1877659089036635,0.01673637303451205,0.01673637303451205,0.18315817962325978,0.01673637303451205,0.01673637303451205,0.01673637303451205,0.28806779932716303
508,architecture_fans,high,50.629694170448,transit,10.599002814357368,0.35137713712673524,0.49286560346862557,0.5761545242030529,False,La Barceloneta,41.38519363098995,2.1942086953257234,,0.1771304464943291,0.23807953272575413,0.24256056334559747,0.016172191518312985,0.016172191518312985,0.016172191518312985,0.016172191518312985,0.19667973376950243,0.016172191518312985,0.016172191518312985,0.016172191518312985,0.016172191518312985,0.016172191518312985
509,family_green,medium,32.6182167880233,bike,6.400004854438224,0.866835473199815,0.7920341299022253,0.8399158196099938,False,Sant Andreu,41.43214841165318,2.191013230412634,,0.014665745278142125,0.014665745278142125,0.014665745278142125,0.22103280466956066,0.014665745278142125,0.014665745278142125,0.21195972187301645,0.014665745278142125,0.014665745278142125,0.014665745278142125,0.17992963747593319,0.2550861284782106,0.014665745278142125
510,architecture_fans,medium,9.54693798461997,walk,2.260804226981013,0.6070839084015098,0.5341013913254216,0.09516492091661176,True,Gotic,41.38733064598066,2.1733798924488275,,0.25322280105242756,0.21012504088875755,0.2148612693905581,0.015224923560256828,0.015224923560256828,0.015224923560256828,0.015224923560256828,0.18476657662594534,0.015224923560256828,0.015224923560256828,0.015224923560256828,0.015224923560256828,0.015224923560256828
511,food_local_markets,low,5.598049823824844,bike,4.016430527339816,0.7034266264341608,0.5791658749136447,0.5356166333662428,False,Sagrada Familia,41.40591735308168,2.176688553039586,,0.01783801610411912,0.01783801610411912,0.01783801610411912,0.01783801610411912,0.23110929098682942,0.18637924699613959,0.01783801610411912,0.01783801610411912,0.2347502047250615,0.01783801610411912,0.01783801610411912,0.01783801610411912,0.18721911235489747
512,beach_nightlife,high,40.549012542442,walk,2.740694301459863,0.19226263428230922,0.48257420056278827,0.7943337455859026,False,Gotic,41.38158932246102,2.1804022334228708,,0.014908065746579055,0.014908065746579055,0.014908065746579055,0.014908065746579055,0.014908065746579055,0.1943440001240489,0.171783387527803,0.014908065746579055,0.2548916989710717,0.24480832165786487,0.014908065746579055,0.014908065746579055,0.014908065746579055
513,history_religion,high,33.35670910509486,transit,9.928225502185972,0.5786552519930944,0.18673520556761444,0.7796311819726556,False,Sagrada Familia,41.40211740031806,2.1784943465865,,0.18058729589458614,0.20350281746617402,0.26591358871880166,0.015524077724561169,0.015524077724561169,0.015524077724561169,0.015524077724561169,0.015524077724561169,0.015524077724561169,0.015524077724561169,0.015524077724561169,0.015524077724561169,0.2102795983993877
514,family_green,low,8.994603496618073,walk,1.7381615880388637,0.8430404376459588,0.8341130516557423,0.9521675401806562,True,El Raval,41.383955231538195,2.1688618455022333,,0.013572042067750806,0.013572042067750806,0.013572042067750806,0.2401131160219404,0.013572042067750806,0.013572042067750806,0.22026877096159794,0.013572042067750806,0.013572042067750806,0.013572042067750806,0.21397565452081632,0.203494079885888,0.013572042067750806
515,family_green,high,30.751591997863912,walk,2.644236374466076,0.6942312065344032,0.3732690442262401,0.8555923740291457,True,Dreta Eixample,41.39039446776354,2.1576244344184365,,0.016413193647246572,0.016413193647246572,0.016413193647246572,0.24624638645471553,0.016413193647246572,0.016413193647246572,0.25092725052062076,0.016413193647246572,0.016413193647246572,0.016413193647246572,0.17184001828046852,0.18326760191897595,0.016413193647246572
516,food_local_markets,low,7.556380058724743,mixed,5.950171027358785,0.6638024675380287,0.7247696019311729,0.6824431431997368,False,Vila de Gracia,41.40758369781002,2.1544789304651535,,0.015883988824455443,0.015883988824455443,0.015883988824455443,0.015883988824455443,0.208414753715958,0.2555380665369769,0.015883988824455443,0.015883988824455443,0.1661866910512584,0.015883988824455443,0.015883988824455443,0.015883988824455443,0.22690458927570764
517,architecture_fans,high,37.220960659703195,walk,1.5855634571374773,0.6768825909171284,0.31200054874681915,0.4790847263146489,False,Vila de Gracia,41.395516801616,2.16860660636678,,0.22303232172871854,0.1789352541500793,0.23434747186320684,0.015592301743811066,0.015592301743811066,0.015592301743811066,0.015592301743811066,0.22335423656369577,0.015592301743811066,0.015592301743811066,0.015592301743811066,0.015592301743811066,0.015592301743811066
518,history_religion,high,33.59220329984948,walk,2.6263009870582414,0.6292105911028548,0.46875389005418155,0.43913248095338825,False,Sagrada Familia,41.39807887042338,2.175491892976497,,0.20000136348367856,0.2418821019809481,0.1543349397891161,0.01511648872453437,0.01511648872453437,0.01511648872453437,0.01511648872453437,0.01511648872453437,0.01511648872453437,0.01511648872453437,0.01511648872453437,0.01511648872453437,0.2677331962254479
519,architecture_fans,medium,9.917339129479243,transit,10.437082693331016,0.35781333636756246,0.35018445534931875,0.30730626387271986,False,La Barceloneta,41.38191296896944,2.1940608126338437,,0.21526306295378783,0.2811493155108645,0.18532236774635175,0.01567224847491784,0.01567224847491784,0.01567224847491784,0.01567224847491784,0.17721501751473548,0.01567224847491784,0.01567224847491784,0.01567224847491784,0.01567224847491784,0.01567224847491784
520,beach_nightlife,medium,17.751209891819475,walk,2.350680928916967,0.12470584469875796,0.24116978793188829,0.9062255958567313,False,El Raval,41.38229695461079,2.16400532653638,,0.015197302447863893,0.015197302447863893,0.015197302447863893,0.015197302447863893,0.015197302447863893,0.212780810569562,0.19506608801499556,0.015197302447863893,0.2578235574613554,0.19755382192331206,0.015197302447863893,0.015197302447863893,0.015197302447863893
521,beach_nightlife,low,6.463562825914425,mixed,3.001186846960261,0.3300796128391156,0.3030491493352264,0.9107018577526637,False,El Raval,41.382852931292014,2.1669787482288387,,0.014747990037331623,0.014747990037331623,0.014747990037331623,0.014747990037331623,0.014747990037331623,0.21290156852686765,0.21965750205635368,0.014747990037331623,0.226254863489917,0.20845415559087707,0.014747990037331623,0.014747990037331623,0.014747990037331623
522,family_green,low,6.2288655960495,transit,8.040330319527127,0.8463076312207307,0.3805775922491032,0.8346296441408219,True,El Raval,41.369087909747726,2.1645527921183523,,0.013708638159109223,0.013708638159109223,0.013708638159109223,0.24273151497788908,0.013708638159109223,0.013708638159109223,0.16218342825621634,0.013708638159109223,0.013708638159109223,0.013708638159109223,0.23806247222218513,0.23364484111172645,0.013708638159109223
523,architecture_fans,high,36.3057469309269,transit,6.731346447021718,0.44366404438684914,0.1748977157301802,0.37529253028645215,False,Gotic,41.377962840849854,2.178192526611971,,0.19000056699760146,0.2625093029546962,0.22941541333827953,0.015312582176762828,0.015312582176762828,0.015312582176762828,0.015312582176762828,0.18026147711855733,0.015312582176762828,0.015312582176762828,0.015312582176762828,0.015312582176762828,0.015312582176762828
524,family_green,high,41.31638685580024,taxi,8.908313100456617,0.4822803618863245,0.5405974561867609,0.903402575513551,True,Dreta Eixample,41.391652544388094,2.155638881292441,,0.015279629798293974,0.015279629798293974,0.015279629798293974,0.21563052377704142,0.015279629798293974,0.015279629798293974,0.23322144135213158,0.015279629798293974,0.015279629798293974,0.015279629798293974,0.1806727707972668,0.23295859588891443,0.015279629798293974
525,museum_culture,high,39.15975496246262,transit,6.440349082137903,0.6010873713643758,0.3473368912356864,0.5469833609150219,False,El Raval,41.38037229002006,2.1677889057169413,,0.24447780374468595,0.0136810761763938,0.22199455500649465,0.0136810761763938,0.0136810761763938,0.0136810761763938,0.0136810761763938,0.0136810761763938,0.0136810761763938,0.0136810761763938,0.0136810761763938,0.2014006744745372,0.208997281186738
526,museum_culture,medium,14.346318076835967,transit,6.822440922216801,0.30032008493671153,0.46726015225269396,0.4507523897585504,False,Dreta Eixample,41.38874337398678,2.1740518974989387,,0.20753948314652157,0.013912342399379383,0.22628663929731382,0.013912342399379383,0.013912342399379383,0.013912342399379383,0.013912342399379383,0.013912342399379383,0.013912342399379383,0.013912342399379383,0.013912342399379383,0.22131545167954278,0.2196473442822074
527,museum_culture,medium,26.990012350511062,mixed,6.338129135565792,0.4243790826986518,0.5906507247592768,0.29972967755995394,False,Gotic,41.38076629244783,2.182270818429104,,0.22199890946510406,0.014397837795655769,0.14814795580779244,0.014397837795655769,0.014397837795655769,0.014397837795655769,0.014397837795655769,0.014397837795655769,0.014397837795655769,0.014397837795655769,0.014397837795655769,0.24850528419208656,0.25176731037411504
528,architecture_fans,high,36.068820316266546,mixed,4.557592024803126,0.3956427861117564,0.1367914838957646,0.5782960105289553,False,El Raval,41.379312286256834,2.16973503601741,,0.21699809475971493,0.1932879003486374,0.24591196390847322,0.016527132372233272,0.016527132372233272,0.016527132372233272,0.016527132372233272,0.195057849633075,0.016527132372233272,0.016527132372233272,0.016527132372233272,0.016527132372233272,0.016527132372233272
529,food_local_markets,low,5.408983645581184,walk,2.3241449397989853,0.556852321857242,0.4937002579823785,0.2167351932518192,False,La Barceloneta,41.388657560932806,2.1935819397020495,,0.01481603634640334,0.01481603634640334,0.01481603634640334,0.01481603634640334,0.21057433211702595,0.2655561897045274,0.01481603634640334,0.01481603634640334,0.1888197629002052,0.01481603634640334,0.01481603634640334,0.01481603634640334,0.20170538816061145
530,museum_culture,medium,22.334184885806735,taxi,15.687057007994856,0.3743131688823359,0.1161636667039764,0.5718813467911852,False,Dreta Eixample,41.395876157301124,2.156514482252358,,0.16164192609212646,0.015399434530789893,0.2630043432698464,0.015399434530789893,0.015399434530789893,0.015399434530789893,0.015399434530789893,0.015399434530789893,0.015399434530789893,0.015399434530789893,0.015399434530789893,0.23181952159478605,0.20493929826613203
531,history_religion,medium,10.779877150601333,transit,5.941911018294667,0.3385249750953851,0.5389746202185125,0.5448386411809567,False,Sagrada Familia,41.410763184354444,2.1772420096546545,,0.19870005241566052,0.21491224621341007,0.22124196429047496,0.014577873057451046,0.014577873057451046,0.014577873057451046,0.014577873057451046,0.014577873057451046,0.014577873057451046,0.014577873057451046,0.014577873057451046,0.014577873057451046,0.23394487956339502
532,museum_culture,medium,20.86270530559201,bike,4.092657780207164,0.414656258295003,0.23947973731127387,0.466534812852162,False,Montjuic,41.36945722723151,2.1545797290083066,,0.19322056441471963,0.015508264790771895,0.2579574086850801,0.015508264790771895,0.015508264790771895,0.015508264790771895,0.015508264790771895,0.015508264790771895,0.015508264790771895,0.015508264790771895,0.015508264790771895,0.18388441515297152,0.22536322863028177
533,architecture_fans,medium,18.534790219336028,mixed,4.630527292505544,0.5692030645814681,0.3645089421030419,0.22717770114827618,False,Dreta Eixample,41.39648521452847,2.1648641906409107,,0.1760392563545453,0.17670400458386828,0.25880228805901734,0.016289788177080156,0.016289788177080156,0.016289788177080156,0.016289788177080156,0.24184635740884772,0.016289788177080156,0.016289788177080156,0.016289788177080156,0.016289788177080156,0.016289788177080156
534,family_green,medium,15.729843922374874,bike,6.067512081878671,0.6021481342487195,0.9415923451717247,0.7262789320549965,True,Dreta Eixample,41.39604406650624,2.163252513565225,,0.015245299465695871,0.015245299465695871,0.015245299465695871,0.2704850461308297,0.015245299465695871,0.015245299465695871,0.265550617619593,0.015245299465695871,0.015245299465695871,0.015245299465695871,0.15985853181254442,0.16689810924577014,0.015245299465695871
535,food_local_markets,high,50.49710158762264,transit,4.3836426253733665,0.75722044342989,0.8632350018032307,0.7194416425377897,True,Poblenou,41.400453713661726,2.201684967605936,,0.014502368748749161,0.014502368748749161,0.014502368748749161,0.014502368748749161,0.24451841453872275,0.2593157875271594,0.014502368748749161,0.014502368748749161,0.18807228535574189,0.014502368748749161,0.014502368748749161,0.014502368748749161,0.17757219383963357
536,history_religion,medium,18.799383606511654,transit,11.760882622009817,0.5108918783502033,0.3147675751907615,0.18514562608279253,False,Poblenou,41.401544947458255,2.20422215022882,,0.19314764024190959,0.219383847219238,0.19010401441698369,0.016393131032990626,0.016393131032990626,0.016393131032990626,0.016393131032990626,0.016393131032990626,0.016393131032990626,0.016393131032990626,0.016393131032990626,0.016393131032990626,0.24982631882495315
537,architecture_fans,high,38.69154510694547,bike,7.179897599749829,0.5723709292003298,0.14408252720677148,0.17233914185965227,False,La Barceloneta,41.375662617718014,2.1879425933204497,,0.25228712648158674,0.16653186675866977,0.200970684302978,0.014716719911102407,0.014716719911102407,0.014716719911102407,0.014716719911102407,0.2477598432568438,0.014716719911102407,0.014716719911102407,0.014716719911102407,0.014716719911102407,0.014716719911102407
538,museum_culture,low,6.9670532639049885,bike,3.526888870676087,0.41899866298816185,0.5862196189491047,0.5441487644094073,False,Montjuic,41.37117694126397,2.1536127949407593,,0.19842894763000335,0.015664981788051792,0.20449491982946041,0.015664981788051792,0.015664981788051792,0.015664981788051792,0.015664981788051792,0.015664981788051792,0.015664981788051792,0.015664981788051792,0.015664981788051792,0.2761980569405996,0.1798932395074705
539,food_local_markets,medium,12.03189719535434,transit,8.887258852459246,0.38562476631044035,0.9036451802869956,0.6853211308374472,False,Dreta Eixample,41.39093361027229,2.166430282752363,,0.01772349696300863,0.01772349696300863,0.01772349696300863,0.01772349696300863,0.18636551608584814,0.25341215822703617,0.01772349696300863,0.01772349696300863,0.19835009414665306,0.01772349696300863,0.01772349696300863,0.01772349696300863,0.20236075887338492
540,architecture_fans,high,24.364455068858703,walk,2.3781606722089337,0.6876585437541658,0.365379701122349,0.5145670354239288,False,Dreta Eixample,41.39487837746563,2.1652859659302313,,0.23295846657141978,0.2660398939253891,0.18058786069474275,0.0164376938821832,0.0164376938821832,0.0164376938821832,0.0164376938821832,0.17247453386879952,0.0164376938821832,0.0164376938821832,0.0164376938821832,0.0164376938821832,0.0164376938821832
541,food_local_markets,high,33.21662342179047,walk,2.581069296208996,0.7052296044651638,0.7890514076711392,0.31415102262797,False,Dreta Eixample,41.39386766716306,2.1634429469489094,,0.014962181863367821,0.014962181863367821,0.014962181863367821,0.014962181863367821,0.20005574029050316,0.22332470602984428,0.014962181863367821,0.014962181863367821,0.24035196833356046,0.014962181863367821,0.014962181863367821,0.014962181863367821,0.20160794857578174
542,beach_nightlife,medium,16.738900708708947,bike,7.282157445662142,0.6311613356669776,0.4290446021739829,0.5172774350160779,False,Sagrada Familia,41.399381503154665,2.1746790091368937,,0.014621982764692351,0.014621982764692351,0.014621982764692351,0.014621982764692351,0.014621982764692351,0.19604278045773357,0.24749634133312323,0.014621982764692351,0.16875452350452272,0.25610850982238936,0.014621982764692351,0.014621982764692351,0.014621982764692351
543,food_local_markets,medium,19.344150852477387,walk,1.9190430363686917,0.592846369537279,0.6725007995762781,0.4367526718614586,False,La Barceloneta,41.38225555595846,2.1894915938418977,,0.015165043940198514,0.015165043940198514,0.015165043940198514,0.015165043940198514,0.2712470178578081,0.2001674437296997,0.015165043940198514,0.015165043940198514,0.15293112891637886,0.015165043940198514,0.015165043940198514,0.015165043940198514,0.2391690140343267
544,beach_nightlife,medium,23.45067002237862,walk,1.5434282959376875,0.28874044015548606,0.21104309128711463,0.8879143870569995,False,Dreta Eixample,41.38949009991632,2.165420238218879,,0.01760462854800263,0.01760462854800263,0.01760462854800263,0.01760462854800263,0.01760462854800263,0.21945791537928294,0.17915936119970446,0.01760462854800263,0.26182666042849184,0.18111440606049714,0.01760462854800263,0.01760462854800263,0.01760462854800263
545,museum_culture,low,5.197628698780592,transit,9.686319704524339,0.8473439813137185,0.4327551125312315,0.526580456625944,False,Sant Andreu,41.4333969168175,2.1924803146179257,,0.16858668916158215,0.01630575721825105,0.19322668690714734,0.01630575721825105,0.01630575721825105,0.01630575721825105,0.01630575721825105,0.01630575721825105,0.01630575721825105,0.01630575721825105,0.01630575721825105,0.27264155976181864,0.21879324920519244
546,family_green,medium,15.649822091368392,transit,7.260853090485721,0.2515882143522525,0.5922630464771861,0.32978415378622744,True,Gotic,41.37492701893559,2.178130816149571,,0.014823073739727662,0.014823073739727662,0.014823073739727662,0.2565017913649255,0.014823073739727662,0.014823073739727662,0.18577551653065985,0.014823073739727662,0.014823073739727662,0.014823073739727662,0.21583589481726262,0.208479133629603,0.014823073739727662
547,museum_culture,medium,23.01255361022374,transit,8.081697266976112,0.7969600760861669,0.5310787959993306,0.38193283731473804,False,Gotic,41.3791640872037,2.1803723945899174,,0.18421061460854668,0.015932959953446197,0.24786095908523,0.015932959953446197,0.015932959953446197,0.015932959953446197,0.015932959953446197,0.015932959953446197,0.015932959953446197,0.015932959953446197,0.015932959953446197,0.2042103534530595,0.2203214332721481
548,food_local_markets,medium,8.150057280511923,mixed,7.175198865145145,0.6905680916155402,0.8344451024467124,0.33298129639166,False,Les Corts,41.385690962538675,2.1295054108072837,,0.014918738220079856,0.014918738220079856,0.014918738220079856,0.014918738220079856,0.1983232947932224,0.2609636630826139,0.014918738220079856,0.014918738220079856,0.20361481956080776,0.014918738220079856,0.014918738220079856,0.014918738220079856,0.20282957858263728
549,history_religion,medium,19.21857931853906,mixed,3.614634151617362,0.38798480810195346,0.4012802457883886,0.18843519340912007,False,La Barceloneta,41.37824493668809,2.193939641729509,,0.2100477148228987,0.2443604610797007,0.21339842696868955,0.014557848822950806,0.014557848822950806,0.014557848822950806,0.014557848822950806,0.014557848822950806,0.014557848822950806,0.014557848822950806,0.014557848822950806,0.014557848822950806,0.2011727577221538
550,beach_nightlife,medium,22.678573228569967,bike,6.270500185523861,0.2073608634205794,0.18718073615484462,0.7164495297318424,False,Vila de Gracia,41.39186058568002,2.1500549578480186,,0.015388777972955334,0.015388777972955334,0.015388777972955334,0.015388777972955334,0.015388777972955334,0.2018469839319479,0.23133654477912913,0.015388777972955334,0.2464518022853255,0.18186566724699949,0.015388777972955334,0.015388777972955334,0.015388777972955334
551,architecture_fans,high,47.127208947268905,mixed,5.902343669031527,0.33787915369705407,0.38471777043123884,0.48101502228653886,False,Sant Andreu,41.436157511571786,2.1944938262222577,,0.21757876078913818,0.24200488367582187,0.178502119589507,0.014704331862914184,0.014704331862914184,0.014704331862914184,0.014704331862914184,0.22957524917930527,0.014704331862914184,0.014704331862914184,0.014704331862914184,0.014704331862914184,0.014704331862914184
552,museum_culture,medium,12.800779498071364,taxi,14.706109115511005,0.6234844270179103,0.30960084339340044,0.7034785778471779,False,Vila de Gracia,41.40165331794668,2.1609601184975227,,0.21725874316555402,0.012796107315526113,0.21320176530102308,0.012796107315526113,0.012796107315526113,0.012796107315526113,0.012796107315526113,0.012796107315526113,0.012796107315526113,0.012796107315526113,0.012796107315526113,0.22620564978202065,0.22816887591166723
553,family_green,high,47.59789908514184,mixed,8.732007253540306,0.8797335645569542,0.770446271267143,0.9825214963717666,False,Dreta Eixample,41.39194843254412,2.1658957720570426,,0.015777500805947208,0.015777500805947208,0.015777500805947208,0.2449293473160186,0.015777500805947208,0.015777500805947208,0.18790519171983464,0.015777500805947208,0.015777500805947208,0.015777500805947208,0.20713192734749764,0.21803602636312433,0.015777500805947208
554,family_green,medium,13.086570128190715,transit,9.27945119213751,0.5218269100703877,0.5262935318249621,0.9270543832487242,True,Sagrada Familia,41.4078552467065,2.178462880747917,,0.017364790903879785,0.017364790903879785,0.017364790903879785,0.2455496519320867,0.017364790903879785,0.017364790903879785,0.22593433756908912,0.017364790903879785,0.017364790903879785,0.017364790903879785,0.1815018650027211,0.190731027361185,0.017364790903879785
555,architecture_fans,low,9.155509559113483,mixed,5.290220823004248,0.5581886094859662,0.5182225265487329,0.35506498703629413,False,Sagrada Familia,41.40860762084734,2.1747122328570496,,0.2349143737677145,0.2134481862024997,0.18229971311235574,0.016780795822456108,0.016780795822456108,0.016780795822456108,0.016780795822456108,0.21831056451532513,0.016780795822456108,0.016780795822456108,0.016780795822456108,0.016780795822456108,0.016780795822456108
556,family_green,medium,17.517862350438595,walk,1.9916319071317994,0.7587306522887328,0.7354408250171995,0.8303943112906295,True,Sagrada Familia,41.40576083182986,2.1726167512090067,,0.01598210898136253,0.01598210898136253,0.01598210898136253,0.25811988377266465,0.01598210898136253,0.01598210898136253,0.18823442116263933,0.01598210898136253,0.01598210898136253,0.01598210898136253,0.20082180758873758,0.20898490664369562,0.01598210898136253
557,family_green,high,32.99512545150645,transit,5.560002747258774,0.7522888362166602,0.6004592577190209,0.7344093443561163,True,Gotic,41.39142872117469,2.177311224261181,,0.013347628772620926,0.013347628772620926,0.013347628772620926,0.23572500737375288,0.013347628772620926,0.013347628772620926,0.22397253868493666,0.013347628772620926,0.013347628772620926,0.013347628772620926,0.22584721586881454,0.19432657911890755,0.013347628772620926
558,family_green,medium,9.209487061776432,taxi,10.00896444924436,0.6812019905033883,0.538293762859739,0.9702235856901086,False,Sagrada Familia,41.406414321784226,2.1733190316984063,,0.013527924023167675,0.013527924023167675,0.013527924023167675,0.21577738916002887,0.013527924023167675,0.013527924023167675,0.2274447518400205,0.013527924023167675,0.013527924023167675,0.013527924023167675,0.21972797239177635,0.2152985703996652,0.013527924023167675
559,museum_culture,medium,6.089339139996388,transit,5.714397032115684,0.5427443668430272,0.736744628626928,0.31738315208589024,False,Sagrada Familia,41.40332604986149,2.1711595376138324,,0.20757312690259166,0.014246568667599276,0.23796909202910083,0.014246568667599276,0.014246568667599276,0.014246568667599276,0.014246568667599276,0.014246568667599276,0.014246568667599276,0.014246568667599276,0.014246568667599276,0.24743109348656667,0.17880756957334737
560,architecture_fans,medium,21.581941204250263,transit,9.222693413148276,0.41023263030215795,0.4183106942013742,0.30364129032056175,True,Poblenou,41.40189007198748,2.202701641627733,,0.16845680085155387,0.2650704599773799,0.1910307862953608,0.016210528341666107,0.016210528341666107,0.016210528341666107,0.016210528341666107,0.22954719780071056,0.016210528341666107,0.016210528341666107,0.016210528341666107,0.016210528341666107,0.016210528341666107
561,architecture_fans,medium,14.45355904591003,transit,11.143709246281823,0.5251216758781767,0.11585719377621412,0.3557662854423514,False,Vila de Gracia,41.4025191304412,2.159023203733698,,0.1941065528343451,0.21009816915232693,0.25124724309681473,0.014308316841956974,0.014308316841956974,0.014308316841956974,0.014308316841956974,0.21577318333890047,0.014308316841956974,0.014308316841956974,0.014308316841956974,0.014308316841956974,0.014308316841956974
562,architecture_fans,low,7.60758773529793,mixed,4.421112730550013,0.23623336393962405,0.43812975889459604,0.278458162596269,False,La Barceloneta,41.37525619079649,2.190064676479035,,0.18820749828662417,0.25167625873371713,0.17195352080995113,0.0161967917763079,0.0161967917763079,0.0161967917763079,0.0161967917763079,0.24239159618293646,0.0161967917763079,0.0161967917763079,0.0161967917763079,0.0161967917763079,0.0161967917763079
563,beach_nightlife,high,37.518805193747546,transit,11.398057883082958,0.36395705442374915,0.4098951713632352,0.6860067634637668,False,Montjuic,41.36576278662281,2.1559764272949087,,0.01536434893488104,0.01536434893488104,0.01536434893488104,0.01536434893488104,0.01536434893488104,0.2622295372602401,0.195357331175908,0.01536434893488104,0.20472221519865755,0.19941177595126494,0.01536434893488104,0.01536434893488104,0.01536434893488104
564,family_green,high,34.24922198925243,mixed,3.2459526938858625,0.7984555506944826,0.5081280033822115,0.8811887392002072,True,Gotic,41.38572580136165,2.173513477914535,,0.015128777832300827,0.015128777832300827,0.015128777832300827,0.2668564791336497,0.015128777832300827,0.015128777832300827,0.1614404957650376,0.015128777832300827,0.015128777832300827,0.015128777832300827,0.2097084743091294,0.22583555030147592,0.015128777832300827
565,family_green,medium,19.843001064794965,transit,9.82684713963494,0.3237630173035906,0.7227606834999049,0.8511786582861712,False,Dreta Eixample,41.396909969052594,2.164415536211642,,0.016032015136571983,0.016032015136571983,0.016032015136571983,0.21515367225361956,0.016032015136571983,0.016032015136571983,0.23730602821442776,0.016032015136571983,0.016032015136571983,0.016032015136571983,0.20418013989683717,0.19907202340596772,0.016032015136571983
566,food_local_markets,medium,19.378699064533663,bike,3.5444708416482533,0.6799969489679233,0.5574810140197408,0.35923841909450543,False,Sant Andreu,41.44241383800283,2.191018612606829,,0.014521474204543756,0.014521474204543756,0.014521474204543756,0.014521474204543756,0.17532355709938705,0.21167927174000312,0.014521474204543756,0.014521474204543756,0.2468934537825796,0.014521474204543756,0.014521474204543756,0.014521474204543756,0.23541044953713647
567,museum_culture,high,40.411297665088945,transit,7.3972665486494,0.6246509455560758,0.6811689292148051,0.5735980959503665,False,Gotic,41.386952281520614,2.17179005838732,,0.17100191478913604,0.016419662866771788,0.2080690013048255,0.016419662866771788,0.016419662866771788,0.016419662866771788,0.016419662866771788,0.016419662866771788,0.016419662866771788,0.016419662866771788,0.016419662866771788,0.21955946744743982,0.2535926506576526
568,food_local_markets,high,32.36277352292531,walk,2.7114829420001,0.43950606914989676,0.6121572770219456,0.662324588740974,False,El Raval,41.37705040357813,2.1686510499146143,,0.014815308629297756,0.014815308629297756,0.014815308629297756,0.014815308629297756,0.15810959531522353,0.23953537085284313,0.014815308629297756,0.014815308629297756,0.24981911346242822,0.014815308629297756,0.014815308629297756,0.014815308629297756,0.21919814270582536
569,beach_nightlife,medium,15.079634304568689,mixed,6.398398090710359,0.13269603272945235,0.1503614780310332,0.8410562623093183,False,Les Corts,41.380346905661746,2.1215800602166484,,0.015502394032985437,0.015502394032985437,0.015502394032985437,0.015502394032985437,0.015502394032985437,0.18154224186720147,0.20111720424187132,0.015502394032985437,0.2350151425060286,0.24280386508802962,0.015502394032985437,0.015502394032985437,0.015502394032985437
570,architecture_fans,medium,9.36342731148976,transit,9.926446511796659,0.4123871114259535,0.5948027524776498,0.4059650921460051,False,La Barceloneta,41.37618543676911,2.190961898573249,,0.18922368278458818,0.2410814143724921,0.25409702782305454,0.01574431404080188,0.01574431404080188,0.01574431404080188,0.01574431404080188,0.17389904865264827,0.01574431404080188,0.01574431404080188,0.01574431404080188,0.01574431404080188,0.01574431404080188
571,architecture_fans,medium,11.393029180747098,transit,5.139153578657234,0.5497286185673029,0.21654239568669942,0.26221291421906695,False,Gotic,41.382440238145065,2.173619477034691,,0.19517164045643648,0.25194702093278787,0.16790298988413663,0.015624030089271566,0.015624030089271566,0.015624030089271566,0.015624030089271566,0.24436207792319492,0.015624030089271566,0.015624030089271566,0.015624030089271566,0.015624030089271566,0.015624030089271566
572,museum_culture,high,35.28323075375072,transit,11.993860973203944,0.4764911357722856,0.4103100662330052,0.3322381079663251,False,Sagrada Familia,41.404728988487065,2.161500175085916,,0.21129843427225986,0.01465343477155771,0.22077296788104178,0.01465343477155771,0.01465343477155771,0.01465343477155771,0.01465343477155771,0.01465343477155771,0.01465343477155771,0.01465343477155771,0.01465343477155771,0.2182913890385415,0.21775629586413753
573,architecture_fans,low,4.905707267421436,transit,7.109978395069305,0.2556345567318629,0.19219848041928853,0.17570283946860293,False,Poblenou,41.39779878840673,2.20393371221739,,0.2288851670993603,0.21210615317367418,0.21074850086083485,0.012985982826649277,0.012985982826649277,0.012985982826649277,0.012985982826649277,0.23138633342628723,0.012985982826649277,0.012985982826649277,0.012985982826649277,0.012985982826649277,0.012985982826649277
574,family_green,high,43.42324448711372,transit,7.239972219836531,0.76159482635001,0.8850872845361387,0.7677001794967305,True,Gotic,41.38585042289459,2.1731847846860965,,0.016166726880669214,0.016166726880669214,0.016166726880669214,0.2477553918286069,0.016166726880669214,0.016166726880669214,0.18034619839962054,0.016166726880669214,0.016166726880669214,0.016166726880669214,0.22991443776970322,0.19648343007604643,0.016166726880669214
575,museum_culture,high,45.01265266186199,bike,4.418072299269674,0.7149463075875483,0.7369768533613983,0.2749330755532566,False,El Raval,41.37964092868209,2.173761532243092,,0.22956109559191998,0.012855706273817727,0.2238567033039339,0.012855706273817727,0.012855706273817727,0.012855706273817727,0.012855706273817727,0.012855706273817727,0.012855706273817727,0.012855706273817727,0.012855706273817727,0.2227085875636784,0.20817225707610815
576,architecture_fans,medium,12.830681586630682,bike,5.591292964862513,0.42584304726076416,0.3952655130253542,0.4691384440171589,False,Vila de Gracia,41.40754325424305,2.1532977482690203,,0.16933619287816357,0.2564987488675668,0.21044055605041836,0.01634429075559849,0.01634429075559849,0.01634429075559849,0.01634429075559849,0.2166258854034649,0.01634429075559849,0.01634429075559849,0.01634429075559849,0.01634429075559849,0.01634429075559849
577,architecture_fans,medium,16.62977640508705,taxi,13.988209752969674,0.1135525236697959,0.31206515509700594,0.7228476259782515,False,El Raval,41.38174716702433,2.1697145590412554,,0.21356816781368634,0.2146598984290262,0.22234554463060438,0.01410666228949353,0.01410666228949353,0.01410666228949353,0.01410666228949353,0.22246642852124124,0.01410666228949353,0.01410666228949353,0.01410666228949353,0.01410666228949353,0.01410666228949353
578,architecture_fans,high,33.7690364994388,mixed,8.360305224581484,0.24991663432484168,0.4892461191609939,0.1707931668556271,False,Sagrada Familia,41.411358800604106,2.1775691179818044,,0.22788565848245207,0.27314207657166395,0.17166020069207052,0.01644018850101629,0.01644018850101629,0.01644018850101629,0.01644018850101629,0.17935036774466695,0.01644018850101629,0.01644018850101629,0.01644018850101629,0.01644018850101629,0.01644018850101629
579,architecture_fans,medium,21.53592011637013,transit,8.224888971126937,0.28240190012062966,0.6376744950288806,0.346022760250265,False,Gotic,41.38104742199582,2.1734947991032723,,0.2315249566291767,0.23774176297333388,0.17037011779673558,0.014645623990419649,0.014645623990419649,0.014645623990419649,0.014645623990419649,0.22855254668697708,0.014645623990419649,0.014645623990419649,0.014645623990419649,0.014645623990419649,0.014645623990419649
580,architecture_fans,high,29.130190925661687,transit,11.799826274804268,0.23803749852572395,0.2990595421782019,0.273547584029346,False,Sagrada Familia,41.403295674814196,2.1776479940511404,,0.2454991763969968,0.19522012826346696,0.15828520508283886,0.01540888382698582,0.01540888382698582,0.01540888382698582,0.01540888382698582,0.262315535813825,0.01540888382698582,0.01540888382698582,0.01540888382698582,0.01540888382698582,0.01540888382698582
581,architecture_fans,high,54.89476748384453,walk,2.905927282158212,0.7272985442635621,0.5343758818384512,0.653783899480866,False,Gotic,41.38638184943858,2.165151728523886,,0.21991428565058568,0.23789644513295125,0.19510009986423277,0.013587657198410312,0.013587657198410312,0.013587657198410312,0.013587657198410312,0.22480025456653752,0.013587657198410312,0.013587657198410312,0.013587657198410312,0.013587657198410312,0.013587657198410312
582,history_religion,medium,13.3637317769812,mixed,4.147113225805869,0.5689438933485977,0.5724575902864627,0.48562936189277706,False,Dreta Eixample,41.39156070927509,2.160045534530243,,0.1936616901019109,0.19902190286944377,0.2483415899501007,0.01585006201742201,0.01585006201742201,0.01585006201742201,0.01585006201742201,0.01585006201742201,0.01585006201742201,0.01585006201742201,0.01585006201742201,0.01585006201742201,0.2163242589217466
583,history_religion,high,43.464296664974285,transit,6.738189305302085,0.4157881965597355,0.41870756734139825,0.3350170128341971,False,Gotic,41.381177324491,2.167779709424966,,0.24385908579732296,0.21365128924852236,0.22248423496057276,0.01604544405840268,0.01604544405840268,0.01604544405840268,0.01604544405840268,0.01604544405840268,0.01604544405840268,0.01604544405840268,0.01604544405840268,0.01604544405840268,0.17559639346795775
584,beach_nightlife,medium,24.714963262153137,transit,6.981707251279713,0.33116210919499256,0.3460039621107776,0.8196926957187851,False,La Barceloneta,41.38624562322592,2.188922236913826,,0.016691663011068385,0.016691663011068385,0.016691663011068385,0.016691663011068385,0.016691663011068385,0.2448612844997344,0.2143824736802574,0.016691663011068385,0.21766512968242271,0.1728661450379701,0.016691663011068385,0.016691663011068385,0.016691663011068385
585,museum_culture,medium,18.857445867147636,mixed,3.589665670066526,0.695173084853837,0.738776750882421,0.3921396891500032,False,Montjuic,41.37188201219796,2.1588745743560755,,0.20308511833244658,0.01790660986834618,0.18449683925383997,0.01790660986834618,0.01790660986834618,0.01790660986834618,0.01790660986834618,0.01790660986834618,0.01790660986834618,0.01790660986834618,0.01790660986834618,0.2421678126777097,0.20909074092088806
586,history_religion,low,2.8530672866826166,transit,9.796876467580553,0.34018807722836253,0.2907359630563548,0.3453206838674249,False,Montjuic,41.364223733024645,2.1636617846472417,,0.20528775948258327,0.1763391794605243,0.24890227776085516,0.014236488936545692,0.014236488936545692,0.014236488936545692,0.014236488936545692,0.014236488936545692,0.014236488936545692,0.014236488936545692,0.014236488936545692,0.014236488936545692,0.24134238286712603
587,family_green,medium,12.028031037287146,mixed,5.046690046491703,0.6054651395624997,0.5251245567740284,0.9628193040496872,True,Vila de Gracia,41.40205488165487,2.1560654313038192,,0.01647492406084317,0.01647492406084317,0.01647492406084317,0.28000776337023375,0.01647492406084317,0.01647492406084317,0.17281092765290193,0.01647492406084317,0.01647492406084317,0.01647492406084317,0.21952115098989836,0.17938584143937739,0.01647492406084317
588,architecture_fans,medium,20.562725520500674,transit,5.634868147697166,0.6080661108134715,0.38992786344674796,0.7528815479226055,False,Dreta Eixample,41.39262423806075,2.1655087715270875,,0.2089041616503342,0.2458456067041149,0.2096358292319568,0.015209331459373776,0.015209331459373776,0.015209331459373776,0.015209331459373776,0.1987304192792301,0.015209331459373776,0.015209331459373776,0.015209331459373776,0.015209331459373776,0.015209331459373776
589,architecture_fans,low,8.167668616257334,transit,10.665848164900888,0.5119014958223783,0.3860850497544881,0.3283939005943434,False,Dreta Eixample,41.3934900701452,2.1598412308012,,0.2602889454764625,0.16064616824056965,0.21511615060876318,0.015897039915741696,0.015897039915741696,0.015897039915741696,0.015897039915741696,0.22087537643252952,0.015897039915741696,0.015897039915741696,0.015897039915741696,0.015897039915741696,0.015897039915741696
590,beach_nightlife,medium,18.59381898416809,transit,8.198386221367993,0.16227902219091145,0.4133501363303405,0.9077665412933678,False,Vila de Gracia,41.39527557724084,2.1580379373333205,,0.013931902852714596,0.013931902852714596,0.013931902852714596,0.013931902852714596,0.013931902852714596,0.21864540274894315,0.24648146922855246,0.013931902852714596,0.18749374152171938,0.2219922608263536,0.013931902852714596,0.013931902852714596,0.013931902852714596
591,beach_nightlife,low,9.70163733408382,transit,11.25074638927919,0.4083690903769038,0.05401724391505307,0.7529278603656973,False,Gotic,41.380361522169395,2.179157116950774,,0.015630396972837284,0.015630396972837284,0.015630396972837284,0.015630396972837284,0.015630396972837284,0.17046738209465412,0.26571439238192057,0.015630396972837284,0.19428561304184067,0.22885903972604904,0.015630396972837284,0.015630396972837284,0.015630396972837284
592,beach_nightlife,medium,26.821205384505827,bike,6.726825409199233,0.2442867940678061,0.3063395711401612,0.8315844817868867,False,El Raval,41.38255185677469,2.1675730642943165,,0.013429787286683691,0.013429787286683691,0.013429787286683691,0.013429787286683691,0.013429787286683691,0.21556678464382403,0.22616497506967495,0.013429787286683691,0.20626711631907585,0.23113303838727198,0.013429787286683691,0.013429787286683691,0.013429787286683691
593,beach_nightlife,medium,18.259224443300184,transit,9.624934985203117,0.20455181898808739,0.45339152825128914,0.6785641381264735,False,Montjuic,41.36689362611122,2.1500357028559014,,0.01541793941761791,0.01541793941761791,0.01541793941761791,0.01541793941761791,0.01541793941761791,0.19594359299583639,0.26406225866627536,0.01541793941761791,0.235505706034109,0.16572698754521809,0.01541793941761791,0.01541793941761791,0.01541793941761791
594,museum_culture,high,28.223264097921998,transit,8.950093854605488,0.46027881746323124,0.6105332012182645,0.1785034176604231,False,Montjuic,41.36731696874021,2.1591001844728233,,0.2729849344728515,0.015959132465311398,0.16221743899211313,0.015959132465311398,0.015959132465311398,0.015959132465311398,0.015959132465311398,0.015959132465311398,0.015959132465311398,0.015959132465311398,0.015959132465311398,0.2393709889283254,0.18179444541890746
595,family_green,medium,9.250336763982755,transit,7.975354297837841,0.6177206091179845,0.586976411201832,0.7942443538383444,True,Dreta Eixample,41.39591653976414,2.1671323662108946,,0.013541918290353288,0.013541918290353288,0.013541918290353288,0.21252906798893748,0.013541918290353288,0.013541918290353288,0.20122158903055748,0.013541918290353288,0.013541918290353288,0.013541918290353288,0.23912570157770702,0.2252463767896184,0.013541918290353288
596,architecture_fans,medium,16.86254410123247,transit,5.171285866438861,0.6194507283758045,0.16929223239109734,0.3880330007996523,False,La Barceloneta,41.37595373946705,2.196590799351179,,0.1925167715740964,0.1763428544978222,0.22991829707839095,0.015801345513011034,0.015801345513011034,0.015801345513011034,0.015801345513011034,0.2590099672325911,0.015801345513011034,0.015801345513011034,0.015801345513011034,0.015801345513011034,0.015801345513011034
597,food_local_markets,medium,21.555024595682124,walk,1.602921068686866,0.6668915805890324,0.5501233554860699,0.7994258347897039,False,Poblenou,41.39729054575442,2.2057477910419876,,0.014916756216112175,0.014916756216112175,0.014916756216112175,0.014916756216112175,0.18633870504312292,0.2639024286564997,0.014916756216112175,0.014916756216112175,0.1533649710951023,0.014916756216112175,0.014916756216112175,0.014916756216112175,0.26214308926026547
598,museum_culture,high,50.77958644851532,transit,10.58809553658512,0.463039584439375,0.6231084033748177,0.48595381128987125,False,Dreta Eixample,41.391564301509355,2.164354432891141,,0.29022082700975316,0.01692607142102283,0.17678349571440902,0.01692607142102283,0.01692607142102283,0.01692607142102283,0.01692607142102283,0.01692607142102283,0.01692607142102283,0.01692607142102283,0.01692607142102283,0.17502129408449943,0.20563974040213287
599,food_local_markets,low,8.914636749825261,transit,10.540827325237062,0.4298607308143176,0.6404552325949266,0.3898641817374549,False,Sant Andreu,41.43805480321234,2.188041764654272,,0.016008617257698927,0.016008617257698927,0.016008617257698927,0.016008617257698927,0.17265429387089362,0.2356266765234537,0.016008617257698927,0.016008617257698927,0.24007191350701848,0.016008617257698927,0.016008617257698927,0.016008617257698927,0.2075695607793439
600,beach_nightlife,low,6.176631982308702,transit,11.0173128838082,0.6101459275700479,0.30962491758100463,0.7679119286073,False,Vila de Gracia,41.40178278393698,2.150090578932235,,0.015546243759074008,0.015546243759074008,0.015546243759074008,0.015546243759074008,0.015546243759074008,0.19443036357193805,0.22287462464033714,0.015546243759074008,0.24813260912256602,0.19464620883349268,0.015546243759074008,0.015546243759074008,0.015546243759074008
601,architecture_fans,high,36.496718923589434,mixed,4.560868153198785,0.5558218220979211,0.6049723549864986,0.28202059378240607,False,Gotic,41.38695960222107,2.1796123039701927,,0.17084760967353638,0.17502193746203049,0.2499025589484405,0.015586437682551083,0.015586437682551083,0.015586437682551083,0.015586437682551083,0.2639499547730329,0.015586437682551083,0.015586437682551083,0.015586437682551083,0.015586437682551083,0.015586437682551083
602,history_religion,low,8.695843508165686,transit,6.303426438335164,0.7945923069421539,0.24002639952659469,0.14140236458217606,False,El Raval,41.377444365038464,2.170084538410839,,0.24773911954546898,0.21735867170933623,0.16663053986250737,0.014525108916437766,0.014525108916437766,0.014525108916437766,0.014525108916437766,0.014525108916437766,0.014525108916437766,0.014525108916437766,0.014525108916437766,0.014525108916437766,0.2375456886347475
603,museum_culture,high,32.14485635243083,walk,3.3783967233758907,0.4366845720998805,0.7124831973246378,0.3993590485352108,False,El Raval,41.385249182932675,2.1699255626740723,,0.16663826148163333,0.015172584151952289,0.27069717402197374,0.015172584151952289,0.015172584151952289,0.015172584151952289,0.015172584151952289,0.015172584151952289,0.015172584151952289,0.015172584151952289,0.015172584151952289,0.25000604261702203,0.17610526451180034
604,history_religion,low,5.36813971748254,transit,10.848354076602186,0.22582338152419748,0.6691656969317608,0.23033335108862985,False,Dreta Eixample,41.39561703165899,2.1613461413450645,,0.20630655799941003,0.21166608514486535,0.1827228456078732,0.016906196640765356,0.016906196640765356,0.016906196640765356,0.016906196640765356,0.016906196640765356,0.016906196640765356,0.016906196640765356,0.016906196640765356,0.016906196640765356,0.24714874148096322
605,history_religion,high,28.78103859196153,walk,2.5010516068318656,0.6925045556855212,0.4452285204791311,0.39698049587921325,False,Gotic,41.39083171103294,2.1728883647882955,,0.21527835845061732,0.16617740446697948,0.252388269743355,0.014713427303203986,0.014713427303203986,0.014713427303203986,0.014713427303203986,0.014713427303203986,0.014713427303203986,0.014713427303203986,0.014713427303203986,0.014713427303203986,0.23373512161021237
606,architecture_fans,medium,18.278327017547337,transit,9.6856361482986,0.4059071953240558,0.4293304718793054,0.2085258720464249,False,Poblenou,41.40776306320894,2.2010262491755292,,0.20261664764199339,0.16497224487939846,0.28254249040954993,0.016029496224974373,0.016029496224974373,0.016029496224974373,0.016029496224974373,0.20560315104428886,0.016029496224974373,0.016029496224974373,0.016029496224974373,0.016029496224974373,0.016029496224974373
607,museum_culture,medium,19.38780224777415,mixed,6.785969491180186,0.5457468698868823,0.4861133647882552,0.1824603988936693,True,Sagrada Familia,41.39948431350207,2.1788285800306157,,0.2136997943752217,0.016328284020918363,0.20150972031759412,0.016328284020918363,0.016328284020918363,0.016328284020918363,0.016328284020918363,0.016328284020918363,0.016328284020918363,0.016328284020918363,0.016328284020918363,0.2530251973280374,0.18481073179088156
608,food_local_markets,high,22.324865565952393,walk,2.024833803162918,0.803335199888123,0.45090140751629054,0.6221721396713485,False,Les Corts,41.381255534473084,2.132812638983445,,0.01532451982820674,0.01532451982820674,0.01532451982820674,0.01532451982820674,0.26118032589412565,0.20150008663958766,0.01532451982820674,0.01532451982820674,0.1576621116755324,0.01532451982820674,0.01532451982820674,0.01532451982820674,0.24173679733689363
609,beach_nightlife,medium,21.32887133011784,mixed,7.819521165996816,0.15243755028544778,0.5413672747789935,0.647651003527502,False,Dreta Eixample,41.38815427374855,2.1652862189851994,,0.015394151756045032,0.015394151756045032,0.015394151756045032,0.015394151756045032,0.015394151756045032,0.263131091000017,0.19498931470103997,0.015394151756045032,0.16808986256934288,0.2352423659251948,0.015394151756045032,0.015394151756045032,0.015394151756045032
610,architecture_fans,high,33.31710156317594,transit,7.503443656557398,0.5915420960419454,0.5797422397813804,0.36191560423498514,False,La Barceloneta,41.38422147216659,2.1909563459649384,,0.22597596892822883,0.25997596801001044,0.19894938631435677,0.015846933347623618,0.015846933347623618,0.015846933347623618,0.015846933347623618,0.1724762766187915,0.015846933347623618,0.015846933347623618,0.015846933347623618,0.015846933347623618,0.015846933347623618
611,history_religion,low,5.362799257196526,transit,5.881722715866386,0.822156946691805,0.3846619524512898,0.27624127819699706,False,Poblenou,41.405245526289306,2.1936538185640595,,0.24283280713981376,0.20283961179580648,0.18338367683424198,0.013754124052666863,0.013754124052666863,0.013754124052666863,0.013754124052666863,0.013754124052666863,0.013754124052666863,0.013754124052666863,0.013754124052666863,0.013754124052666863,0.24715678775613603
612,architecture_fans,high,34.45544702319073,transit,5.76528402517606,0.6931113130799552,0.15918538766510174,0.26627302885048704,False,Gotic,41.38944371577789,2.182164289139505,,0.207158968236258,0.21565315479912348,0.2510384523383886,0.015322224884797016,0.015322224884797016,0.015322224884797016,0.015322224884797016,0.18824940066305676,0.015322224884797016,0.015322224884797016,0.015322224884797016,0.015322224884797016,0.015322224884797016
613,museum_culture,high,31.29208035102514,mixed,6.504960141765414,0.4101577099545359,0.7384756696665108,0.7520372630651281,True,Sagrada Familia,41.4049779099069,2.1787271346686565,,0.21926527614903923,0.014820995116640553,0.19300529836625158,0.014820995116640553,0.014820995116640553,0.014820995116640553,0.014820995116640553,0.014820995116640553,0.014820995116640553,0.014820995116640553,0.014820995116640553,0.22893267564506484,0.22540779378987935
614,family_green,high,28.85212523481228,walk,2.9016942523232787,0.6546819363904332,0.5163567884529794,0.8517448173274446,True,Montjuic,41.36147572450285,2.1514599738832514,,0.015231525618993467,0.015231525618993467,0.015231525618993467,0.15803918766757605,0.015231525618993467,0.015231525618993467,0.2232426350658441,0.015231525618993467,0.015231525618993467,0.015231525618993467,0.2730821782594314,0.2085522684362073,0.015231525618993467
615,architecture_fans,medium,8.446606513731501,walk,3.042357754264338,0.38631976675804097,0.6996782332200963,0.5218419732610887,False,Gotic,41.3856057126165,2.176568017367202,,0.1926985218154125,0.16786248175079418,0.2540881874647392,0.01642988095347826,0.01642988095347826,0.01642988095347826,0.01642988095347826,0.23748188038774973,0.01642988095347826,0.01642988095347826,0.01642988095347826,0.01642988095347826,0.01642988095347826
616,food_local_markets,low,7.341201354434671,walk,2.497939692763257,0.8625717435441546,0.7731215740032029,0.4232818416276538,False,Dreta Eixample,41.392408055380464,2.1661497717683122,,0.015140253994192332,0.015140253994192332,0.015140253994192332,0.015140253994192332,0.22708663610992624,0.20593046642622545,0.015140253994192332,0.015140253994192332,0.1907657935604666,0.015140253994192332,0.015140253994192332,0.015140253994192332,0.23995481795565074
617,family_green,medium,18.426912798519073,mixed,7.52754100698513,0.7826577229363723,0.698844484660117,0.9104247835595424,False,Vila de Gracia,41.40658115009833,2.1534746703172254,,0.01545129543415097,0.01545129543415097,0.01545129543415097,0.26017070686609234,0.01545129543415097,0.01545129543415097,0.19390186140477017,0.01545129543415097,0.01545129543415097,0.01545129543415097,0.2481597818304914,0.15870599099128732,0.01545129543415097
618,family_green,low,7.82044504721697,transit,10.412307982731495,0.4955394044840129,0.4859461213108963,0.9026776422821926,False,Sagrada Familia,41.402285726016494,2.173191615873249,,0.01482772887655253,0.01482772887655253,0.01482772887655253,0.1501094213838137,0.01482772887655253,0.01482772887655253,0.23686898789104377,0.01482772887655253,0.01482772887655253,0.01482772887655253,0.24438441408057968,0.23518761675559008,0.01482772887655253
619,family_green,medium,20.38287292133125,mixed,3.1911067394128505,0.5922721459815707,0.6566762498005644,0.7797901427451608,True,Les Corts,41.38131528577508,2.129595576265979,,0.015085247843938755,0.015085247843938755,0.015085247843938755,0.22691538455697552,0.015085247843938755,0.015085247843938755,0.16297966419533355,0.015085247843938755,0.015085247843938755,0.015085247843938755,0.25074198560561983,0.2235957350466223,0.015085247843938755
620,museum_culture,medium,18.085703339866008,taxi,11.311867339604024,0.6942735609328491,0.8952889885360329,0.38782538027518165,False,Vila de Gracia,41.40937515972243,2.1533345023897383,,0.2492012763126859,0.013889769073651605,0.24177009731659838,0.013889769073651605,0.013889769073651605,0.013889769073651605,0.013889769073651605,0.013889769073651605,0.013889769073651605,0.013889769073651605,0.013889769073651605,0.19881589612388545,0.18520480858396585
621,architecture_fans,medium,14.195432600962413,mixed,5.07505826853662,0.2654325716417972,0.39391811704711915,0.2300258069450607,False,Gotic,41.37923612911648,2.1800108984799964,,0.20503794903758352,0.2629645342972087,0.17644273416542278,0.016791266503047925,0.016791266503047925,0.016791266503047925,0.016791266503047925,0.2044333839723537,0.016791266503047925,0.016791266503047925,0.016791266503047925,0.016791266503047925,0.016791266503047925
622,history_religion,high,38.923200688425275,transit,7.705311705328271,0.564935829942254,0.4927598749375426,0.6067918011925946,False,Gotic,41.38871474746737,2.1813373539048477,,0.22052389236625056,0.232142580373781,0.18519065553683542,0.015797832078508482,0.015797832078508482,0.015797832078508482,0.015797832078508482,0.015797832078508482,0.015797832078508482,0.015797832078508482,0.015797832078508482,0.015797832078508482,0.2199623830165567
623,architecture_fans,high,46.53790792099278,transit,10.493447176352847,0.5417169627201408,0.24327332957158918,0.15197170651998118,False,Montjuic,41.36769706167807,2.1517033636156544,,0.28723822132716537,0.18057142357775863,0.1760305173773391,0.017300297455574064,0.017300297455574064,0.017300297455574064,0.017300297455574064,0.20045716061757038,0.017300297455574064,0.017300297455574064,0.017300297455574064,0.017300297455574064,0.017300297455574064
624,family_green,medium,11.452588524503069,taxi,8.744853137024998,0.7090503340275485,0.8621550794487913,0.9203532393005311,False,Sagrada Familia,41.4049012943692,2.173210035807203,,0.01556851878805866,0.01556851878805866,0.01556851878805866,0.2722085043279443,0.01556851878805866,0.01556851878805866,0.2308339647237836,0.01556851878805866,0.01556851878805866,0.01556851878805866,0.19772088998817697,0.15911997186756724,0.01556851878805866
625,family_green,low,6.922561387045872,taxi,11.527739800599523,0.46484156229110957,0.545005093095263,0.4613688096378303,True,La Barceloneta,41.38242383162515,2.1839568636185893,,0.014427919561399194,0.014427919561399194,0.014427919561399194,0.15465855900908,0.014427919561399194,0.014427919561399194,0.22532113565279227,0.014427919561399194,0.014427919561399194,0.014427919561399194,0.23193761862940557,0.2582314106561295,0.014427919561399194
626,history_religion,high,41.07108643525888,taxi,11.244421326795386,0.8391986871077939,0.4486648642689103,0.15243264781516477,True,Sagrada Familia,41.406681641403,2.1737006379841666,,0.18439257131737397,0.20105996204604545,0.2486335444356743,0.01498380715794893,0.01498380715794893,0.01498380715794893,0.01498380715794893,0.01498380715794893,0.01498380715794893,0.01498380715794893,0.01498380715794893,0.01498380715794893,0.23105965777936593
627,family_green,high,45.51114086978943,taxi,7.485200008750703,0.7889847868972504,0.5292215467590041,0.8811984183072454,True,La Barceloneta,41.376953282850614,2.1883554389809636,,0.016311403799829084,0.016311403799829084,0.016311403799829084,0.1848617233638761,0.016311403799829084,0.016311403799829084,0.21214571476014646,0.016311403799829084,0.016311403799829084,0.016311403799829084,0.23723622014683707,0.21895370753067858,0.016311403799829084
628,museum_culture,medium,19.1277155938526,transit,9.91359959144584,0.7217821252313235,0.8468094963129549,0.5930982539286647,True,Poblenou,41.39284518148337,2.2028620090251514,,0.16661982585485224,0.01568402393947098,0.2191961291557416,0.01568402393947098,0.01568402393947098,0.01568402393947098,0.01568402393947098,0.01568402393947098,0.01568402393947098,0.01568402393947098,0.01568402393947098,0.19629114561338049,0.2767366839207868
629,architecture_fans,high,43.14253260133616,transit,6.068663682067694,0.2812355847246983,0.24200430248020946,0.19392328880044019,False,La Barceloneta,41.38063803236366,2.184225765200741,,0.2492280986138933,0.19382379212539372,0.24060228310647125,0.015819938521959172,0.015819938521959172,0.015819938521959172,0.015819938521959172,0.17396637945660923,0.015819938521959172,0.015819938521959172,0.015819938521959172,0.015819938521959172,0.015819938521959172
630,beach_nightlife,medium,9.884697641598304,taxi,10.786567361337635,0.2775882858496299,0.5020247263973023,0.9329131756786514,False,Sagrada Familia,41.40930760828696,2.1731129545604397,,0.01691809843092656,0.01691809843092656,0.01691809843092656,0.01691809843092656,0.01691809843092656,0.18067991255133298,0.19734574136664285,0.01691809843092656,0.2046646998588924,0.26504676034479274,0.01691809843092656,0.01691809843092656,0.01691809843092656
631,architecture_fans,high,33.49458270143358,walk,2.258308741423696,0.47904630388436714,0.3829923805676288,0.19516624952316242,False,Sant Andreu,41.431317217974346,2.1844321494969865,,0.2037980525844026,0.25032319138910564,0.21491926943723824,0.015896507995984174,0.015896507995984174,0.015896507995984174,0.015896507995984174,0.18789091462539606,0.015896507995984174,0.015896507995984174,0.015896507995984174,0.015896507995984174,0.015896507995984174
632,food_local_markets,low,7.106691572598301,transit,9.950854017348696,0.7492845855253915,0.852183568872874,0.34767149257005414,False,El Raval,41.3872080649818,2.176129245958782,,0.017224277935851243,0.017224277935851243,0.017224277935851243,0.017224277935851243,0.21413839268680418,0.20438264183712432,0.017224277935851243,0.017224277935851243,0.18273160492244958,0.017224277935851243,0.017224277935851243,0.017224277935851243,0.2437288591309608
633,museum_culture,medium,22.551973599090456,bike,6.692334988348646,0.6302100678025706,0.6224861522580298,0.5641958284548418,False,Dreta Eixample,41.38712158866013,2.1661065309318506,,0.24188282259135063,0.016384206317257434,0.1889488721509847,0.016384206317257434,0.016384206317257434,0.016384206317257434,0.016384206317257434,0.016384206317257434,0.016384206317257434,0.016384206317257434,0.016384206317257434,0.20938207284191135,0.21232837556043652
634,museum_culture,low,8.835570689791464,transit,4.420500992669151,0.4838821644933704,0.3481640039742843,0.3040041444074912,True,Dreta Eixample,41.38687588665358,2.172654102169361,,0.17015783591156947,0.016937039970401756,0.21172818714276637,0.016937039970401756,0.016937039970401756,0.016937039970401756,0.016937039970401756,0.016937039970401756,0.016937039970401756,0.016937039970401756,0.016937039970401756,0.20862547041269888,0.2570551467993495
635,history_religion,high,35.27785863278671,walk,3.3835979089418675,0.7194575326450761,0.6754614268713808,0.4162308221659645,False,Dreta Eixample,41.39354689850788,2.164029039372934,,0.24288715577789383,0.21212390769126588,0.2592705632228595,0.014891324947387492,0.014891324947387492,0.014891324947387492,0.014891324947387492,0.014891324947387492,0.014891324947387492,0.014891324947387492,0.014891324947387492,0.014891324947387492,0.15169644878149327
636,food_local_markets,low,3.6967895515781692,mixed,7.81311570645592,0.4837194162672706,0.6877049174570389,0.4321306633904181,False,Sant Andreu,41.43425248897442,2.189272355289878,,0.015010168523751257,0.015010168523751257,0.015010168523751257,0.015010168523751257,0.17596438166908468,0.2546824021708051,0.015010168523751257,0.015010168523751257,0.26343241641214826,0.015010168523751257,0.015010168523751257,0.015010168523751257,0.17082928303420067
637,food_local_markets,low,5.687766139913821,taxi,13.753474296732412,0.5657094368905344,0.8841579110893381,0.7421014882774846,False,Gotic,41.38037867450866,2.180806670491167,,0.017310390735499726,0.017310390735499726,0.017310390735499726,0.017310390735499726,0.2594941511507841,0.20713629427524696,0.017310390735499726,0.017310390735499726,0.18496101682233168,0.017310390735499726,0.017310390735499726,0.017310390735499726,0.19261502113213966
638,architecture_fans,medium,13.745785620234757,bike,7.234135548503154,0.5052263639920388,0.2591235438011741,0.15090696720261418,False,Gotic,41.38596546976102,2.180405577176408,,0.21356363415369703,0.25437280219456965,0.23697470648640698,0.014463086416394235,0.014463086416394235,0.014463086416394235,0.014463086416394235,0.16492107941777825,0.014463086416394235,0.014463086416394235,0.014463086416394235,0.014463086416394235,0.014463086416394235
639,history_religion,low,3.2864703214965023,transit,8.364998904330193,0.41632042262744606,0.735920211883357,0.16510776785640985,False,Sagrada Familia,41.403362405676035,2.1673383414463596,,0.19330737565415973,0.23229783463186168,0.16588639375241795,0.016568617110370304,0.016568617110370304,0.016568617110370304,0.016568617110370304,0.016568617110370304,0.016568617110370304,0.016568617110370304,0.016568617110370304,0.016568617110370304,0.2593908419682278
640,family_green,medium,15.356171212983066,transit,7.649442001131058,0.5155069021708474,0.8152166713343832,0.7113579172730888,True,Sagrada Familia,41.40446950529575,2.1691337527198318,,0.014666189580113693,0.014666189580113693,0.014666189580113693,0.2047087909650654,0.014666189580113693,0.014666189580113693,0.15968445909884502,0.014666189580113693,0.014666189580113693,0.014666189580113693,0.24519379479890616,0.25841724891616025,0.014666189580113693
641,food_local_markets,high,28.19093415165279,walk,1.8091336182014224,0.8386256689084383,0.7092693210949647,0.3485441650613932,False,Sagrada Familia,41.40625520517996,2.1739034765203438,,0.013941314909717053,0.013941314909717053,0.013941314909717053,0.013941314909717053,0.2463888540556994,0.23847424378104826,0.013941314909717053,0.013941314909717053,0.24540389931645837,0.013941314909717053,0.013941314909717053,0.013941314909717053,0.14426116865934044
642,history_religion,medium,14.859139711024898,mixed,8.051480049362544,0.41682163460961724,0.5914490287953391,0.1534721148653863,False,Sarria,41.3995149849159,2.1236208965411953,,0.23054919320856843,0.2240987757396767,0.16917254646821894,0.01635202808393301,0.01635202808393301,0.01635202808393301,0.01635202808393301,0.01635202808393301,0.01635202808393301,0.01635202808393301,0.01635202808393301,0.01635202808393301,0.2290112318281388
643,history_religion,medium,19.173290328174634,transit,8.004803345049229,0.3441805980592661,0.5728966242381817,0.3836038855760436,False,Gotic,41.38191753075178,2.18221997479639,,0.15016716525018395,0.24958550388860004,0.2533084843852424,0.01408935763965169,0.01408935763965169,0.01408935763965169,0.01408935763965169,0.01408935763965169,0.01408935763965169,0.01408935763965169,0.01408935763965169,0.01408935763965169,0.2201346277191085
644,family_green,medium,13.4830906241479,mixed,5.887618788387724,0.6797970566756294,0.7284409291789575,0.7443236690781319,True,La Barceloneta,41.38045195751805,2.1850673477882574,,0.01574953288736943,0.01574953288736943,0.01574953288736943,0.17015931989634386,0.01574953288736943,0.01574953288736943,0.2248993897432525,0.01574953288736943,0.01574953288736943,0.01574953288736943,0.22060099886580345,0.24259449550827528,0.01574953288736943
645,history_religion,low,10.398278885859915,walk,2.1954245690037304,0.5825451162350147,0.6748418870804356,0.41967157310702236,False,Sarria,41.40118958012681,2.1224539272464344,,0.2129988865216466,0.23255997360163114,0.17488050068061325,0.016981344804739913,0.016981344804739913,0.016981344804739913,0.016981344804739913,0.016981344804739913,0.016981344804739913,0.016981344804739913,0.016981344804739913,0.016981344804739913,0.22672853595344974
646,food_local_markets,medium,15.531552144007211,bike,6.069779194214879,0.6670305931969195,0.24412604646525493,0.5169910569168278,False,La Barceloneta,41.38150800080466,2.1919769116981715,,0.013864446140915072,0.013864446140915072,0.013864446140915072,0.013864446140915072,0.1930272605831954,0.21088134379679516,0.013864446140915072,0.013864446140915072,0.2390171293375717,0.013864446140915072,0.013864446140915072,0.013864446140915072,0.23229425101420212
647,food_local_markets,high,49.11317677247503,walk,2.1584359219397244,0.6214041854789031,0.5250053288857818,0.6188416302043285,False,Sagrada Familia,41.39838864434765,2.1760291607193607,,0.014306306725998507,0.014306306725998507,0.014306306725998507,0.014306306725998507,0.2036547514426901,0.2517038750756343,0.014306306725998507,0.014306306725998507,0.1979226345014124,0.014306306725998507,0.014306306725998507,0.014306306725998507,0.21796197844627657
648,family_green,medium,18.360321762447736,taxi,11.698473179011817,0.7498199715093955,0.5526330979466326,0.8362803849456159,True,Sagrada Familia,41.407883905587276,2.1745066759718075,,0.015269082199263493,0.015269082199263493,0.015269082199263493,0.1989712741146284,0.015269082199263493,0.015269082199263493,0.18867273411669372,0.015269082199263493,0.015269082199263493,0.015269082199263493,0.2118636695997868,0.2630705823755197,0.015269082199263493
649,architecture_fans,high,29.610901204596683,transit,8.157459478069374,0.1564301653772611,0.13815096270230917,0.19181241011663686,False,Gotic,41.38292995765384,2.177394539460464,,0.1646334423973759,0.2527697826999912,0.19668375317515227,0.015717167660192398,0.015717167660192398,0.015717167660192398,0.015717167660192398,0.24445851278574904,0.015717167660192398,0.015717167660192398,0.015717167660192398,0.015717167660192398,0.015717167660192398
650,museum_culture,medium,19.427842077164584,transit,10.47579383001318,0.7780895292491675,0.38105092852246153,0.34568407052905464,False,Les Corts,41.38532778011214,2.129566846203486,,0.16515177019334676,0.015930133091703918,0.21798832555977327,0.015930133091703918,0.015930133091703918,0.015930133091703918,0.015930133091703918,0.015930133091703918,0.015930133091703918,0.015930133091703918,0.015930133091703918,0.24420670250249885,0.22928200391904585
651,architecture_fans,medium,23.313345697998493,mixed,8.91520229606667,0.5878622512524674,0.7533444069468047,0.32178746038766615,False,Poblenou,41.402390580312144,2.2033342147708255,,0.22313829922948863,0.2143010301552914,0.21989012020986234,0.014980800805300306,0.014980800805300306,0.014980800805300306,0.014980800805300306,0.20784334315765485,0.014980800805300306,0.014980800805300306,0.014980800805300306,0.014980800805300306,0.014980800805300306
652,family_green,high,35.75988501023495,mixed,2.8635257861546646,0.669577490071902,0.6714667232275738,0.9177356256966918,True,Sagrada Familia,41.40180764230076,2.1688430468225914,,0.014131741572373964,0.014131741572373964,0.014131741572373964,0.1978076927583391,0.014131741572373964,0.014131741572373964,0.18002385694472717,0.014131741572373964,0.014131741572373964,0.014131741572373964,0.2526380158955963,0.2423447602499717,0.014131741572373964
653,museum_culture,medium,12.72694524418116,transit,6.53497365819131,0.3066096827187966,0.7257934631095703,0.3259959702491104,False,El Raval,41.37484395511116,2.163131505869954,,0.2613484719765828,0.015182515255523513,0.21429155718904339,0.015182515255523513,0.015182515255523513,0.015182515255523513,0.015182515255523513,0.015182515255523513,0.015182515255523513,0.015182515255523513,0.015182515255523513,0.22930373857130212,0.15841359496336008
654,family_green,medium,19.77344362236531,mixed,4.19358379683667,0.7158756648145356,0.5683381241145788,0.9109106378165742,True,Gotic,41.37700073104863,2.1758200607388467,,0.016626922282933405,0.016626922282933405,0.016626922282933405,0.21588269847075744,0.016626922282933405,0.016626922282933405,0.21009353225236493,0.016626922282933405,0.016626922282933405,0.016626922282933405,0.23444550910175826,0.18993595962871873,0.016626922282933405
655,beach_nightlife,medium,13.071763312883546,walk,1.4947171999198625,0.42709170198963964,0.3158558621550141,0.8779835373258895,False,La Barceloneta,41.37241009802914,2.1927970182852285,,0.014282312759138988,0.014282312759138988,0.014282312759138988,0.014282312759138988,0.014282312759138988,0.1956782451012013,0.23186229081735474,0.014282312759138988,0.22150998632951277,0.2224086629196803,0.014282312759138988,0.014282312759138988,0.014282312759138988
656,family_green,low,9.959119291276528,bike,4.817197594800105,0.5576996482011665,0.7399519466759279,0.5968909987301545,True,Gotic,41.38313736735532,2.174868614523236,,0.01539879193585746,0.01539879193585746,0.01539879193585746,0.19797908519026422,0.01539879193585746,0.01539879193585746,0.24084272620778313,0.01539879193585746,0.01539879193585746,0.01539879193585746,0.23293933844076534,0.18964972273847017,0.01539879193585746
657,beach_nightlife,high,40.77853222502014,mixed,7.880554823146364,0.5475357446359421,0.5275382116385418,0.9068671916318911,False,Gotic,41.38294536287607,2.1784150705428384,,0.01448266834590426,0.01448266834590426,0.01448266834590426,0.01448266834590426,0.01448266834590426,0.25036453365238565,0.20603970783129757,0.01448266834590426,0.1578012221782413,0.25545052122493717,0.01448266834590426,0.01448266834590426,0.01448266834590426
658,history_religion,medium,16.13792722703756,mixed,5.3188962179664845,0.2514892396136074,0.5927190386643233,0.24083480493647835,False,Dreta Eixample,41.390406957519026,2.1608146497921834,,0.21518387572962241,0.2718485774279004,0.1830889541609481,0.016042204485377354,0.016042204485377354,0.016042204485377354,0.016042204485377354,0.016042204485377354,0.016042204485377354,0.016042204485377354,0.016042204485377354,0.016042204485377354,0.18549875231313295
659,beach_nightlife,high,37.701628376347884,walk,1.4318930827438718,0.3962026444160315,0.187162677645819,0.8517196702999417,False,Dreta Eixample,41.39009368988066,2.160717370178809,,0.01609002466459455,0.01609002466459455,0.01609002466459455,0.01609002466459455,0.01609002466459455,0.24539151331712977,0.2088808781745008,0.01609002466459455,0.21160411960691367,0.18931326692010483,0.01609002466459455,0.01609002466459455,0.01609002466459455
660,architecture_fans,high,34.694416376195235,mixed,4.160405571092415,0.43745115240902954,0.4898504064776042,0.49085710975470814,False,Poblenou,41.406984634995105,2.2058824589363986,,0.16915002000881996,0.1726658837425793,0.23389486823302225,0.015954076475989617,0.015954076475989617,0.015954076475989617,0.015954076475989617,0.280702539731672,0.015954076475989617,0.015954076475989617,0.015954076475989617,0.015954076475989617,0.015954076475989617
661,family_green,medium,12.20604189596433,transit,6.288059472784586,0.7173762927153925,0.8165356166931298,0.7746329543106779,True,La Barceloneta,41.375837913730614,2.1879303484435915,,0.013612353480123693,0.013612353480123693,0.013612353480123693,0.23775106315951355,0.013612353480123693,0.013612353480123693,0.24312848965457637,0.013612353480123693,0.013612353480123693,0.013612353480123693,0.2448155976319422,0.15179366823285462,0.013612353480123693
662,food_local_markets,high,35.19667715077503,bike,4.731760418990564,0.4404497404062054,0.933904960396744,0.5055930065897165,True,La Barceloneta,41.383530037500435,2.1891031832380157,,0.015392416698300519,0.015392416698300519,0.015392416698300519,0.015392416698300519,0.22257747714960152,0.22438995094347733,0.015392416698300519,0.015392416698300519,0.206878331499369,0.015392416698300519,0.015392416698300519,0.015392416698300519,0.2076224901228475
663,food_local_markets,medium,22.019182113126817,walk,2.8671272184278087,0.5811468904489867,0.7345320814724695,0.6421686455298394,False,Montjuic,41.377216049791585,2.153039743738406,,0.014328784033740712,0.014328784033740712,0.014328784033740712,0.014328784033740712,0.22202553653309712,0.2576674766327686,0.014328784033740712,0.014328784033740712,0.143928110127772,0.014328784033740712,0.014328784033740712,0.014328784033740712,0.24741982040269586
664,food_local_markets,medium,19.422908727755583,transit,9.560137352173529,0.43058986024179785,0.560047766771461,0.3922665045917508,False,Vila de Gracia,41.40188637666842,2.1608925098696137,,0.017728193534134525,0.017728193534134525,0.017728193534134525,0.017728193534134525,0.192047068182888,0.21341093232664932,0.017728193534134525,0.017728193534134525,0.2349881448120169,0.017728193534134525,0.017728193534134525,0.017728193534134525,0.2000001128712351
665,beach_nightlife,medium,21.985220984490095,transit,10.56712918221824,0.17501491447919346,0.4320892526318737,0.7442359811701662,False,El Raval,41.38033629284184,2.167098693498569,,0.014021859099512117,0.014021859099512117,0.014021859099512117,0.014021859099512117,0.014021859099512117,0.24800529366480276,0.2160173841691023,0.014021859099512117,0.2174528321427614,0.19232775812772446,0.014021859099512117,0.014021859099512117,0.014021859099512117
666,architecture_fans,medium,20.33710533676716,transit,9.309784362819022,0.4883222101385865,0.14507044201267655,0.2897055331215002,False,Gotic,41.39443438232215,2.176685236326429,,0.22010683037953965,0.2352905838463243,0.24199289960253756,0.013462998158278072,0.013462998158278072,0.013462998158278072,0.013462998158278072,0.18144270274709579,0.013462998158278072,0.013462998158278072,0.013462998158278072,0.013462998158278072,0.013462998158278072
667,architecture_fans,low,7.4543443411509624,mixed,4.607422437483122,0.12276553836489294,0.4215391014618815,0.49228043753826334,False,Dreta Eixample,41.391299202231544,2.171154674697446,,0.2133433346940985,0.2185129936952116,0.2274176373602861,0.013746789696423973,0.013746789696423973,0.013746789696423973,0.013746789696423973,0.217004926982588,0.013746789696423973,0.013746789696423973,0.013746789696423973,0.013746789696423973,0.013746789696423973
668,museum_culture,high,35.87531936736648,walk,1.5525859472520829,0.6743681196232548,0.8472104769687927,0.29110807634082236,False,Gotic,41.37575709002268,2.1751170977840504,,0.20846195221127262,0.015965368503490233,0.2760854308863161,0.015965368503490233,0.015965368503490233,0.015965368503490233,0.015965368503490233,0.015965368503490233,0.015965368503490233,0.015965368503490233,0.015965368503490233,0.1830147054517106,0.1887495949192886
669,museum_culture,high,51.797986968597876,mixed,6.7941954835589415,0.5110986344732997,0.8866634626330333,0.4749476224401398,False,El Raval,41.38862841767625,2.170680882927287,,0.23661700264806712,0.013806719635935862,0.245077503843456,0.013806719635935862,0.013806719635935862,0.013806719635935862,0.013806719635935862,0.013806719635935862,0.013806719635935862,0.013806719635935862,0.013806719635935862,0.24636932755264293,0.1476756892324112
670,architecture_fans,low,5.661927800313567,mixed,4.2294372942682825,0.4173954520372125,0.3465068659682799,0.5150399070320557,False,Gotic,41.380890387837745,2.1830446919429844,,0.19061609711810598,0.24235107657866398,0.23850462840209782,0.016419916593092485,0.016419916593092485,0.016419916593092485,0.016419916593092485,0.18074894856329984,0.016419916593092485,0.016419916593092485,0.016419916593092485,0.016419916593092485,0.016419916593092485
671,architecture_fans,high,36.739176060863045,walk,3.034421934416219,0.270825900427817,0.7361191736523927,0.06381136883646019,False,La Barceloneta,41.378204039815664,2.1865927206671647,,0.2569156950429428,0.15849840890534778,0.17235231562762132,0.01567448807777416,0.01567448807777416,0.01567448807777416,0.01567448807777416,0.2711631877241206,0.01567448807777416,0.01567448807777416,0.01567448807777416,0.01567448807777416,0.01567448807777416
672,history_religion,medium,25.825566737820456,transit,5.3263947456765335,0.3232949614087311,0.30473597005712255,0.47118880140917696,False,Sagrada Familia,41.39781304514803,2.1742303324807977,,0.17315435862342152,0.22352374731792207,0.24057306587153804,0.017085943682081526,0.017085943682081526,0.017085943682081526,0.017085943682081526,0.017085943682081526,0.017085943682081526,0.017085943682081526,0.017085943682081526,0.017085943682081526,0.20897533504838461
673,family_green,medium,10.121015980401076,bike,6.812407032174241,0.8839308158214557,0.42048301984647185,0.5167296311213235,False,Dreta Eixample,41.39607197893307,2.1718167061009575,,0.01682757467032267,0.01682757467032267,0.01682757467032267,0.22325347507431673,0.01682757467032267,0.01682757467032267,0.24201919746784437,0.01682757467032267,0.01682757467032267,0.01682757467032267,0.20577301016864996,0.177506145256285,0.01682757467032267
674,beach_nightlife,high,35.12569243977793,mixed,5.16856144464754,0.5234883035891965,0.4365333472617552,0.2901041421460752,False,Les Corts,41.38515844046444,2.130006891201927,,0.01406882626843735,0.01406882626843735,0.01406882626843735,0.01406882626843735,0.01406882626843735,0.17232369509694964,0.23749649318274074,0.01406882626843735,0.21390898304176165,0.24965139226261182,0.01406882626843735,0.01406882626843735,0.01406882626843735
675,museum_culture,high,26.46226590313104,transit,9.448311282944918,0.710250583833216,0.5106422058145217,0.4559806780984727,True,Dreta Eixample,41.39634873357563,2.1631984822736325,,0.17741568874793515,0.01439906427363981,0.2577195902810316,0.01439906427363981,0.01439906427363981,0.01439906427363981,0.01439906427363981,0.01439906427363981,0.01439906427363981,0.01439906427363981,0.01439906427363981,0.18204876570096443,0.2532243768073105
676,family_green,medium,20.150365977550194,taxi,9.311423957732767,0.6058513076359269,0.3689325177373525,0.682599865566684,False,Gotic,41.3857006292758,2.1726355501587014,,0.015965076483789774,0.015965076483789774,0.015965076483789774,0.2712305550509819,0.015965076483789774,0.015965076483789774,0.17001007242810184,0.015965076483789774,0.015965076483789774,0.015965076483789774,0.1751084702186807,0.2399652139481276,0.015965076483789774
677,history_religion,high,38.50362348172816,transit,11.425221495103958,0.7039634422207018,0.5409304061288913,0.1256229722600719,False,Sagrada Familia,41.401958226435994,2.174006355666431,,0.19604973260008937,0.1977362109242091,0.2262422326156277,0.015228851620256943,0.015228851620256943,0.015228851620256943,0.015228851620256943,0.015228851620256943,0.015228851620256943,0.015228851620256943,0.015228851620256943,0.015228851620256943,0.24291215927776133
678,museum_culture,low,3.1073368820670924,transit,9.239919963727308,0.5854578653500593,0.3143076869937314,0.7700545715262225,True,Sagrada Familia,41.401746314205,2.1783606173564425,,0.2472699805049702,0.014464691207656366,0.24956626674150187,0.014464691207656366,0.014464691207656366,0.014464691207656366,0.014464691207656366,0.014464691207656366,0.014464691207656366,0.014464691207656366,0.014464691207656366,0.2203377642293735,0.1526437676552472
679,architecture_fans,medium,11.2325421426349,mixed,3.496151495363691,0.5868776827634012,0.42314314287982047,0.21280865070327395,False,Vila de Gracia,41.403366618927166,2.1529766520086637,,0.24320747231343992,0.20469902863634973,0.19034371209961654,0.01548232185755544,0.01548232185755544,0.01548232185755544,0.01548232185755544,0.22240889023259486,0.01548232185755544,0.01548232185755544,0.01548232185755544,0.01548232185755544,0.01548232185755544
680,museum_culture,high,45.8152581132184,mixed,8.068604599111222,0.5515802293864532,0.1850602512990544,0.5738469188127769,False,Sagrada Familia,41.407964875108725,2.1688181732165335,,0.1997109889865667,0.013248503717712419,0.2186993309514014,0.013248503717712419,0.013248503717712419,0.013248503717712419,0.013248503717712419,0.013248503717712419,0.013248503717712419,0.013248503717712419,0.013248503717712419,0.23788240756662404,0.22447073903599615
681,architecture_fans,medium,13.906285317395609,transit,7.279069824925632,0.4311145133887942,0.31180310362518787,0.2006113701912764,False,La Barceloneta,41.37691366550532,2.1827626335994594,,0.16788394289365594,0.2682419007488475,0.22849827556236593,0.015262398180496475,0.015262398180496475,0.015262398180496475,0.015262398180496475,0.19801429717066235,0.015262398180496475,0.015262398180496475,0.015262398180496475,0.015262398180496475,0.015262398180496475
682,history_religion,low,8.479150216417843,mixed,7.5250594173473155,0.5688305082630472,0.5416114841861278,0.43240717859319455,True,Montjuic,41.374352893358655,2.149657262285209,,0.20665330241220628,0.1740792406355166,0.2242179943634491,0.01705546367237235,0.01705546367237235,0.01705546367237235,0.01705546367237235,0.01705546367237235,0.01705546367237235,0.01705546367237235,0.01705546367237235,0.01705546367237235,0.24155028953747687
683,food_local_markets,medium,19.879833039125657,walk,3.4069755659135565,0.6993229083198391,0.7150041564334331,0.7469617677541004,False,Les Corts,41.392584744036455,2.13279048608973,,0.015070621947409886,0.015070621947409886,0.015070621947409886,0.015070621947409886,0.21665684301057192,0.18349903138850768,0.015070621947409886,0.015070621947409886,0.21177381069169954,0.015070621947409886,0.015070621947409886,0.015070621947409886,0.2524347173825318
684,architecture_fans,low,7.027042852253732,transit,6.53775041825448,0.4419181498898115,0.3410476258203486,0.36645830932095186,False,Gotic,41.383173398153,2.179427018390018,,0.16728041531764057,0.24050430106886858,0.20325744311908067,0.016710420570403593,0.016710420570403593,0.016710420570403593,0.016710420570403593,0.23856405536077782,0.016710420570403593,0.016710420570403593,0.016710420570403593,0.016710420570403593,0.016710420570403593
685,architecture_fans,medium,28.794911153484534,transit,8.693467229964781,0.5370678482638787,0.529502684590067,0.6849313035451126,False,Montjuic,41.37433565316982,2.151095803166501,,0.18576907663921602,0.24185770968033762,0.22012306345476843,0.013894713470118496,0.013894713470118496,0.013894713470118496,0.013894713470118496,0.22719772899461155,0.013894713470118496,0.013894713470118496,0.013894713470118496,0.013894713470118496,0.013894713470118496
686,family_green,medium,21.053973879434146,transit,11.512000497208756,0.5938174682428808,0.8441160705174551,0.7036060760214422,False,Gotic,41.38519893214328,2.170658094904156,,0.015001454517847899,0.015001454517847899,0.015001454517847899,0.2516440581936162,0.015001454517847899,0.015001454517847899,0.24164886178822165,0.015001454517847899,0.015001454517847899,0.015001454517847899,0.16274815538517728,0.20894583397235378,0.015001454517847899
687,history_religion,medium,11.61764474215173,walk,1.948318054050127,0.5309498177309848,0.7513342589745905,0.339564112663353,False,Vila de Gracia,41.406989294698704,2.1603193795443154,,0.25802178205032167,0.2532594827985572,0.2050705922028928,0.014800225675361137,0.014800225675361137,0.014800225675361137,0.014800225675361137,0.014800225675361137,0.014800225675361137,0.014800225675361137,0.014800225675361137,0.014800225675361137,0.1504461118699781
688,family_green,medium,16.480489325393243,walk,1.3704443858513424,0.8115813173962433,0.7158827175656823,0.7024416420916291,True,Dreta Eixample,41.38580779942595,2.1549299495326384,,0.016093861052263722,0.016093861052263722,0.016093861052263722,0.20318103549452873,0.016093861052263722,0.016093861052263722,0.1631133229085846,0.016093861052263722,0.016093861052263722,0.016093861052263722,0.20582575570679681,0.28303513641971634,0.016093861052263722
689,architecture_fans,medium,13.110868730517756,transit,9.04697862931208,0.3620867287561529,0.3319267174750979,0.2620623664665578,False,Gotic,41.38508621944519,2.1762904651609714,,0.19977181955657966,0.23144207878477643,0.2212006855448305,0.014511734767840947,0.014511734767840947,0.014511734767840947,0.014511734767840947,0.21697980320324484,0.014511734767840947,0.014511734767840947,0.014511734767840947,0.014511734767840947,0.014511734767840947
690,food_local_markets,medium,20.97695147362383,walk,1.5673062721203985,0.46281999792270523,0.7127353621122732,0.33592720325823383,False,Les Corts,41.38758809904418,2.1309504554437457,,0.015419075000627622,0.015419075000627622,0.015419075000627622,0.015419075000627622,0.16771922241843734,0.27296803207335024,0.015419075000627622,0.015419075000627622,0.19628945210560586,0.015419075000627622,0.015419075000627622,0.015419075000627622,0.2242516183969579
691,family_green,medium,10.680276728824841,mixed,3.5475748280088473,0.8706496660098364,0.8745361317766329,0.9310665454374246,False,El Raval,41.38616424770004,2.166032542148426,,0.014981141574495751,0.014981141574495751,0.014981141574495751,0.19365233326844994,0.014981141574495751,0.014981141574495751,0.23090469690026957,0.014981141574495751,0.014981141574495751,0.014981141574495751,0.20027842124339557,0.2403342744174232,0.014981141574495751
692,architecture_fans,medium,18.683420677721504,mixed,7.286411189874509,0.5279586540234837,0.4151398174307883,0.355620207521606,False,Sagrada Familia,41.40267696420649,2.1691337233134327,,0.21774044253270253,0.1728298579992411,0.1797276999610393,0.016493495904139992,0.016493495904139992,0.016493495904139992,0.016493495904139992,0.2812605363697572,0.016493495904139992,0.016493495904139992,0.016493495904139992,0.016493495904139992,0.016493495904139992
693,museum_culture,low,7.405116791422957,walk,3.0633257847220308,0.4395356716233706,0.39192195265132074,0.3147405151008913,False,La Barceloneta,41.38658429115906,2.1980434320719966,,0.2774065749666508,0.015552640097089353,0.17961011813131297,0.015552640097089353,0.015552640097089353,0.015552640097089353,0.015552640097089353,0.015552640097089353,0.015552640097089353,0.015552640097089353,0.015552640097089353,0.1972401758497084,0.20576937017852365
694,architecture_fans,high,46.595136867692915,walk,2.5012339150925214,0.3697739105192524,0.5663842114035205,0.18840509695177082,False,Vila de Gracia,41.40490757008044,2.146641219278083,,0.2117580520809214,0.16582410179436108,0.2519740374774181,0.015055660552443803,0.015055660552443803,0.015055660552443803,0.015055660552443803,0.23494286367530517,0.015055660552443803,0.015055660552443803,0.015055660552443803,0.015055660552443803,0.015055660552443803
695,food_local_markets,low,5.355553917544508,walk,2.592084413993155,0.8827840435346866,0.5138058956654635,0.6895208766413696,False,La Barceloneta,41.38210502760113,2.1929488879825247,,0.014557227207115924,0.014557227207115924,0.014557227207115924,0.014557227207115924,0.24173915285777262,0.210397303458971,0.014557227207115924,0.014557227207115924,0.2504250708688801,0.014557227207115924,0.014557227207115924,0.014557227207115924,0.1664234279503329
696,museum_culture,medium,22.666283841151294,walk,3.406653132880798,0.45692942248025437,0.40691965511859723,0.2520675645656358,False,Vila de Gracia,41.40308660346735,2.1563371825962525,,0.22725289318274272,0.01542262303571848,0.2449037177396253,0.01542262303571848,0.01542262303571848,0.01542262303571848,0.01542262303571848,0.01542262303571848,0.01542262303571848,0.01542262303571848,0.01542262303571848,0.1872351162659889,0.20180466549017678
697,architecture_fans,medium,23.01432642522765,walk,2.8985456819550084,0.44609084532291626,0.19140537949288586,0.42019682655700064,False,El Raval,41.38656812138298,2.165341420556648,,0.24770013968820903,0.1906700162113587,0.19005912336478614,0.01421240332686658,0.01421240332686658,0.01421240332686658,0.01421240332686658,0.2436590907938469,0.01421240332686658,0.01421240332686658,0.01421240332686658,0.01421240332686658,0.01421240332686658
698,family_green,medium,19.406671853909543,bike,5.6998766667678025,0.7180125031848097,0.7638720090125453,0.9213962955184916,True,Gotic,41.38312848816044,2.1810024013529232,,0.015361472689910284,0.015361472689910284,0.015361472689910284,0.22051731919070172,0.015361472689910284,0.015361472689910284,0.18095351781483768,0.015361472689910284,0.015361472689910284,0.015361472689910284,0.20321226127915434,0.25706364750611377,0.015361472689910284
699,family_green,high,31.773493809723554,taxi,10.27381667222251,0.3651145088820728,0.6917548375485717,0.9333270801933348,True,La Barceloneta,41.38975814897939,2.1856267990526854,,0.013904982701620222,0.013904982701620222,0.013904982701620222,0.1571512218731138,0.013904982701620222,0.013904982701620222,0.24284194189383151,0.013904982701620222,0.013904982701620222,0.013904982701620222,0.22561876570608816,0.24924322621238457,0.013904982701620222
700,architecture_fans,medium,23.662373340218164,transit,6.257022757583473,0.3209828848777291,0.6198161163838235,0.3709587403188434,False,El Raval,41.38156858995214,2.1704333385345635,,0.2699520433879588,0.16189267726787157,0.18864361817412634,0.015793238478633842,0.015793238478633842,0.015793238478633842,0.015793238478633842,0.23737251486233873,0.015793238478633842,0.015793238478633842,0.015793238478633842,0.015793238478633842,0.015793238478633842
701,food_local_markets,high,41.79510859804379,walk,1.9584147356666046,0.683669056128945,0.6195593834430108,0.16477237674745998,False,Sagrada Familia,41.402459584789256,2.1771646741410313,,0.015472219424818594,0.015472219424818594,0.015472219424818594,0.015472219424818594,0.27533410849585516,0.18766714337022652,0.015472219424818594,0.015472219424818594,0.1820851196071848,0.015472219424818594,0.015472219424818594,0.015472219424818594,0.21566365370336624
702,food_local_markets,low,5.656707465816256,walk,2.7277467541735327,0.7470931236834837,0.5651351106891389,0.1841714331607334,True,Dreta Eixample,41.391219718324315,2.162457831248051,,0.013704457715838895,0.013704457715838895,0.013704457715838895,0.013704457715838895,0.23146855581292533,0.22283535785580563,0.013704457715838895,0.013704457715838895,0.18920028388131835,0.013704457715838895,0.013704457715838895,0.013704457715838895,0.23315568300740058
703,food_local_markets,medium,22.241857021580923,transit,6.652469848460351,0.6872578891428562,0.28444895658631175,0.30250870910134237,False,Dreta Eixample,41.3935387119121,2.1712841343933658,,0.01550603211913721,0.01550603211913721,0.01550603211913721,0.01550603211913721,0.25805115496263287,0.23311117295473446,0.01550603211913721,0.01550603211913721,0.21174246303247937,0.01550603211913721,0.01550603211913721,0.01550603211913721,0.15754091997791844
704,food_local_markets,medium,23.565193152471313,bike,6.641924924690223,0.6449957897099932,0.8127978187154639,0.507301293667135,False,Vila de Gracia,41.39854860350886,2.158894683719488,,0.014635026206241936,0.014635026206241936,0.014635026206241936,0.014635026206241936,0.24932410651162265,0.229609469371002,0.014635026206241936,0.014635026206241936,0.14738781117868383,0.014635026206241936,0.014635026206241936,0.014635026206241936,0.24196337708251414
705,food_local_markets,high,52.5180343515905,walk,1.6474526765995339,0.45201304982760815,0.7153570037784099,0.5576127164834722,False,Poblenou,41.39962221099464,2.202609519852685,,0.014725352362307407,0.014725352362307407,0.014725352362307407,0.014725352362307407,0.20372160516863283,0.19203618727950672,0.014725352362307407,0.014725352362307407,0.22982899153953873,0.014725352362307407,0.014725352362307407,0.014725352362307407,0.24188504475155503
706,beach_nightlife,medium,18.294973953266048,bike,7.35223853570003,0.29986446049229687,0.22334081172452763,0.7150134585069183,False,El Raval,41.378390213303575,2.172216211469362,,0.0145820549353214,0.0145820549353214,0.0145820549353214,0.0145820549353214,0.0145820549353214,0.2616416948020703,0.2312298599298291,0.0145820549353214,0.2004634534578641,0.1754264973923439,0.0145820549353214,0.0145820549353214,0.0145820549353214
707,food_local_markets,medium,16.702143421894277,transit,7.447372128495185,0.46503168820578183,0.7260199143999979,0.7930815032358798,False,Les Corts,41.38986248171021,2.1235878669070383,,0.01477738823583731,0.01477738823583731,0.01477738823583731,0.01477738823583731,0.19398282859972482,0.2242561600792951,0.01477738823583731,0.01477738823583731,0.2102383344615571,0.01477738823583731,0.01477738823583731,0.01477738823583731,0.2385261827368872
708,architecture_fans,low,11.826157473539737,transit,10.799598893206044,0.47439263597705866,0.5480815220309145,0.36808645118893213,False,Sagrada Familia,41.395895472654196,2.1745242299614516,,0.19105700183718222,0.19527598756666417,0.24989765118342333,0.014520362818226938,0.014520362818226938,0.014520362818226938,0.014520362818226938,0.2330860940486878,0.014520362818226938,0.014520362818226938,0.014520362818226938,0.014520362818226938,0.014520362818226938
709,museum_culture,medium,19.73758419569454,walk,3.061297916060983,0.4358862357513298,0.814928696596437,0.4929914585109248,False,El Raval,41.38112575471895,2.1665107086931217,,0.24340700644343485,0.01571730363914363,0.1919694180521637,0.01571730363914363,0.01571730363914363,0.01571730363914363,0.01571730363914363,0.01571730363914363,0.01571730363914363,0.01571730363914363,0.01571730363914363,0.15746809382649812,0.26569974892561066
710,architecture_fans,medium,20.871747962623843,walk,1.3884530259141032,0.24909967190486237,0.07708643432590606,0.500755165064563,False,Sagrada Familia,41.39763177661005,2.178197495320792,,0.2336172847348509,0.18020051155091424,0.17922401577821911,0.017107131928785952,0.017107131928785952,0.017107131928785952,0.017107131928785952,0.2529940005769422,0.017107131928785952,0.017107131928785952,0.017107131928785952,0.017107131928785952,0.017107131928785952
711,museum_culture,medium,16.80214054272576,transit,11.22830491116443,0.5089849251655214,0.475740009803134,0.3753329023904431,False,El Raval,41.37958240540486,2.176679741075198,,0.2566641171383081,0.01513804350430103,0.2274685852141642,0.01513804350430103,0.01513804350430103,0.01513804350430103,0.01513804350430103,0.01513804350430103,0.01513804350430103,0.01513804350430103,0.01513804350430103,0.16277991249949852,0.21684499360931989
712,museum_culture,medium,18.918045821951726,mixed,3.166658709071875,0.6180320825484551,0.583503038439196,0.3411495729980196,True,Sagrada Familia,41.40766360081112,2.175212393278354,,0.23886006132947923,0.015103052999008021,0.2394302402512751,0.015103052999008021,0.015103052999008021,0.015103052999008021,0.015103052999008021,0.015103052999008021,0.015103052999008021,0.015103052999008021,0.015103052999008021,0.21330281557793412,0.17247940585023938
713,museum_culture,medium,23.553379159111532,mixed,5.163787053776354,0.32014693197532573,0.49845660293171995,0.6445675611502764,False,Dreta Eixample,41.395016735332426,2.162127969007733,,0.201637220513496,0.0158114933908033,0.23784605398660544,0.0158114933908033,0.0158114933908033,0.0158114933908033,0.0158114933908033,0.0158114933908033,0.0158114933908033,0.0158114933908033,0.0158114933908033,0.2097721906702274,0.20844109431244146
714,architecture_fans,medium,16.633915834015284,mixed,5.514289706575326,0.38644155963046456,0.40318205976701166,0.2874915610500632,False,La Barceloneta,41.37879734622631,2.189668890351938,,0.2007015641006204,0.21274128041385992,0.18221062934635887,0.016423081228302987,0.016423081228302987,0.016423081228302987,0.016423081228302987,0.25653879508443395,0.016423081228302987,0.016423081228302987,0.016423081228302987,0.016423081228302987,0.016423081228302987
715,family_green,medium,18.723081435165412,bike,4.685120843015662,0.7627503082346743,0.7130169221734917,0.9363676531592934,True,Dreta Eixample,41.391334838059976,2.166364104076576,,0.014788533999890607,0.014788533999890607,0.014788533999890607,0.2611594875581387,0.014788533999890607,0.014788533999890607,0.15772800236572923,0.014788533999890607,0.014788533999890607,0.014788533999890607,0.20660200566926457,0.2414136984078521,0.014788533999890607
716,history_religion,medium,12.91712249002537,mixed,8.200174193330533,0.7711964805907496,0.6669021673461037,0.5175598116275739,False,Gotic,41.38497408591384,2.1789689285647595,,0.20882114596483503,0.23559701515510295,0.21907464596357273,0.013276564893448169,0.013276564893448169,0.013276564893448169,0.013276564893448169,0.013276564893448169,0.013276564893448169,0.013276564893448169,0.013276564893448169,0.013276564893448169,0.21701810887545572
717,family_green,medium,22.79285514100953,mixed,4.484056403783914,0.5802777127270415,0.7564868564102638,0.8027318980659464,True,Gotic,41.37717317621508,2.180586336767018,,0.017510863832280444,0.017510863832280444,0.017510863832280444,0.20654520438262058,0.017510863832280444,0.017510863832280444,0.2300446884275619,0.017510863832280444,0.017510863832280444,0.017510863832280444,0.18918220282098416,0.21663012987830937,0.017510863832280444
718,food_local_markets,low,5.456579998002997,transit,5.718072488783209,0.7268563939800126,0.7412182194151967,0.4709274746883636,False,Dreta Eixample,41.39027643547329,2.1670304291351754,,0.01649810095913076,0.01649810095913076,0.01649810095913076,0.01649810095913076,0.18662833686388478,0.2534490033017947,0.01649810095913076,0.01649810095913076,0.196152839119936,0.01649810095913076,0.01649810095913076,0.01649810095913076,0.21528691208220768
719,family_green,medium,18.66509497841835,mixed,5.77695544310302,0.8422439545466112,0.9648855749056877,0.7908141613569198,False,Gotic,41.37542242822467,2.17583316292446,,0.017165313153049803,0.017165313153049803,0.017165313153049803,0.23603917684691442,0.017165313153049803,0.017165313153049803,0.23538161923700351,0.017165313153049803,0.017165313153049803,0.017165313153049803,0.17789576477351246,0.19619562076512134,0.017165313153049803
720,beach_nightlife,medium,14.583589536688091,mixed,4.723122679261265,0.5036271095006011,0.4405246674028466,0.9481220161024188,False,El Raval,41.37857477058882,2.164221763059766,,0.016061477481276988,0.016061477481276988,0.016061477481276988,0.016061477481276988,0.016061477481276988,0.18164517477853073,0.20906071908365798,0.016061477481276988,0.24794172897113667,0.21679907983518173,0.016061477481276988,0.016061477481276988,0.016061477481276988
721,architecture_fans,high,40.57239488820813,transit,6.664464430287969,0.537088070627889,0.2351181887710369,0.13944460151066815,False,Dreta Eixample,41.39755853412211,2.1688425871731103,,0.18402663267280323,0.18273155664183918,0.2478972794471349,0.014366959287782022,0.014366959287782022,0.014366959287782022,0.014366959287782022,0.2560418976481845,0.014366959287782022,0.014366959287782022,0.014366959287782022,0.014366959287782022,0.014366959287782022
722,museum_culture,medium,13.815671213576787,mixed,4.1736604935883586,0.8868403863877716,0.4769300194595859,0.5569651563659939,False,Gotic,41.38054587317946,2.1763327880172394,,0.29711649832551984,0.01672362040303126,0.17015365975901794,0.01672362040303126,0.01672362040303126,0.01672362040303126,0.01672362040303126,0.01672362040303126,0.01672362040303126,0.01672362040303126,0.01672362040303126,0.16811671900948882,0.21410053927869208
723,museum_culture,medium,24.458185067666278,transit,7.4792731810975335,0.7549611868488548,0.16442796946322524,0.6349511857390499,False,Dreta Eixample,41.39316784460825,2.16623689034856,,0.17171837216530667,0.014891062061946573,0.2376317255226362,0.014891062061946573,0.014891062061946573,0.014891062061946573,0.014891062061946573,0.014891062061946573,0.014891062061946573,0.014891062061946573,0.014891062061946573,0.23630619956415455,0.22032414419038343
724,history_religion,medium,26.890548696877744,walk,1.9449872139800906,0.5598029114296204,0.0828460073987899,0.4662235852210554,False,Poblenou,41.40310595183274,2.200472983199672,,0.22098865521482156,0.27931333308989864,0.1601524397195814,0.015588881656458135,0.015588881656458135,0.015588881656458135,0.015588881656458135,0.015588881656458135,0.015588881656458135,0.015588881656458135,0.015588881656458135,0.015588881656458135,0.19924563706757523
725,family_green,low,8.802605190317463,transit,4.375469475119127,0.6910837853773406,0.5894578354844495,0.9660367537875089,True,La Barceloneta,41.37737127054014,2.185731947395766,,0.015936761581981703,0.015936761581981703,0.015936761581981703,0.18680326187317825,0.015936761581981703,0.015936761581981703,0.27661772601178114,0.015936761581981703,0.015936761581981703,0.015936761581981703,0.18901673835279117,0.20413141952441408,0.015936761581981703
726,beach_nightlife,medium,12.58791655761609,mixed,5.645408443166563,0.3159529485631708,0.614873602966814,0.7003823976319069,False,Dreta Eixample,41.3992901911129,2.164206133210329,,0.015897036088378856,0.015897036088378856,0.015897036088378856,0.015897036088378856,0.015897036088378856,0.16277584906117978,0.1719977795931424,0.015897036088378856,0.24651901755203548,0.27563402899823264,0.015897036088378856,0.015897036088378856,0.015897036088378856
727,history_religion,medium,23.550212462583463,mixed,8.62445003904011,0.4241350958298444,0.15861689702803886,0.2908708548753577,False,Sagrada Familia,41.40423288194514,2.169233480543917,,0.1731152208393963,0.27434190820052395,0.22982136420865973,0.016509167057471692,0.016509167057471692,0.016509167057471692,0.016509167057471692,0.016509167057471692,0.016509167057471692,0.016509167057471692,0.016509167057471692,0.016509167057471692,0.1741390032341748
728,food_local_markets,low,6.832362602344197,mixed,6.809321876714183,0.533524352289085,0.7952879066358219,0.24699387923695404,False,Montjuic,41.373045059565726,2.16031837667547,,0.014538705679126985,0.014538705679126985,0.014538705679126985,0.014538705679126985,0.1967869113526475,0.19393105146029832,0.014538705679126985,0.014538705679126985,0.24421844424034486,0.014538705679126985,0.014538705679126985,0.014538705679126985,0.2342152418345664
729,food_local_markets,medium,24.64201164526026,mixed,6.407527608370452,0.5367837282548097,0.3468195674356254,0.578734018541233,False,Gotic,41.383593324777515,2.1719877021244747,,0.015858542389415208,0.015858542389415208,0.015858542389415208,0.015858542389415208,0.2468598331780056,0.20024924449889708,0.015858542389415208,0.015858542389415208,0.23994246924285537,0.015858542389415208,0.015858542389415208,0.015858542389415208,0.17022157157550502
730,museum_culture,medium,25.348919275162494,transit,8.490716275010977,0.44426623313325275,0.783390864213756,0.6664378984536865,True,La Barceloneta,41.38152058177622,2.189266119443125,,0.20991389435716426,0.015925230157404244,0.19914117765493564,0.015925230157404244,0.015925230157404244,0.015925230157404244,0.015925230157404244,0.015925230157404244,0.015925230157404244,0.015925230157404244,0.015925230157404244,0.2769359632927306,0.17068189327853123
731,architecture_fans,medium,16.993181822226838,walk,1.8738821833370356,0.4907069623577028,0.3745885500675082,0.05636755165783864,False,Gotic,41.38774523507727,2.1791486594429563,,0.24280655082207037,0.16141358656720972,0.2219657805059188,0.014669703296289447,0.014669703296289447,0.014669703296289447,0.014669703296289447,0.24178675243819606,0.014669703296289447,0.014669703296289447,0.014669703296289447,0.014669703296289447,0.014669703296289447
732,history_religion,medium,21.13334285801642,transit,6.131785609420775,0.6707016761253995,0.6507742738903635,0.5407219814559744,False,Poblenou,41.40783434646566,2.2036934929921785,,0.23951241987425848,0.20679158583767487,0.22150550461704382,0.014877376449446629,0.014877376449446629,0.014877376449446629,0.014877376449446629,0.014877376449446629,0.014877376449446629,0.014877376449446629,0.014877376449446629,0.014877376449446629,0.1982941016260032
733,family_green,medium,17.18117045648524,transit,5.601572834568506,0.5859194727825947,0.764062649707349,0.8530644767701736,False,Dreta Eixample,41.39820344918501,2.1637423582520072,,0.01849758312364733,0.01849758312364733,0.01849758312364733,0.19550650944526166,0.01849758312364733,0.01849758312364733,0.21192997297950278,0.01849758312364733,0.01849758312364733,0.01849758312364733,0.1942603095112352,0.23182495995117433,0.01849758312364733
734,architecture_fans,medium,21.609819352067092,bike,4.173597268050587,0.7217727992540338,0.5006681670752435,0.3704576658767317,False,Sagrada Familia,41.40056479392191,2.1753062346650656,,0.2592067249191779,0.25964975219206404,0.18065152807243548,0.015714243778805953,0.015714243778805953,0.015714243778805953,0.015714243778805953,0.159063800807069,0.015714243778805953,0.015714243778805953,0.015714243778805953,0.015714243778805953,0.015714243778805953
735,family_green,medium,25.40894037720612,transit,5.580369342884482,0.552350921824466,0.5815570469138781,0.7262602769641157,True,Poblenou,41.39521690848477,2.206483947789982,,0.014966999048336807,0.014966999048336807,0.014966999048336807,0.19657077182806929,0.014966999048336807,0.014966999048336807,0.18960483658642288,0.014966999048336807,0.014966999048336807,0.014966999048336807,0.2224973991531915,0.256624000997285,0.014966999048336807
736,architecture_fans,medium,20.504096110494583,mixed,7.993286951909528,0.6236578146889704,0.672284891749738,0.4266654605379393,False,Montjuic,41.36432507167773,2.1520920880992493,,0.21029686645013684,0.22356627704214804,0.25618896244686146,0.014593620860580046,0.014593620860580046,0.014593620860580046,0.014593620860580046,0.17860530631563326,0.014593620860580046,0.014593620860580046,0.014593620860580046,0.014593620860580046,0.014593620860580046
737,family_green,high,38.9301130989685,transit,6.097844726205145,0.679320739735501,0.5646470625064419,0.8734518730005378,False,La Barceloneta,41.383878349837495,2.1866617676083595,,0.01493467477748232,0.01493467477748232,0.01493467477748232,0.24571765919689567,0.01493467477748232,0.01493467477748232,0.1826112983237001,0.01493467477748232,0.01493467477748232,0.01493467477748232,0.2075549804302249,0.22970398905183842,0.01493467477748232
738,history_religion,medium,14.19271728156313,transit,11.616366826295621,0.6525112162201542,0.6408908843588397,0.3010210799300782,False,Gotic,41.381626743062455,2.1738608964747175,,0.24752820195156516,0.15945916660240522,0.2311119072205037,0.01413778030715545,0.01413778030715545,0.01413778030715545,0.01413778030715545,0.01413778030715545,0.01413778030715545,0.01413778030715545,0.01413778030715545,0.01413778030715545,0.2346607014611268
739,beach_nightlife,low,4.532646682018594,transit,6.573751955515215,0.4555916483495868,0.6349835097839228,0.6680800752178435,False,La Barceloneta,41.38020748504466,2.1871148254485275,,0.015183150456834866,0.015183150456834866,0.015183150456834866,0.015183150456834866,0.015183150456834866,0.2015112885957698,0.2053044744781371,0.015183150456834866,0.1939418034146664,0.26259407939991286,0.015183150456834866,0.015183150456834866,0.015183150456834866
740,architecture_fans,medium,11.171584663534103,mixed,7.241567388501529,0.6587575879799702,0.32341797747106954,0.26068754804931527,True,Gotic,41.38285045585533,2.179766086883368,,0.2604674674781135,0.2066815878184304,0.21196270563437433,0.015355605152336022,0.015355605152336022,0.015355605152336022,0.015355605152336022,0.1826877926980576,0.015355605152336022,0.015355605152336022,0.015355605152336022,0.015355605152336022,0.015355605152336022
741,food_local_markets,medium,15.06811450885398,walk,1.553919223787904,0.7923778436663165,0.8559952031200738,0.6982000476156904,True,Dreta Eixample,41.38421675311246,2.1610044263134345,,0.015755220831517418,0.015755220831517418,0.015755220831517418,0.015755220831517418,0.28320401971705517,0.19263041361106958,0.015755220831517418,0.015755220831517418,0.2020976837397141,0.015755220831517418,0.015755220831517418,0.015755220831517418,0.18027089544850441
742,museum_culture,medium,23.952036465828403,walk,1.542603882360846,0.6895150619150492,0.3922974120312631,0.3860918967090665,False,Dreta Eixample,41.392986283119896,2.1664241923495977,,0.1758242418687948,0.014413129393743803,0.23636159028862722,0.014413129393743803,0.014413129393743803,0.014413129393743803,0.014413129393743803,0.014413129393743803,0.014413129393743803,0.014413129393743803,0.014413129393743803,0.24103505466573774,0.21706094863314607
743,food_local_markets,low,8.430278807979853,transit,7.819969405638418,0.6150751558740677,0.6537045326294264,0.6802669295051383,False,Dreta Eixample,41.391752521877294,2.1623873644639797,,0.014479884796643404,0.014479884796643404,0.014479884796643404,0.014479884796643404,0.19626310630441032,0.17976482805149427,0.014479884796643404,0.014479884796643404,0.2488200122510014,0.014479884796643404,0.014479884796643404,0.014479884796643404,0.24483309022330338
744,museum_culture,low,6.0335441437409445,transit,9.492206770730366,0.28735296789238773,0.33733726486977283,0.35075035553876266,False,Poblenou,41.39249176632299,2.199935091460293,,0.2240566483999073,0.01697111405117375,0.1850958770841757,0.01697111405117375,0.01697111405117375,0.01697111405117375,0.01697111405117375,0.01697111405117375,0.01697111405117375,0.01697111405117375,0.01697111405117375,0.2676661574334909,0.17044129062186236
745,food_local_markets,low,8.238771284171643,walk,1.3626010437959344,0.47150252762189926,0.5231356625274669,0.3878700582596441,False,Sagrada Familia,41.407437556762275,2.182885898205559,,0.013769035745193779,0.013769035745193779,0.013769035745193779,0.013769035745193779,0.18338139197175532,0.23700943262851465,0.013769035745193779,0.013769035745193779,0.23672275327356315,0.013769035745193779,0.013769035745193779,0.013769035745193779,0.21896510041942285
746,museum_culture,medium,14.049661245910183,bike,4.660185488741547,0.6873454165056048,0.5459983094427434,0.2782427867823989,False,Dreta Eixample,41.38690071300007,2.1615896763452453,,0.25702539766276383,0.01474723459495668,0.19867197091853525,0.01474723459495668,0.01474723459495668,0.01474723459495668,0.01474723459495668,0.01474723459495668,0.01474723459495668,0.01474723459495668,0.01474723459495668,0.2543908985237084,0.1571866215403824
747,architecture_fans,medium,21.606316625064764,taxi,12.829959955149302,0.25478581190719274,0.1420868117272129,0.24273143046389475,False,Dreta Eixample,41.39692867152779,2.169421517969508,,0.19918566985920655,0.23446872416667136,0.25224317129924917,0.01516845824915188,0.01516845824915188,0.01516845824915188,0.01516845824915188,0.177586310432506,0.01516845824915188,0.01516845824915188,0.01516845824915188,0.01516845824915188,0.01516845824915188
748,food_local_markets,medium,18.706902861127983,bike,6.118180048514892,0.5015300660163579,0.6606339446228903,0.37732573437981964,True,La Barceloneta,41.37811627352739,2.1856486286452332,,0.017941125816345795,0.017941125816345795,0.017941125816345795,0.017941125816345795,0.24348599037731328,0.2034275996139788,0.017941125816345795,0.017941125816345795,0.1914077161263097,0.017941125816345795,0.017941125816345795,0.017941125816345795,0.20020856153528616
749,architecture_fans,medium,12.642530261186756,walk,3.1944012128230703,0.2595979449065322,0.47681863661348456,0.5406727225268528,False,Vila de Gracia,41.40272208263764,2.1512775297123587,,0.1989407361481459,0.20634606554820295,0.25586488288978576,0.01495544194953159,0.01495544194953159,0.01495544194953159,0.01495544194953159,0.20424933786808108,0.01495544194953159,0.01495544194953159,0.01495544194953159,0.01495544194953159,0.01495544194953159
750,family_green,medium,18.851682291431505,taxi,13.21031638578238,0.6928008593409459,0.7489776638592847,0.6225585417134887,True,Sagrada Familia,41.40235806847122,2.1728714144359778,,0.015003635131250104,0.015003635131250104,0.015003635131250104,0.25302330363133047,0.015003635131250104,0.015003635131250104,0.20579508316124237,0.015003635131250104,0.015003635131250104,0.015003635131250104,0.1767645157685587,0.22938438125761754,0.015003635131250104
751,food_local_markets,medium,17.517102685445728,walk,1.4070600758573142,0.6854111746855155,0.7160371309031721,0.40355957406015724,True,Poblenou,41.40200088095708,2.20349753458088,,0.015852410298743645,0.015852410298743645,0.015852410298743645,0.015852410298743645,0.19447077467424356,0.23163780109317564,0.015852410298743645,0.015852410298743645,0.23102226268789935,0.015852410298743645,0.015852410298743645,0.015852410298743645,0.20019746885598866
752,food_local_markets,low,8.910890171968614,transit,5.000761573984041,0.40734562979985367,0.6503359666731632,0.5276050736999701,False,Sagrada Familia,41.40882349130484,2.1790129481527694,,0.01365396297787341,0.01365396297787341,0.01365396297787341,0.01365396297787341,0.2385248556877526,0.2395144356403569,0.01365396297787341,0.01365396297787341,0.15363176061288136,0.01365396297787341,0.01365396297787341,0.01365396297787341,0.2454432812581484
753,architecture_fans,medium,24.303586414895562,walk,2.059283753998787,0.8306471878228913,0.30649778042551923,0.2032261844549927,False,El Raval,41.38492297431226,2.174128533752804,,0.23275622147109246,0.17349853594310385,0.23518707703430136,0.01692980473733319,0.01692980473733319,0.01692980473733319,0.01692980473733319,0.20618992291550356,0.01692980473733319,0.01692980473733319,0.01692980473733319,0.01692980473733319,0.01692980473733319
754,architecture_fans,medium,7.691118487784687,transit,5.451836025616679,0.2770968343553142,0.06887580742335035,0.35821922065503287,False,La Barceloneta,41.382411082454254,2.1842310407862326,,0.1956369891254814,0.16967233871884743,0.2993514529667768,0.016751867969580593,0.016751867969580593,0.016751867969580593,0.016751867969580593,0.18457240746266906,0.016751867969580593,0.016751867969580593,0.016751867969580593,0.016751867969580593,0.016751867969580593
755,beach_nightlife,low,7.4599275243076395,bike,6.287942329031527,0.3590662052262913,0.4618674597769291,0.7009792611127629,False,Poblenou,41.40517219005491,2.2029694149606818,,0.015266313508609812,0.015266313508609812,0.015266313508609812,0.015266313508609812,0.015266313508609812,0.19657825490876957,0.23733719707659537,0.015266313508609812,0.17191388567417246,0.2567738407629742,0.015266313508609812,0.015266313508609812,0.015266313508609812
756,history_religion,high,37.32037279433669,transit,11.912892386292416,0.2560607883261844,0.7098418564559164,0.3142467553657776,False,La Barceloneta,41.37907445203124,2.1819524676794493,,0.2601269803240681,0.1887411234468883,0.17925307768054308,0.015129322669718892,0.015129322669718892,0.015129322669718892,0.015129322669718892,0.015129322669718892,0.015129322669718892,0.015129322669718892,0.015129322669718892,0.015129322669718892,0.23571491452103052
757,architecture_fans,high,26.535632101889274,transit,8.949704414159264,0.5324374173500596,0.24303726314118923,0.4317350883623744,False,Sagrada Familia,41.403763690602624,2.1738914851667235,,0.23371418531640728,0.23453553155080015,0.1906023232453013,0.014674033579586843,0.014674033579586843,0.014674033579586843,0.014674033579586843,0.20908165767120973,0.014674033579586843,0.014674033579586843,0.014674033579586843,0.014674033579586843,0.014674033579586843
758,history_religion,medium,16.952158184633316,transit,5.02156019541801,0.4543454799840917,0.7114992543099573,0.09071759016190283,False,Dreta Eixample,41.39974641228677,2.16530109818321,,0.2468298348028434,0.20983258818335643,0.1751622171145622,0.016863460726390424,0.016863460726390424,0.016863460726390424,0.016863460726390424,0.016863460726390424,0.016863460726390424,0.016863460726390424,0.016863460726390424,0.016863460726390424,0.21640421336172416
759,beach_nightlife,low,10.083341693618387,mixed,6.412569054701242,0.11694828194211826,0.16902672277101735,0.6905551189945345,False,Sant Andreu,41.435557360200825,2.186389343762913,,0.016696872459450434,0.016696872459450434,0.016696872459450434,0.016696872459450434,0.016696872459450434,0.2011876151594886,0.18151044335793115,0.016696872459450434,0.24271816724071776,0.22431192210680856,0.016696872459450434,0.016696872459450434,0.016696872459450434
760,food_local_markets,low,7.053448671694524,bike,5.56464858674525,0.4685752816246295,0.6146404918093704,0.43356272617195113,False,El Raval,41.38060850126222,2.164883538950468,,0.01852932357831836,0.01852932357831836,0.01852932357831836,0.01852932357831836,0.1865288204054509,0.21263469400409954,0.01852932357831836,0.01852932357831836,0.24538512954644723,0.01852932357831836,0.01852932357831836,0.01852932357831836,0.18868744383913716
761,food_local_markets,medium,15.135267640774494,transit,10.27199529686394,0.755815045288673,0.7848579356221879,0.5304700503994422,False,El Raval,41.38866231212415,2.1663922984941792,,0.013157647512485476,0.013157647512485476,0.013157647512485476,0.013157647512485476,0.20730249444731824,0.22443963599318154,0.013157647512485476,0.013157647512485476,0.222397781821298,0.013157647512485476,0.013157647512485476,0.013157647512485476,0.22744126012583293
762,museum_culture,high,48.68457396531275,bike,4.160609448862973,0.4062038951719219,0.34867437665746576,0.3878599128689047,False,Vila de Gracia,41.40798301844825,2.159732096051248,,0.15682947119171575,0.015609300740920172,0.2764224096759303,0.015609300740920172,0.015609300740920172,0.015609300740920172,0.015609300740920172,0.015609300740920172,0.015609300740920172,0.015609300740920172,0.015609300740920172,0.156178427681971,0.2700859847821015
763,architecture_fans,high,48.997919720559814,transit,10.08265016598778,0.19170180375044413,0.6366332229101728,0.20954129903316634,False,Poblenou,41.40079032896371,2.2050396926983975,,0.26033393234057894,0.1626749430358267,0.18678651449121375,0.01579157918741504,0.01579157918741504,0.01579157918741504,0.01579157918741504,0.24808039744564533,0.01579157918741504,0.01579157918741504,0.01579157918741504,0.01579157918741504,0.01579157918741504
764,architecture_fans,high,36.76383773849833,bike,3.668249589089991,0.7502066579544004,0.5018290967746304,0.37127353708701155,False,Sagrada Familia,41.40752411239256,2.1792142801840804,,0.18458969200770192,0.21265657290759887,0.24736896798203073,0.014078598124370057,0.014078598124370057,0.014078598124370057,0.014078598124370057,0.2286773839833379,0.014078598124370057,0.014078598124370057,0.014078598124370057,0.014078598124370057,0.014078598124370057
765,architecture_fans,high,41.54849754885389,transit,5.2801772037454295,0.47240059530372847,0.5986215251824617,0.36416319081376064,False,La Barceloneta,41.38263718720889,2.1919389007567167,,0.2447635192562688,0.20085024042963007,0.226519769765998,0.01403527275102055,0.01403527275102055,0.01403527275102055,0.01403527275102055,0.2015490157889182,0.01403527275102055,0.01403527275102055,0.01403527275102055,0.01403527275102055,0.01403527275102055
766,beach_nightlife,high,44.533897393202594,transit,11.06000960904578,0.4557518417634692,0.21815984359952625,0.633637593233796,False,Gotic,41.389262223487805,2.176659934315265,,0.014022015023511396,0.014022015023511396,0.014022015023511396,0.014022015023511396,0.014022015023511396,0.1829050922999445,0.229969011710104,0.014022015023511396,0.2496516744113186,0.2112760863670303,0.014022015023511396,0.014022015023511396,0.014022015023511396
767,history_religion,high,44.669756732159065,walk,3.1787707485843404,0.4330569963830156,0.6056241033361405,0.49457032997373873,False,La Barceloneta,41.366260077756316,2.195539237298394,,0.2584530838080067,0.17038245577411673,0.18658400823492965,0.016327765952524317,0.016327765952524317,0.016327765952524317,0.016327765952524317,0.016327765952524317,0.016327765952524317,0.016327765952524317,0.016327765952524317,0.016327765952524317,0.23763055861022814
768,museum_culture,medium,16.950207819488334,transit,6.04102028947812,0.6203061733345222,0.45203086356814687,0.23597686986759353,True,Poblenou,41.3941858375303,2.2078114278991,,0.21772642413355495,0.015542862708690406,0.24199293934604377,0.015542862708690406,0.015542862708690406,0.015542862708690406,0.015542862708690406,0.015542862708690406,0.015542862708690406,0.015542862708690406,0.015542862708690406,0.2144406012723181,0.18595427086986954
769,beach_nightlife,low,3.93993454154473,mixed,4.9077946970893755,0.38300974162322593,0.24998428175989504,0.718363569861199,False,Vila de Gracia,41.399246507266525,2.155956523956413,,0.014379982944226098,0.014379982944226098,0.014379982944226098,0.014379982944226098,0.014379982944226098,0.2567142286225956,0.1521708216765155,0.014379982944226098,0.25089269489068555,0.21080240831216848,0.014379982944226098,0.014379982944226098,0.014379982944226098
770,food_local_markets,medium,31.448030297987316,walk,2.7018944213996137,0.39062555056672926,0.7109896195229242,0.40660480932106674,False,Dreta Eixample,41.39478509802273,2.15945003120913,,0.015024811799312908,0.015024811799312908,0.015024811799312908,0.015024811799312908,0.23532337108111362,0.1729917484191716,0.015024811799312908,0.015024811799312908,0.23141530247468808,0.015024811799312908,0.015024811799312908,0.015024811799312908,0.2250462718312105
771,history_religion,high,31.031202401052468,transit,11.57701456920455,0.2735505845102015,0.3763699290316727,0.2041419886837972,False,Poblenou,41.402024010766624,2.201294195902558,,0.25603651103660824,0.18355315072885486,0.19874424976174293,0.017504250249331055,0.017504250249331055,0.017504250249331055,0.017504250249331055,0.017504250249331055,0.017504250249331055,0.017504250249331055,0.017504250249331055,0.017504250249331055,0.20412783622881447
772,architecture_fans,low,6.882123224257532,mixed,2.709560883098804,0.1860903504030949,0.3880150699342724,0.18647284759596594,True,Poblenou,41.39999462908066,2.197843750871099,,0.184544705603741,0.20656027360767903,0.21719517897047566,0.01761129147917418,0.01761129147917418,0.01761129147917418,0.01761129147917418,0.23319821850553663,0.01761129147917418,0.01761129147917418,0.01761129147917418,0.01761129147917418,0.01761129147917418
773,architecture_fans,medium,16.197910713286962,transit,5.944116320490957,0.7126043587608918,0.09006862625513885,0.6181400906648055,False,Dreta Eixample,41.388863596399084,2.163717183638017,,0.28595293169732233,0.18927600387978624,0.19261189639052453,0.01642884550913654,0.01642884550913654,0.01642884550913654,0.01642884550913654,0.18429955845013798,0.01642884550913654,0.01642884550913654,0.01642884550913654,0.01642884550913654,0.01642884550913654
774,beach_nightlife,medium,21.042169421468042,bike,4.601652971817551,0.27199333683179655,0.5301812419554892,0.8342783737063182,False,Dreta Eixample,41.39757016203637,2.1689669372289564,,0.014977384783923133,0.014977384783923133,0.014977384783923133,0.014977384783923133,0.014977384783923133,0.2414631689219756,0.2061838409198725,0.014977384783923133,0.24788396939750276,0.16967255770534084,0.014977384783923133,0.014977384783923133,0.014977384783923133
775,family_green,high,15.840931052123459,transit,5.8198994030202185,0.7292807468185973,0.7440596115891592,0.955731555098667,True,El Raval,41.380122455831085,2.1667066967623483,,0.01579729229068031,0.01579729229068031,0.01579729229068031,0.17227206966458947,0.01579729229068031,0.01579729229068031,0.21367374631618732,0.01579729229068031,0.01579729229068031,0.01579729229068031,0.20177194043450034,0.27010661296860017,0.01579729229068031
776,food_local_markets,medium,14.508868802870703,walk,3.354179016830289,0.4764338511103446,0.42823400817714957,0.5423173966066553,False,Vila de Gracia,41.4038441407649,2.1567540607070597,,0.01714009944986141,0.01714009944986141,0.01714009944986141,0.01714009944986141,0.22807700311690865,0.20047652263205987,0.01714009944986141,0.01714009944986141,0.23658494581584297,0.01714009944986141,0.01714009944986141,0.01714009944986141,0.18060063338643587
777,food_local_markets,low,6.194785714494545,transit,11.499433113133971,0.3220489574602624,0.4777637670940249,0.4652183489944849,False,Sagrada Familia,41.4044646272184,2.1752970328245333,,0.016332609892566737,0.016332609892566737,0.016332609892566737,0.016332609892566737,0.27265215259766556,0.20650205896296864,0.016332609892566737,0.016332609892566737,0.16423900573927508,0.016332609892566737,0.016332609892566737,0.016332609892566737,0.20961329366699005
778,family_green,low,10.10964293581787,bike,6.811655992317621,0.6826410369623541,0.7485653534098199,0.9134109638602558,False,Sant Andreu,41.43540294199875,2.195039935961964,,0.013970405228364732,0.013970405228364732,0.013970405228364732,0.21013764348470104,0.013970405228364732,0.013970405228364732,0.2062565767737681,0.013970405228364732,0.013970405228364732,0.013970405228364732,0.24667416981702356,0.21119796286922474,0.013970405228364732
779,museum_culture,medium,20.85773463749107,transit,9.015647109759504,0.4379570413258718,0.36407232765451775,0.7037455359925142,True,El Raval,41.375021547612555,2.168271976077488,,0.20670352980169932,0.014351577751185035,0.2239544872321886,0.014351577751185035,0.014351577751185035,0.014351577751185035,0.014351577751185035,0.014351577751185035,0.014351577751185035,0.014351577751185035,0.014351577751185035,0.20820147738605838,0.23197630581938844
780,food_local_markets,medium,20.237279501447293,mixed,5.233291488269994,0.6910262776999817,0.6021606180240411,0.5742824361107669,False,Poblenou,41.40101063795006,2.2010477940192232,,0.01732361962586473,0.01732361962586473,0.01732361962586473,0.01732361962586473,0.18435092003786727,0.20974156200605043,0.01732361962586473,0.01732361962586473,0.22840423510714492,0.01732361962586473,0.01732361962586473,0.01732361962586473,0.22159070621615484
781,museum_culture,medium,25.49610372280649,walk,2.709171792719157,0.816488341965869,0.3788166117252787,0.6547068532065025,False,Gotic,41.37756625478842,2.177159688236417,,0.21396849386692282,0.015465383502394427,0.17000014920717293,0.015465383502394427,0.015465383502394427,0.015465383502394427,0.015465383502394427,0.015465383502394427,0.015465383502394427,0.015465383502394427,0.015465383502394427,0.2743368941050014,0.20250601129935294
782,family_green,low,5.127573621881481,bike,3.9479112332254123,0.49031298848208493,0.43612583287692386,0.7875759411788684,True,Poblenou,41.394720915812904,2.206442697288472,,0.01400315263910309,0.01400315263910309,0.01400315263910309,0.23022399594452558,0.01400315263910309,0.01400315263910309,0.2250882164190182,0.01400315263910309,0.01400315263910309,0.01400315263910309,0.1740390191840166,0.24462039470051186,0.01400315263910309
783,food_local_markets,medium,24.065624639678386,walk,3.4920139840249886,0.42601179389044164,0.6365747234975789,0.4562780772976639,False,Sagrada Familia,41.3985253702902,2.182438046524761,,0.01589213657035413,0.01589213657035413,0.01589213657035413,0.01589213657035413,0.19384375159712786,0.2736373009785229,0.01589213657035413,0.01589213657035413,0.22343984542961826,0.01589213657035413,0.01589213657035413,0.01589213657035413,0.16604987286154382
784,museum_culture,high,42.74620568581982,transit,11.043675652497217,0.5334747615824303,0.720241813708744,0.4140342421778382,False,Les Corts,41.39196997785606,2.1295616911988664,,0.21406913993694876,0.017029033135180484,0.23670378183218208,0.017029033135180484,0.017029033135180484,0.017029033135180484,0.017029033135180484,0.017029033135180484,0.017029033135180484,0.017029033135180484,0.017029033135180484,0.21238982071377854,0.18357595930046633
785,family_green,medium,18.910485480932845,transit,10.272590894105381,0.6814326938628374,0.8909157753842428,0.6041643173726794,False,Sagrada Familia,41.41157132817698,2.166682861084087,,0.015821350719057773,0.015821350719057773,0.015821350719057773,0.20077834128136546,0.015821350719057773,0.015821350719057773,0.1642725414764186,0.015821350719057773,0.015821350719057773,0.015821350719057773,0.2797456471019403,0.2128113136687557,0.015821350719057773
786,history_religion,high,52.12522284668762,mixed,3.217026099208858,0.23822384891518508,0.5663167896848409,0.4512329006636534,False,Gotic,41.38904433873685,2.170143157529942,,0.23463991888004804,0.16481043429288825,0.2657941590711301,0.014885668419540745,0.014885668419540745,0.014885668419540745,0.014885668419540745,0.014885668419540745,0.014885668419540745,0.014885668419540745,0.014885668419540745,0.014885668419540745,0.20078447198006688
787,architecture_fans,medium,18.27007720577378,taxi,13.492666826355098,0.20746246185517514,0.19973960491841575,0.16533684374995755,False,Dreta Eixample,41.38947720989035,2.1677266039341587,,0.2177954019615358,0.24915680156709147,0.1599274443403898,0.014002666898995441,0.014002666898995441,0.014002666898995441,0.014002666898995441,0.24709635004002392,0.014002666898995441,0.014002666898995441,0.014002666898995441,0.014002666898995441,0.014002666898995441
788,architecture_fans,medium,15.781408972355388,walk,2.784193522217549,0.33698859749639387,0.19921532860893387,0.3793780995053692,False,Montjuic,41.36478899942807,2.1549407464891654,,0.1970651186617193,0.22180437943885686,0.23678985394663063,0.014592651269733395,0.014592651269733395,0.014592651269733395,0.014592651269733395,0.21300678652519262,0.014592651269733395,0.014592651269733395,0.014592651269733395,0.014592651269733395,0.014592651269733395
789,food_local_markets,medium,21.444672650435663,transit,6.4308821048579485,0.4887650077695284,0.7833404226688894,0.7957559496315569,False,Poblenou,41.39929792367082,2.198750363749987,,0.01727162673623953,0.01727162673623953,0.01727162673623953,0.01727162673623953,0.24232628495058522,0.2228401731486335,0.01727162673623953,0.01727162673623953,0.2036910500816347,0.01727162673623953,0.01727162673623953,0.01727162673623953,0.17569785119299078
790,food_local_markets,medium,24.00308733154946,transit,11.16197765515149,0.5060171634732741,0.5944032650628097,0.7427365551914474,False,El Raval,41.37962469432502,2.1773284426078137,,0.015939837430610355,0.015939837430610355,0.015939837430610355,0.015939837430610355,0.17796266966757168,0.20524400783412305,0.015939837430610355,0.015939837430610355,0.27151938597664266,0.015939837430610355,0.015939837430610355,0.015939837430610355,0.20181539964616946
791,architecture_fans,high,51.68460727193803,transit,9.24414321660381,0.40748203558720064,0.5823297317121486,0.29831864984905965,False,Gotic,41.3854347883966,2.176402160833561,,0.17354027279737208,0.23556134955260222,0.1758915229960029,0.017301279909843068,0.017301279909843068,0.017301279909843068,0.017301279909843068,0.25929533546543515,0.017301279909843068,0.017301279909843068,0.017301279909843068,0.017301279909843068,0.017301279909843068
792,food_local_markets,medium,20.26933277169919,walk,1.7201834211573475,0.3550303056317485,0.6740750599669697,0.2641311176572267,False,Dreta Eixample,41.388110452829665,2.1663510593041595,,0.016056456023305722,0.016056456023305722,0.016056456023305722,0.016056456023305722,0.2126002599516909,0.18165253834642503,0.016056456023305722,0.016056456023305722,0.25755517907268494,0.016056456023305722,0.016056456023305722,0.016056456023305722,0.20368391841944758
793,beach_nightlife,medium,17.633544777297548,walk,1.3156110343522267,0.4112325991156399,0.3735278488749586,0.8364880360736958,False,Dreta Eixample,41.384361294036715,2.1672775043422794,,0.015730860418574313,0.015730860418574313,0.015730860418574313,0.015730860418574313,0.015730860418574313,0.24354930944625416,0.20176692550275835,0.015730860418574313,0.2046292643513907,0.2084767569324279,0.015730860418574313,0.015730860418574313,0.015730860418574313
794,history_religion,low,5.16047513968946,walk,3.1678552843374947,0.7763371942254953,0.23751829324657422,0.14726653817431629,False,Sant Andreu,41.43778101589537,2.190521577390631,,0.24368374350332697,0.17317030632878636,0.23194653071561208,0.016594658192586563,0.016594658192586563,0.016594658192586563,0.016594658192586563,0.016594658192586563,0.016594658192586563,0.016594658192586563,0.016594658192586563,0.016594658192586563,0.20184749571899555
795,architecture_fans,medium,12.445146842239499,walk,2.893891252005757,0.05843134408839717,0.31870045926689533,0.609913823075829,False,Sagrada Familia,41.401791832414546,2.17869129474932,,0.19442051672601537,0.2045308569082275,0.23441676336564032,0.014601570034206639,0.014601570034206639,0.014601570034206639,0.014601570034206639,0.235217732692257,0.014601570034206639,0.014601570034206639,0.014601570034206639,0.014601570034206639,0.014601570034206639
796,architecture_fans,medium,20.3825733161359,transit,9.761230205691398,0.5522159137662362,0.545130732158451,0.29022450533546346,False,La Barceloneta,41.37777571704847,2.1931835083548585,,0.20910039409464343,0.23316302338391215,0.1916972147716434,0.015071392620778836,0.015071392620778836,0.015071392620778836,0.015071392620778836,0.23039683416279153,0.015071392620778836,0.015071392620778836,0.015071392620778836,0.015071392620778836,0.015071392620778836
797,family_green,medium,8.38031486627497,transit,4.659171074066913,0.8455847813864972,0.5305107163235063,0.9009051068323182,True,Vila de Gracia,41.404901425882244,2.155501927797882,,0.013904836978570614,0.013904836978570614,0.013904836978570614,0.18374752765950328,0.013904836978570614,0.013904836978570614,0.24889567969818174,0.013904836978570614,0.013904836978570614,0.013904836978570614,0.22288622225841828,0.2193270375767612,0.013904836978570614
798,beach_nightlife,high,40.83267105622722,mixed,5.318078612146812,0.3014524015455288,0.34671212177814986,0.6187882903828398,False,Montjuic,41.36907269548713,2.1529211374549004,,0.016180509349762145,0.016180509349762145,0.016180509349762145,0.016180509349762145,0.016180509349762145,0.18309929113338924,0.22989046100565255,0.016180509349762145,0.17493078729112962,0.26645487642196924,0.016180509349762145,0.016180509349762145,0.016180509349762145
799,family_green,medium,13.72060823608883,bike,4.80171112153641,0.8147741539315787,0.4202913177638116,0.8314352416039045,True,Dreta Eixample,41.39448167181109,2.1703735973682012,,0.014510186804188004,0.014510186804188004,0.014510186804188004,0.25486216956790386,0.014510186804188004,0.014510186804188004,0.15395301676271878,0.014510186804188004,0.014510186804188004,0.014510186804188004,0.2254803708328882,0.23511276159879718,0.014510186804188004
800,architecture_fans,medium,17.969693853958745,transit,5.0148247619817035,0.43051893662213314,0.2486295426200434,0.4180394249176796,False,Poblenou,41.40042476790577,2.20017928780666,,0.19732946830534961,0.22501611325714035,0.2480644693410719,0.014961320957930608,0.014961320957930608,0.014961320957930608,0.014961320957930608,0.19493806047506274,0.014961320957930608,0.014961320957930608,0.014961320957930608,0.014961320957930608,0.014961320957930608
801,architecture_fans,low,6.93741038028334,bike,7.210113165788576,0.1914147765403486,0.3573873666928936,0.12430336595599828,False,Gotic,41.381396193510895,2.181286764187595,,0.25793360918318753,0.21392945696709048,0.22243517938294813,0.015072887794594913,0.015072887794594913,0.015072887794594913,0.015072887794594913,0.17004576431541962,0.015072887794594913,0.015072887794594913,0.015072887794594913,0.015072887794594913,0.015072887794594913
802,history_religion,high,36.362295958900035,transit,11.36315507987803,0.8103136757604137,0.47330865444003745,0.47071118262819583,False,Gotic,41.38647783435093,2.177977946341854,,0.24012286251081646,0.22917938526055218,0.16777181894220058,0.014025542819664201,0.014025542819664201,0.014025542819664201,0.014025542819664201,0.014025542819664201,0.014025542819664201,0.014025542819664201,0.014025542819664201,0.014025542819664201,0.23669604790945295
803,museum_culture,medium,13.875519509966772,bike,3.7758969284091743,0.44961695786952177,0.5796067364618546,0.40406972032895777,False,Sagrada Familia,41.39658708077281,2.180268368572567,,0.16989893729121117,0.01629653245359481,0.17879143299885056,0.01629653245359481,0.01629653245359481,0.01629653245359481,0.01629653245359481,0.01629653245359481,0.01629653245359481,0.01629653245359481,0.01629653245359481,0.21573894079509434,0.2889018968324907
804,family_green,low,5.423800707994871,transit,8.267161643701227,0.6773469053812169,0.777082271850607,0.843819882982328,True,Montjuic,41.37275197266814,2.1515780520591323,,0.014444893659630208,0.014444893659630208,0.014444893659630208,0.16075479334316897,0.014444893659630208,0.014444893659630208,0.21638250665713207,0.014444893659630208,0.014444893659630208,0.014444893659630208,0.2394840144402245,0.25337464262280257,0.014444893659630208
805,museum_culture,low,8.151117866619252,walk,2.4349862367545327,0.7488887333517273,0.4321186846310904,0.2238221380074319,False,La Barceloneta,41.379869069024956,2.1817714446892853,,0.1741192336551466,0.0141011310741521,0.24330489592850787,0.0141011310741521,0.0141011310741521,0.0141011310741521,0.0141011310741521,0.0141011310741521,0.0141011310741521,0.0141011310741521,0.0141011310741521,0.20959721111438628,0.24606847963459028
806,food_local_markets,medium,24.73812750656877,transit,9.549738861092155,0.6390168956750168,0.8450352338668495,0.526802704649697,False,Montjuic,41.379734618066905,2.153559036074254,,0.016156520388919883,0.016156520388919883,0.016156520388919883,0.016156520388919883,0.2321679684310704,0.2196202128441968,0.016156520388919883,0.016156520388919883,0.21483016117103335,0.016156520388919883,0.016156520388919883,0.016156520388919883,0.18797297405342045
807,architecture_fans,medium,8.096934203805144,transit,10.703063260484528,0.4404171344107704,0.2798070320335212,0.1457695801131303,False,Gotic,41.37942941846954,2.177763333170657,,0.1821404113117609,0.16098007156839936,0.2723896787287287,0.01544900754173986,0.01544900754173986,0.01544900754173986,0.01544900754173986,0.2454487705154523,0.01544900754173986,0.01544900754173986,0.01544900754173986,0.01544900754173986,0.01544900754173986
808,museum_culture,medium,16.32410115208794,mixed,7.464656791627407,0.6499618506239285,0.5320900888412825,0.7041507787676805,False,La Barceloneta,41.38385338973979,2.1925808921873804,,0.23564498360420655,0.014127660032226179,0.1701198797163821,0.014127660032226179,0.014127660032226179,0.014127660032226179,0.014127660032226179,0.014127660032226179,0.014127660032226179,0.014127660032226179,0.014127660032226179,0.2244458247487882,0.24264037164058763
809,architecture_fans,medium,12.304462679653602,walk,1.4692975865694897,0.6692744301290223,0.3146083246723074,0.33824846130930136,False,Poblenou,41.41112428850952,2.2056382433534805,,0.23144601319648545,0.16886781903616985,0.26055425193359627,0.014951108728303901,0.014951108728303901,0.014951108728303901,0.014951108728303901,0.20457193727901332,0.014951108728303901,0.014951108728303901,0.014951108728303901,0.014951108728303901,0.014951108728303901
810,architecture_fans,medium,16.17015178133897,mixed,3.0249863656061997,0.27283033756295616,0.3692487953893505,0.4611127543438089,False,Sarria,41.393771353174806,2.1179412100102826,,0.17402702334308984,0.2372881212483624,0.2232451751261181,0.015993324024272705,0.015993324024272705,0.015993324024272705,0.015993324024272705,0.2214997640639753,0.015993324024272705,0.015993324024272705,0.015993324024272705,0.015993324024272705,0.015993324024272705
811,family_green,high,25.257588571666787,transit,7.298610204627192,0.7339056977047369,0.2641176327246571,0.928213584593686,True,El Raval,41.382265880354545,2.166678448423783,,0.015404520244743196,0.015404520244743196,0.015404520244743196,0.21468132700406864,0.015404520244743196,0.015404520244743196,0.1635813970385135,0.015404520244743196,0.015404520244743196,0.015404520244743196,0.26998043413007283,0.21311615962465633,0.015404520244743196
812,beach_nightlife,medium,20.96276718273693,bike,6.228599778811848,0.2536349148841357,0.34805317242774336,0.9013095923420639,False,Dreta Eixample,41.391172685026966,2.162303538123856,,0.014640109331951763,0.014640109331951763,0.014640109331951763,0.014640109331951763,0.014640109331951763,0.2540637108392036,0.1973142983525356,0.014640109331951763,0.20299145248069714,0.2138695543399978,0.014640109331951763,0.014640109331951763,0.014640109331951763
813,beach_nightlife,medium,16.98269694478548,mixed,3.004222609906128,0.22733503618650333,0.06833016389746159,0.5631778731971048,False,Sagrada Familia,41.39908811734175,2.1769785213110557,,0.015257282599482253,0.015257282599482253,0.015257282599482253,0.015257282599482253,0.015257282599482253,0.22723437535018226,0.21300392632466275,0.015257282599482253,0.2273039889253927,0.19514216600442197,0.015257282599482253,0.015257282599482253,0.015257282599482253
814,family_green,medium,20.072496090478943,walk,3.4396824664311274,0.7964681167079122,0.6887306749534949,0.48925184162236635,False,Les Corts,41.38974468826725,2.1283732224751697,,0.014631171170274068,0.014631171170274068,0.014631171170274068,0.15377293041224765,0.014631171170274068,0.014631171170274068,0.24105114766348507,0.014631171170274068,0.014631171170274068,0.014631171170274068,0.23841582267877753,0.23507955871302308,0.014631171170274068
815,food_local_markets,low,8.73881971553211,bike,7.264888903715782,0.6065592518758122,0.2703709183376051,0.5604058514956791,False,Sagrada Familia,41.413621247854714,2.1730496261182073,,0.015218678894978613,0.015218678894978613,0.015218678894978613,0.015218678894978613,0.23719930207162535,0.1985243739197638,0.015218678894978613,0.015218678894978613,0.2731921953819472,0.015218678894978613,0.015218678894978613,0.015218678894978613,0.15411601857185617
816,architecture_fans,medium,16.246294798280754,mixed,6.86481792466866,0.21329980643697705,0.3264832253472144,0.3677345372330939,False,Dreta Eixample,41.38686716765259,2.1632715655704464,,0.19267414057465979,0.25592923569926745,0.19459690376337405,0.01464177872963963,0.01464177872963963,0.01464177872963963,0.01464177872963963,0.22502371139594207,0.01464177872963963,0.01464177872963963,0.01464177872963963,0.01464177872963963,0.01464177872963963
817,museum_culture,high,35.64549300530698,transit,9.594554503497465,0.5760747906220868,0.4871064207060853,0.4709547305917244,False,La Barceloneta,41.37445877479136,2.186521331691917,,0.1996057326519946,0.01693937821948131,0.23238774974407805,0.01693937821948131,0.01693937821948131,0.01693937821948131,0.01693937821948131,0.01693937821948131,0.01693937821948131,0.01693937821948131,0.01693937821948131,0.24250996900283792,0.17304214462575757
818,family_green,medium,11.409852820611198,taxi,11.820228185761355,0.6395787369419299,0.44630095540019904,0.9176674281460763,False,Dreta Eixample,41.39806809203203,2.16088449459149,,0.015764047323994546,0.015764047323994546,0.015764047323994546,0.18163199589834003,0.015764047323994546,0.015764047323994546,0.24526166213945896,0.015764047323994546,0.015764047323994546,0.015764047323994546,0.1778075169195972,0.253422399126653,0.015764047323994546
819,food_local_markets,high,36.54420583768156,transit,9.24528523581132,0.6810253189770998,0.3491083036256787,0.32278425592387244,False,Montjuic,41.36903827257041,2.1469837189929732,,0.014102521936597166,0.014102521936597166,0.014102521936597166,0.014102521936597166,0.2314223634610031,0.17060452418066738,0.014102521936597166,0.014102521936597166,0.22763185929610846,0.014102521936597166,0.014102521936597166,0.014102521936597166,0.24341855563284662
820,museum_culture,medium,16.64953576121049,transit,10.496498482972108,0.37023672832718124,0.3926526777989414,0.4679697120449383,False,Sagrada Familia,41.39803937672642,2.169866252467435,,0.18049244504649695,0.015985720621985392,0.2509008142321274,0.015985720621985392,0.015985720621985392,0.015985720621985392,0.015985720621985392,0.015985720621985392,0.015985720621985392,0.015985720621985392,0.015985720621985392,0.20049534405104955,0.2242399110724576
821,architecture_fans,high,32.467928392865936,transit,6.4071808467734215,0.34120458567996437,0.39787134241951055,0.6156848034641884,False,La Barceloneta,41.3749809738388,2.1923521764228493,,0.223850887248685,0.18437763609692906,0.20981091714472114,0.015113011020325338,0.015113011020325338,0.015113011020325338,0.015113011020325338,0.24594346032673678,0.015113011020325338,0.015113011020325338,0.015113011020325338,0.015113011020325338,0.015113011020325338
822,beach_nightlife,medium,22.01623636523692,bike,3.93024997925113,0.22961237984609192,0.6571718166474401,0.7399191014322503,False,Sagrada Familia,41.40168569896901,2.1773503141313326,,0.016085389008187144,0.016085389008187144,0.016085389008187144,0.016085389008187144,0.016085389008187144,0.20947830011591723,0.18116427597571846,0.016085389008187144,0.26694256266905003,0.19764636016562998,0.016085389008187144,0.016085389008187144,0.016085389008187144
823,family_green,medium,14.85720183020539,transit,4.485808707034978,0.8865207336363379,0.6743437339924737,0.888276179813319,True,Gotic,41.37758526761539,2.1807222853725663,,0.015222533658423883,0.015222533658423883,0.015222533658423883,0.22037907989527855,0.015222533658423883,0.015222533658423883,0.20101731344248636,0.015222533658423883,0.015222533658423883,0.015222533658423883,0.18015788992198808,0.26144291381443213,0.015222533658423883
824,museum_culture,medium,22.732001587248376,transit,5.2042187640759225,0.1752852609198642,0.4330768868114726,0.5297999699687538,False,Dreta Eixample,41.4001994636939,2.160124264959354,,0.21895693781745815,0.015620964982141945,0.22284982571590292,0.015620964982141945,0.015620964982141945,0.015620964982141945,0.015620964982141945,0.015620964982141945,0.015620964982141945,0.015620964982141945,0.015620964982141945,0.2494208052729247,0.16818374635443678
825,architecture_fans,low,5.284935221523342,mixed,4.4441685378901585,0.5625493095260024,0.3711512264951572,0.31330158469079455,False,Gotic,41.38059689028009,2.1687955795022558,,0.25405410684145124,0.21254806480913974,0.1991553957737434,0.014722831947386581,0.014722831947386581,0.014722831947386581,0.014722831947386581,0.20173694504918638,0.014722831947386581,0.014722831947386581,0.014722831947386581,0.014722831947386581,0.014722831947386581
826,architecture_fans,high,38.659894714023174,mixed,8.68557944611245,0.3983896604094671,0.18052168030976334,0.34018354284824043,False,La Barceloneta,41.37870316529047,2.1994456960675,,0.24700836219612624,0.24390748481141392,0.23955435936896943,0.01382281158055899,0.01382281158055899,0.01382281158055899,0.01382281158055899,0.14512448939845948,0.01382281158055899,0.01382281158055899,0.01382281158055899,0.01382281158055899,0.01382281158055899
827,history_religion,high,35.494466463674755,transit,7.389039471782425,0.224066207324715,0.41016901375633713,0.2846857825678696,False,Sagrada Familia,41.4017898222311,2.176907550885806,,0.16594365711389272,0.2523103746667181,0.22912875571535196,0.015413560868620911,0.015413560868620911,0.015413560868620911,0.015413560868620911,0.015413560868620911,0.015413560868620911,0.015413560868620911,0.015413560868620911,0.015413560868620911,0.213895164686449
828,beach_nightlife,high,28.4876258830625,mixed,6.01581301413489,0.20880498824070012,0.6470268553400776,0.806574948714373,False,La Barceloneta,41.38743668598964,2.1946848831327688,,0.014225959600145721,0.014225959600145721,0.014225959600145721,0.014225959600145721,0.014225959600145721,0.23071485863434016,0.18342094239823428,0.014225959600145721,0.2321736091286061,0.22565695343750794,0.014225959600145721,0.014225959600145721,0.014225959600145721
829,beach_nightlife,low,7.546131711951555,taxi,12.430883053962619,0.27763039897106145,0.08539515308858404,0.5183113178262838,False,Sagrada Familia,41.400891432723476,2.170406666780025,,0.013933227248128278,0.013933227248128278,0.013933227248128278,0.013933227248128278,0.013933227248128278,0.22826094469528982,0.2229158913906935,0.013933227248128278,0.22224656089412784,0.20117755778673432,0.013933227248128278,0.013933227248128278,0.013933227248128278
830,museum_culture,high,32.010057830909325,transit,8.115734160237308,0.37148767421093276,0.6616093596791156,0.5762220013240924,True,La Barceloneta,41.380564658452805,2.192246174715695,,0.2626747190759915,0.01596639560768927,0.18836269420298463,0.01596639560768927,0.01596639560768927,0.01596639560768927,0.01596639560768927,0.01596639560768927,0.01596639560768927,0.01596639560768927,0.01596639560768927,0.16689081657581215,0.23837420967600834
831,history_religion,high,34.40891695587385,transit,5.656600965972256,0.2934495106242078,0.5551717119258315,0.18942765133401485,False,Dreta Eixample,41.397552292747044,2.1599050487357445,,0.17379742501240905,0.20377368582784652,0.2557651722417307,0.015919368247103247,0.015919368247103247,0.015919368247103247,0.015919368247103247,0.015919368247103247,0.015919368247103247,0.015919368247103247,0.015919368247103247,0.015919368247103247,0.22338940269408455
832,food_local_markets,medium,14.662539980197808,mixed,6.92380043208485,0.6004509954072215,0.8743349899279407,0.6195195945177243,False,Sagrada Familia,41.40353492134692,2.173845010609993,,0.017275174913287877,0.017275174913287877,0.017275174913287877,0.017275174913287877,0.19622662009103853,0.19981823816339836,0.017275174913287877,0.017275174913287877,0.1769005533878622,0.017275174913287877,0.017275174913287877,0.017275174913287877,0.27157801413811006
833,museum_culture,medium,16.686370698720506,walk,2.552958160231461,0.4446664546179423,0.565138721989427,0.32902114647657915,False,La Barceloneta,41.383908734464484,2.192900334205835,,0.16404347216553267,0.015938068582908298,0.21406824516035816,0.015938068582908298,0.015938068582908298,0.015938068582908298,0.015938068582908298,0.015938068582908298,0.015938068582908298,0.015938068582908298,0.015938068582908298,0.21429854027771778,0.26414712515021666
834,history_religion,medium,18.291540187324433,transit,6.047082228327742,0.3543842309333627,0.20272785167623794,0.299329625712957,False,Gotic,41.390204976259874,2.18051871104179,,0.2428986566374788,0.20251754586334328,0.19417600035692612,0.01707601681654137,0.01707601681654137,0.01707601681654137,0.01707601681654137,0.01707601681654137,0.01707601681654137,0.01707601681654137,0.01707601681654137,0.01707601681654137,0.2067236457933795
835,museum_culture,high,27.20686091549298,bike,5.035437297366297,0.6377229515464118,0.3551396622373152,0.3767465002511288,False,Gotic,41.38275458320046,2.1796219236385,,0.2731141153109386,0.01653170562890382,0.16770358368155605,0.01653170562890382,0.01653170562890382,0.01653170562890382,0.01653170562890382,0.01653170562890382,0.01653170562890382,0.01653170562890382,0.01653170562890382,0.1678344053543741,0.24256254499299693
836,beach_nightlife,low,6.413295625921018,bike,6.536673045191955,0.5739878023228563,0.7265858522722914,0.8139165453060255,False,Dreta Eixample,41.39143211030787,2.162612745373723,,0.014968665994702646,0.014968665994702646,0.014968665994702646,0.014968665994702646,0.014968665994702646,0.2140206977684959,0.2146274887775938,0.014968665994702646,0.17539426896063823,0.2612395505409482,0.014968665994702646,0.014968665994702646,0.014968665994702646
837,family_green,medium,15.977259042742157,transit,5.514542924020299,0.43045334132311874,0.6300244603621148,0.8861417440481891,True,Gotic,41.383810191886006,2.1677835646223764,,0.018302316474694557,0.018302316474694557,0.018302316474694557,0.23021404362702444,0.018302316474694557,0.018302316474694557,0.20170401614615033,0.018302316474694557,0.018302316474694557,0.018302316474694557,0.1877258317114395,0.21563526024313467,0.018302316474694557
838,history_religion,medium,7.320877914943191,transit,7.590005351103189,0.3306844365926324,0.3374511074740788,0.39105430562314364,False,Dreta Eixample,41.39421684138893,2.1670889503853537,,0.2488506524700092,0.227755341326396,0.1886096343464005,0.017214562421929744,0.017214562421929744,0.017214562421929744,0.017214562421929744,0.017214562421929744,0.017214562421929744,0.017214562421929744,0.017214562421929744,0.017214562421929744,0.17985331005982655
839,museum_culture,low,5.830799024682395,transit,6.47810606877458,0.34078293336845916,0.5959180783909328,0.2939186957853848,True,El Raval,41.39016880835439,2.1670706881469033,,0.24343551302829528,0.014637249502295531,0.2086166488540003,0.014637249502295531,0.014637249502295531,0.014637249502295531,0.014637249502295531,0.014637249502295531,0.014637249502295531,0.014637249502295531,0.014637249502295531,0.2037246165278083,0.21248797606923642
840,museum_culture,low,6.108118098109502,walk,2.8855031113190432,0.2630942913914287,0.7067251244800453,0.326202535555246,False,El Raval,41.37953007734491,2.16878471665296,,0.21118248211107402,0.014329334020973835,0.25398788082774043,0.014329334020973835,0.014329334020973835,0.014329334020973835,0.014329334020973835,0.014329334020973835,0.014329334020973835,0.014329334020973835,0.014329334020973835,0.23869157900513532,0.16717405186728576
841,history_religion,high,31.214529727726074,mixed,8.273723809055495,0.6819914104829303,0.5068710935047487,0.1911009662767819,False,Gotic,41.39272353250219,2.1811784922968225,,0.20762837914806753,0.2241446296667761,0.253786213155188,0.015921020719710757,0.015921020719710757,0.015921020719710757,0.015921020719710757,0.015921020719710757,0.015921020719710757,0.015921020719710757,0.015921020719710757,0.015921020719710757,0.17115159155257156
842,museum_culture,high,38.188683471067336,mixed,6.066336723008556,0.5437460539470808,0.5876830900427821,0.08769684689208512,False,Poblenou,41.40257582509921,2.200948524454422,,0.16704069669431737,0.016221750052349014,0.24276888564307653,0.016221750052349014,0.016221750052349014,0.016221750052349014,0.016221750052349014,0.016221750052349014,0.016221750052349014,0.016221750052349014,0.016221750052349014,0.27841934925883227,0.16577531793263267
843,family_green,low,4.878566173741749,walk,3.055913654140085,0.3650916403706283,0.7988071453896519,0.7532888792774628,False,La Barceloneta,41.380173297583795,2.185352523045462,,0.014169251318087354,0.014169251318087354,0.014169251318087354,0.24434384232575856,0.014169251318087354,0.014169251318087354,0.2239343695582777,0.014169251318087354,0.014169251318087354,0.014169251318087354,0.1929315615931842,0.21126696465999342,0.014169251318087354
844,history_religion,low,5.138943422603025,transit,10.044923994552345,0.615413022361807,0.6119083207665972,0.447625332002854,False,El Raval,41.38232189095538,2.1701631411611033,,0.16917677489605168,0.1652370283714861,0.22964665243052418,0.0162989536991061,0.0162989536991061,0.0162989536991061,0.0162989536991061,0.0162989536991061,0.0162989536991061,0.0162989536991061,0.0162989536991061,0.0162989536991061,0.2892489610099831
845,food_local_markets,medium,20.94538292924838,transit,10.390768929823594,0.5521029751185789,0.6962436691778244,0.7615296826048886,False,Montjuic,41.37507558068229,2.152235950738626,,0.015780505703095866,0.015780505703095866,0.015780505703095866,0.015780505703095866,0.25016508219704914,0.16969996348564392,0.015780505703095866,0.015780505703095866,0.17162956519104516,0.015780505703095866,0.015780505703095866,0.015780505703095866,0.26648083779839904
846,history_religion,medium,12.577286773070158,transit,5.95874311779146,0.32026851309497184,0.4657788096315748,0.17098041224878635,False,Dreta Eixample,41.38894519530612,2.164601444992108,,0.2171901186621232,0.22716655289148427,0.20571572795077755,0.01302823383162524,0.01302823383162524,0.01302823383162524,0.01302823383162524,0.01302823383162524,0.01302823383162524,0.01302823383162524,0.01302823383162524,0.01302823383162524,0.2326734960109878
847,family_green,low,10.826679488319058,mixed,5.164221501618426,0.271095184150818,0.9042265835316833,0.8296650195100486,False,Gotic,41.378243208762456,2.1782872262767623,,0.015747768276015723,0.015747768276015723,0.015747768276015723,0.24381792855400397,0.015747768276015723,0.015747768276015723,0.2553707027753091,0.015747768276015723,0.015747768276015723,0.015747768276015723,0.16910166480675073,0.18997978937979473,0.015747768276015723
848,history_religion,medium,18.27129806649916,transit,9.06205791377348,0.324955829453754,0.14207073562462857,0.37017512608854636,False,Les Corts,41.38854485020628,2.131861865709346,,0.17868031563024322,0.2135695871367199,0.21142223762169793,0.016483601762788198,0.016483601762788198,0.016483601762788198,0.016483601762788198,0.016483601762788198,0.016483601762788198,0.016483601762788198,0.016483601762788198,0.016483601762788198,0.24797544374624522
849,beach_nightlife,high,31.37780784415287,transit,11.161452102056147,0.39962495394596304,0.7661300556089203,0.6195389116984253,False,Sagrada Familia,41.4055179551729,2.1751534587674723,,0.014536709921943027,0.014536709921943027,0.014536709921943027,0.014536709921943027,0.014536709921943027,0.17437787928641169,0.21346382437300715,0.014536709921943027,0.21999904374945942,0.2613288632936346,0.014536709921943027,0.014536709921943027,0.014536709921943027
850,history_religion,medium,14.794456498947893,transit,6.492115345417771,0.6163550325050654,0.69617364038321,0.07192963901924534,True,Gotic,41.37748182257541,2.1772500642121075,,0.26149763336527315,0.19523274663037155,0.19513945984465175,0.017399180946682694,0.017399180946682694,0.017399180946682694,0.017399180946682694,0.017399180946682694,0.017399180946682694,0.017399180946682694,0.017399180946682694,0.017399180946682694,0.19153753163955936
851,family_green,medium,23.84702662437894,mixed,3.0867793111350372,0.4998231359987402,0.6522702269147919,0.6633669379501972,True,Vila de Gracia,41.399012342535116,2.1501303445086175,,0.014765170148740509,0.014765170148740509,0.014765170148740509,0.20039993837370992,0.014765170148740509,0.014765170148740509,0.24354918532046177,0.014765170148740509,0.014765170148740509,0.014765170148740509,0.1577734081568334,0.26539093681033027,0.014765170148740509
852,food_local_markets,low,8.37078171194617,transit,5.513999698081574,0.8072698177102106,0.5896572998799995,0.5164644912587406,False,Sagrada Familia,41.4008974120058,2.1731388804866483,,0.014059275003836648,0.014059275003836648,0.014059275003836648,0.014059275003836648,0.2306634641229135,0.19000974063428291,0.014059275003836648,0.014059275003836648,0.24563081379878685,0.014059275003836648,0.014059275003836648,0.014059275003836648,0.2071625064094869
853,food_local_markets,medium,21.57747817658233,walk,2.441998426919119,0.8014023510302725,0.829440994345544,0.6734382119043836,False,Dreta Eixample,41.390449872411054,2.1641900498467734,,0.017196589491693347,0.017196589491693347,0.017196589491693347,0.017196589491693347,0.18776934642028564,0.18807755684211827,0.017196589491693347,0.017196589491693347,0.27937788458378654,0.017196589491693347,0.017196589491693347,0.017196589491693347,0.19000590672856948
854,family_green,medium,16.17303581958382,walk,2.9051912702039164,0.35940875703685105,0.9300973784854759,0.8714209547455616,False,Sagrada Familia,41.4026012326971,2.1754720801526375,,0.01751132029456202,0.01751132029456202,0.01751132029456202,0.21389317232932853,0.01751132029456202,0.01751132029456202,0.19252298440312493,0.01751132029456202,0.01751132029456202,0.01751132029456202,0.19656591270390633,0.2394160479125821,0.01751132029456202
855,family_green,high,16.39068869211588,taxi,10.851827514695485,0.8875831495592956,0.7301422509144873,0.7674400322417043,True,El Raval,41.38287515763628,2.1716715692459254,,0.015234723693478593,0.015234723693478593,0.015234723693478593,0.1861539665914545,0.015234723693478593,0.015234723693478593,0.25270455268742187,0.015234723693478593,0.015234723693478593,0.015234723693478593,0.21242704305813698,0.21160192442167933,0.015234723693478593
856,beach_nightlife,low,5.14695633076097,mixed,7.3912593783962155,0.6568664554163848,0.074124202325843,0.7803892182030564,False,Sagrada Familia,41.40449354466956,2.1701827631077637,,0.015431982315256075,0.015431982315256075,0.015431982315256075,0.015431982315256075,0.015431982315256075,0.23983866972401488,0.17769119243101228,0.015431982315256075,0.25949224958034434,0.18409004742732385,0.015431982315256075,0.015431982315256075,0.015431982315256075
857,architecture_fans,high,34.979454596816204,mixed,6.490462883350986,0.47235315034878345,0.3448748244965009,0.2512026189356659,False,Poblenou,41.40295386247143,2.2050658636281626,,0.1885032395602907,0.23675934171542873,0.20398071949670657,0.014214647157465884,0.014214647157465884,0.014214647157465884,0.014214647157465884,0.24282487481038106,0.014214647157465884,0.014214647157465884,0.014214647157465884,0.014214647157465884,0.014214647157465884
858,architecture_fans,high,46.00568838907911,walk,1.232089548525126,0.6028260484157788,0.4019425763881749,0.16326945536253387,True,Les Corts,41.38329863825426,2.1271859937501953,,0.21010496051334956,0.23674580407904705,0.23811016750696795,0.01376893183664577,0.01376893183664577,0.01376893183664577,0.01376893183664577,0.19111868137082355,0.01376893183664577,0.01376893183664577,0.01376893183664577,0.01376893183664577,0.01376893183664577
859,food_local_markets,medium,12.870816191401765,mixed,3.8284890148267223,0.6068152858258238,0.2961362048283551,0.5548469046904173,True,Poblenou,41.401951942337554,2.2023190545509252,,0.015523147311652021,0.015523147311652021,0.015523147311652021,0.015523147311652021,0.2195600660720792,0.20950848882677764,0.015523147311652021,0.015523147311652021,0.22065275664953604,0.015523147311652021,0.015523147311652021,0.015523147311652021,0.2105703626467389
860,beach_nightlife,medium,10.897471601133164,walk,2.253042249591009,0.249513501424018,0.0687992704650162,0.8659298675526211,False,Les Corts,41.38398084225767,2.1219796894551526,,0.016233458859145126,0.016233458859145126,0.016233458859145126,0.016233458859145126,0.016233458859145126,0.17741383200317798,0.19048349333820233,0.016233458859145126,0.22702949854220153,0.25897204638411203,0.016233458859145126,0.016233458859145126,0.016233458859145126
861,food_local_markets,low,8.675248452656266,walk,2.988122337995832,0.885408645090126,0.5475094916848418,0.6315939424284146,False,Sagrada Familia,41.40771405521393,2.1786626722761224,,0.015190859141072533,0.015190859141072533,0.015190859141072533,0.015190859141072533,0.15744926711452173,0.20701623204258762,0.015190859141072533,0.015190859141072533,0.23279811111144633,0.015190859141072533,0.015190859141072533,0.015190859141072533,0.26601865746179154
862,history_religion,medium,22.47356419889035,transit,11.002151943686934,0.4708974717857269,0.5215015852780301,0.16717537953985026,False,Sant Andreu,41.440419836141295,2.191662647127039,,0.25643715141002943,0.24603517409036718,0.16730189048639352,0.014786737011343237,0.014786737011343237,0.014786737011343237,0.014786737011343237,0.014786737011343237,0.014786737011343237,0.014786737011343237,0.014786737011343237,0.014786737011343237,0.19714515091112073
863,museum_culture,medium,25.125027801498856,transit,6.467916563655988,0.41179622755449025,0.19123204122360488,0.3777755815192727,False,Gotic,41.37484396103002,2.1760560155569055,,0.18167901224251723,0.014239261451820726,0.22695075503071968,0.014239261451820726,0.014239261451820726,0.014239261451820726,0.014239261451820726,0.014239261451820726,0.014239261451820726,0.014239261451820726,0.014239261451820726,0.236550591695525,0.22666628796485153
864,history_religion,low,7.415544131220243,transit,8.222710183314648,0.38754554020114046,0.5376658846586941,0.18606361736771646,False,Gotic,41.38840615312713,2.183639024956502,,0.17870062177623366,0.21763049007959367,0.21981591949459642,0.015900963673760753,0.015900963673760753,0.015900963673760753,0.015900963673760753,0.015900963673760753,0.015900963673760753,0.015900963673760753,0.015900963673760753,0.015900963673760753,0.24074429558572955
865,architecture_fans,medium,17.21288594857372,transit,11.26781583815949,0.4518016945992456,0.2451563657006094,0.2536896800050258,False,Gotic,41.376913157250634,2.1776169277452717,,0.20375589942985187,0.24933746272519564,0.22173471428589553,0.015507138788281445,0.015507138788281445,0.015507138788281445,0.015507138788281445,0.1856076744645239,0.015507138788281445,0.015507138788281445,0.015507138788281445,0.015507138788281445,0.015507138788281445
866,architecture_fans,high,43.10823603407908,walk,1.228420514563222,0.46176558088358893,0.24120153656851737,0.5736677115875127,False,La Barceloneta,41.38197134340955,2.190786720337742,,0.22397309832209483,0.2303064996968025,0.22909299811355538,0.015585258826334191,0.015585258826334191,0.015585258826334191,0.015585258826334191,0.17636007443053955,0.015585258826334191,0.015585258826334191,0.015585258826334191,0.015585258826334191,0.015585258826334191
867,family_green,low,9.187313615792462,bike,3.0338590289431173,0.5595756506126343,0.642055437658127,0.8398549569468132,True,El Raval,41.38146427875216,2.1659190350418447,,0.014255077696608888,0.014255077696608888,0.014255077696608888,0.1881537052930291,0.014255077696608888,0.014255077696608888,0.2533411304057336,0.014255077696608888,0.014255077696608888,0.014255077696608888,0.19731050224957786,0.23289896278217945,0.014255077696608888
868,architecture_fans,low,6.25669554790469,walk,2.0550105259553977,0.43262752179752084,0.7578918998343986,0.07491306442915767,True,Gotic,41.38654932022873,2.1733104655958004,,0.21158332695227972,0.24827166205461565,0.21742435151989326,0.014163933352222694,0.014163933352222694,0.014163933352222694,0.014163933352222694,0.19524525930320716,0.014163933352222694,0.014163933352222694,0.014163933352222694,0.014163933352222694,0.014163933352222694
869,museum_culture,medium,12.77413352547892,transit,6.511309795699331,0.6272513489435777,0.5275606899499248,0.6357565261299206,False,Sagrada Familia,41.40995408377436,2.1799831006598818,,0.18805937788574428,0.014596254185857145,0.2370030631485571,0.014596254185857145,0.014596254185857145,0.014596254185857145,0.014596254185857145,0.014596254185857145,0.014596254185857145,0.014596254185857145,0.014596254185857145,0.19607584672703166,0.24749542456595264
870,food_local_markets,medium,25.61448034684996,mixed,5.746533268784322,0.4968737519458056,0.6660322343664993,0.341885059240345,False,Dreta Eixample,41.387487969144146,2.162986652041116,,0.01426358534618091,0.01426358534618091,0.01426358534618091,0.01426358534618091,0.2238330489262828,0.2354811622646169,0.01426358534618091,0.01426358534618091,0.1813582705994197,0.01426358534618091,0.01426358534618091,0.01426358534618091,0.23095525009405246
871,history_religion,medium,24.320124549860616,transit,8.325306859042138,0.40264002749185634,0.3982354102826977,0.3074953522767763,False,Montjuic,41.36878289105875,2.1579242425178937,,0.1909885167230588,0.25569542070176476,0.2049043192181113,0.015347127153645636,0.015347127153645636,0.015347127153645636,0.015347127153645636,0.015347127153645636,0.015347127153645636,0.015347127153645636,0.015347127153645636,0.015347127153645636,0.21028759897425442
872,history_religion,low,5.041994509599113,transit,9.565890925622003,0.6912046401515796,0.19465452608035813,0.48959128446961525,False,Poblenou,41.4024128928177,2.201041586295663,,0.24819268319666973,0.15866840073993752,0.2469702505167896,0.015145318613643693,0.015145318613643693,0.015145318613643693,0.015145318613643693,0.015145318613643693,0.015145318613643693,0.015145318613643693,0.015145318613643693,0.015145318613643693,0.20986079802380989
873,family_green,low,4.908247718621143,transit,5.622104066871984,0.5798831459391575,0.5998381481664743,0.941875943149291,True,Les Corts,41.37953291627517,2.133015116322115,,0.01786247149857361,0.01786247149857361,0.01786247149857361,0.2005244691300575,0.01786247149857361,0.01786247149857361,0.20646749001849055,0.01786247149857361,0.01786247149857361,0.01786247149857361,0.23897458586741166,0.19327121149687776,0.01786247149857361
874,museum_culture,low,7.124983033600292,transit,8.760034596292183,0.5268420756128435,0.5661320056646777,0.1301000460269771,False,Les Corts,41.39138827355577,2.127126128609857,,0.18748618154778976,0.01712591917596783,0.20355391502333692,0.01712591917596783,0.01712591917596783,0.01712591917596783,0.01712591917596783,0.01712591917596783,0.01712591917596783,0.01712591917596783,0.01712591917596783,0.19109616144538272,0.26373046939978007
875,family_green,low,8.373768324391106,transit,6.086743506299674,0.6249317609516808,0.7812829586010509,0.7504516215662953,True,Les Corts,41.39265664633159,2.133579495914544,,0.015595017086283715,0.015595017086283715,0.015595017086283715,0.17937192323731893,0.015595017086283715,0.015595017086283715,0.2700026506923598,0.015595017086283715,0.015595017086283715,0.015595017086283715,0.24734892311801765,0.16292134917575016,0.015595017086283715
876,history_religion,medium,12.902878507912341,transit,9.751547032425982,0.5154173856044275,0.5617397804735698,0.3175776898744886,False,Gotic,41.37855540071515,2.1763247416759137,,0.1629197014574262,0.2476059759148443,0.25805387945773733,0.015906229047475313,0.015906229047475313,0.015906229047475313,0.015906229047475313,0.015906229047475313,0.015906229047475313,0.015906229047475313,0.015906229047475313,0.015906229047475313,0.1882643817427143
877,beach_nightlife,low,6.784605646760132,walk,2.7258596481292354,0.4714643058734986,0.3560323832677132,0.7641339773157053,False,Dreta Eixample,41.38730932237884,2.162345652787315,,0.014731297550254655,0.014731297550254655,0.014731297550254655,0.014731297550254655,0.014731297550254655,0.21451474625352843,0.24853872363226212,0.014731297550254655,0.1842022494876725,0.22016260267424503,0.014731297550254655,0.014731297550254655,0.014731297550254655
878,family_green,low,7.571493893582504,walk,1.8902622701510239,0.9249099264431796,0.56611614230611,0.9616062476692934,True,Gotic,41.38124532733026,2.1735586727043565,,0.01773361796118365,0.01773361796118365,0.01773361796118365,0.18316956710460883,0.01773361796118365,0.01773361796118365,0.19227785179149934,0.01773361796118365,0.01773361796118365,0.01773361796118365,0.2149136975376674,0.2500363219155715,0.01773361796118365
879,museum_culture,medium,16.587704004432993,transit,11.324416928472452,0.6514421621338721,0.7335551767202592,0.4143740701169978,False,El Raval,41.38380625306288,2.174278951080928,,0.21792029206199923,0.016194727046730396,0.20869419601462905,0.016194727046730396,0.016194727046730396,0.016194727046730396,0.016194727046730396,0.016194727046730396,0.016194727046730396,0.016194727046730396,0.016194727046730396,0.16842109835273278,0.25921187015006547
880,architecture_fans,high,31.40707956492774,transit,6.3967995810826075,0.48931481307442465,0.29676740783864186,0.23115353350319254,False,Dreta Eixample,41.38080676261073,2.1715381086938774,,0.24386604567423975,0.22764145112182455,0.21149881631260287,0.013959481889451711,0.013959481889451711,0.013959481889451711,0.013959481889451711,0.19135834988626743,0.013959481889451711,0.013959481889451711,0.013959481889451711,0.013959481889451711,0.013959481889451711
881,architecture_fans,high,46.276307367691594,bike,5.993102204643322,0.1925539780924608,0.17571899153224338,0.6971349945138743,False,El Raval,41.380793008322655,2.166920600564337,,0.1698762905271259,0.16390692813990074,0.2672290211226652,0.01552520840365982,0.01552520840365982,0.01552520840365982,0.01552520840365982,0.2592608845773698,0.01552520840365982,0.01552520840365982,0.01552520840365982,0.01552520840365982,0.01552520840365982
882,history_religion,high,44.59159397752574,mixed,8.221397844861357,0.606328865662722,0.5758343227012644,0.4199535645114342,False,Gotic,41.385887486309564,2.1744004670196437,,0.2230536846077661,0.2043176712679105,0.1759965770920324,0.016678798930400945,0.016678798930400945,0.016678798930400945,0.016678798930400945,0.016678798930400945,0.016678798930400945,0.016678798930400945,0.016678798930400945,0.016678798930400945,0.24652287665868253
883,museum_culture,low,6.900134207301486,transit,6.968610728404862,0.6218996045740943,0.8240693589395653,0.4377707720484225,False,La Barceloneta,41.38337448891868,2.1864356228416337,,0.26626134666713586,0.015663081191060656,0.19120888038913847,0.015663081191060656,0.015663081191060656,0.015663081191060656,0.015663081191060656,0.015663081191060656,0.015663081191060656,0.015663081191060656,0.015663081191060656,0.17568700864446135,0.22587503357971841
884,family_green,low,5.015574162485041,mixed,5.485198640153139,0.7185009713712237,0.8386767601403471,0.9967367150516868,True,Dreta Eixample,41.392706779956654,2.163132716374014,,0.015722713564774643,0.015722713564774643,0.015722713564774643,0.2667074352078632,0.015722713564774643,0.015722713564774643,0.17816862551115686,0.015722713564774643,0.015722713564774643,0.015722713564774643,0.25136902983166687,0.1622504873663413,0.015722713564774643
885,architecture_fans,medium,14.017228736219701,walk,2.415098215040705,0.630829085868772,0.3620050445450684,0.6810289264284052,False,Montjuic,41.370401331733966,2.153539971385189,,0.15133300579277395,0.2224285092429284,0.24942840635699712,0.014633777344061231,0.014633777344061231,0.014633777344061231,0.014633777344061231,0.2451060825107494,0.014633777344061231,0.014633777344061231,0.014633777344061231,0.014633777344061231,0.014633777344061231
886,food_local_markets,low,5.9027100575818565,mixed,3.7313593829460894,0.6094734490593858,0.9016722618916596,0.291531152885784,False,El Raval,41.37507909423363,2.1684931338840068,,0.01583525128286002,0.01583525128286002,0.01583525128286002,0.01583525128286002,0.26060053729256,0.2587925798463758,0.01583525128286002,0.01583525128286002,0.17516029547033343,0.01583525128286002,0.01583525128286002,0.01583525128286002,0.1629293258449905
887,food_local_markets,low,6.298691035527439,bike,4.128870235081347,0.5373872498769322,0.8936653062454823,0.6821639467775602,False,Sagrada Familia,41.40418739383363,2.1806082692856292,,0.015242565170482229,0.015242565170482229,0.015242565170482229,0.015242565170482229,0.1528468616848084,0.2370282533876761,0.015242565170482229,0.015242565170482229,0.22615365768235626,0.015242565170482229,0.015242565170482229,0.015242565170482229,0.24678814071081917
888,museum_culture,medium,22.536058672919957,transit,9.311550144416413,0.3309588755441425,0.38131730951188797,0.4562425978102183,False,Sagrada Familia,41.40061276644798,2.177978370424167,,0.24331396166077415,0.016187141206132308,0.19231433071922713,0.016187141206132308,0.016187141206132308,0.016187141206132308,0.016187141206132308,0.016187141206132308,0.016187141206132308,0.016187141206132308,0.016187141206132308,0.1960677012565736,0.22261973550823427
889,history_religion,low,3.934635267318767,transit,6.214813929554603,0.6689323299978716,0.5531951390729908,0.31638854964316676,False,La Barceloneta,41.388225305591135,2.1851199832526738,,0.25298502971177006,0.18698910467741622,0.23069277347957734,0.015545750366464172,0.015545750366464172,0.015545750366464172,0.015545750366464172,0.015545750366464172,0.015545750366464172,0.015545750366464172,0.015545750366464172,0.015545750366464172,0.18942133883305887
890,history_religion,medium,15.30385020785292,walk,3.2101086896554594,0.46261556284027505,0.35526736911229057,0.20603891842275865,False,Vila de Gracia,41.408614767099635,2.157415904620597,,0.2152542698255661,0.166959367738316,0.19072155329027637,0.01602477229320362,0.01602477229320362,0.01602477229320362,0.01602477229320362,0.01602477229320362,0.01602477229320362,0.01602477229320362,0.01602477229320362,0.01602477229320362,0.28284185850700894
891,history_religion,medium,17.951160267524962,walk,2.0109387057161783,0.5974795396983772,0.4863972407050729,0.35240911156086907,False,La Barceloneta,41.38161746107543,2.193659852996557,,0.23682137095199018,0.1804582797730388,0.17329157253271718,0.016951520396332666,0.016951520396332666,0.016951520396332666,0.016951520396332666,0.016951520396332666,0.016951520396332666,0.016951520396332666,0.016951520396332666,0.016951520396332666,0.25686509317525985
892,food_local_markets,low,7.331005346048736,mixed,6.337914162503323,0.7028260056973358,0.8725906701935074,0.16651017602220367,False,Poblenou,41.40025796022601,2.2033020392553078,,0.016113996103282444,0.016113996103282444,0.016113996103282444,0.016113996103282444,0.2218063644692755,0.2518217352632207,0.016113996103282444,0.016113996103282444,0.1625979073898234,0.016113996103282444,0.016113996103282444,0.016113996103282444,0.21874802794813836
893,family_green,medium,18.206674759011516,walk,1.0443126847419386,0.6515573201017937,0.6636583932420173,0.9068218898482862,True,Gotic,41.38542613452494,2.1832598952056417,,0.014234384750129529,0.014234384750129529,0.014234384750129529,0.1882216652570341,0.014234384750129529,0.014234384750129529,0.19333557579523816,0.014234384750129529,0.014234384750129529,0.014234384750129529,0.2390230554353096,0.2513102407612524,0.014234384750129529
894,food_local_markets,high,39.00379038731617,walk,1.7269131302196798,0.6367624116234121,0.3704538165938386,0.598815187196324,False,Poblenou,41.39614581646017,2.2058471687777432,,0.014330566689771023,0.014330566689771023,0.014330566689771023,0.014330566689771023,0.20367671607965085,0.24310782941569736,0.014330566689771023,0.014330566689771023,0.18825569255351102,0.014330566689771023,0.014330566689771023,0.014330566689771023,0.2359846617432016
895,family_green,medium,21.142324410971234,walk,2.4698349733098284,0.6813891029555489,0.8244407526330527,0.8626020417603563,True,Dreta Eixample,41.39609024697198,2.162522889559855,,0.015244491142431779,0.015244491142431779,0.015244491142431779,0.23556140819307278,0.015244491142431779,0.015244491142431779,0.23328427705907817,0.015244491142431779,0.015244491142431779,0.015244491142431779,0.2387883568100813,0.15516553765588173,0.015244491142431779
896,beach_nightlife,medium,16.56033108894488,walk,1.6332765951190322,0.37849076134751963,0.26957965222750635,0.7586864831127057,False,Dreta Eixample,41.390609012303564,2.169761463881276,,0.015467408903560178,0.015467408903560178,0.015467408903560178,0.015467408903560178,0.015467408903560178,0.21199116774940327,0.22577107894058582,0.015467408903560178,0.18771701635775256,0.2353140568202168,0.015467408903560178,0.015467408903560178,0.015467408903560178
897,food_local_markets,medium,23.47806018563352,walk,2.341140245835015,0.9330885759457415,0.5216022303027229,0.5559299148576847,False,Sagrada Familia,41.40992479518143,2.170544215852519,,0.014167963438415077,0.014167963438415077,0.014167963438415077,0.014167963438415077,0.19663900851042326,0.201395309942063,0.014167963438415077,0.014167963438415077,0.22828489424477375,0.014167963438415077,0.014167963438415077,0.014167963438415077,0.2461691163570043
898,museum_culture,medium,24.029937544535596,transit,7.605022613970516,0.5548106582056629,0.6123599009689497,0.3985606954346799,False,Poblenou,41.398882096725536,2.2013516014404693,,0.22863867315392009,0.01382760463796511,0.21152134858882982,0.01382760463796511,0.01382760463796511,0.01382760463796511,0.01382760463796511,0.01382760463796511,0.01382760463796511,0.01382760463796511,0.01382760463796511,0.1888575608681175,0.24653397564744667
899,family_green,medium,26.72387971078575,bike,3.024266456262293,0.8162056682297016,0.4854170090160141,0.9947182133758583,True,Dreta Eixample,41.39341113029517,2.1734768107088747,,0.015417679678756126,0.015417679678756126,0.015417679678756126,0.2634963767630922,0.015417679678756126,0.015417679678756126,0.16751168929559407,0.015417679678756126,0.015417679678756126,0.015417679678756126,0.21811421614262463,0.21211860068988397,0.015417679678756126
900,architecture_fans,low,9.198242073101756,transit,6.513298611939504,0.5821591595061255,0.4257359641574661,0.2288616414328707,False,El Raval,41.38357294680246,2.174190174474458,,0.22019305482331217,0.21465449365792433,0.1784023586524535,0.015575225944864685,0.015575225944864685,0.015575225944864685,0.015575225944864685,0.24657305936252785,0.015575225944864685,0.015575225944864685,0.015575225944864685,0.015575225944864685,0.015575225944864685
901,food_local_markets,low,7.663432163722633,transit,11.739741829256607,0.38644916100550586,0.5826023201767322,0.5335013009673051,False,Vila de Gracia,41.400246959102425,2.159436463678977,,0.01383000845291151,0.01383000845291151,0.01383000845291151,0.01383000845291151,0.2128628606759711,0.23557750970048089,0.01383000845291151,0.01383000845291151,0.2127918738230802,0.01383000845291151,0.01383000845291151,0.01383000845291151,0.21429767972426425
902,family_green,medium,16.350112675998254,mixed,5.396422898826032,0.6742756233648293,0.5460929607340688,0.8666594567229875,True,Dreta Eixample,41.39428441203587,2.1593194394763047,,0.014006982310335146,0.014006982310335146,0.014006982310335146,0.21120426421399385,0.014006982310335146,0.014006982310335146,0.21608612102540004,0.014006982310335146,0.014006982310335146,0.014006982310335146,0.2206061931412738,0.226040580826316,0.014006982310335146
903,museum_culture,medium,15.345750152794992,mixed,5.027545489874837,0.29213074424599733,0.30235797586569824,0.4378543491642261,False,Gotic,41.382916932765696,2.1699046685073307,,0.22458716973367382,0.015990928417834793,0.17329633165817238,0.015990928417834793,0.015990928417834793,0.015990928417834793,0.015990928417834793,0.015990928417834793,0.015990928417834793,0.015990928417834793,0.015990928417834793,0.21745917858152627,0.2407389642661144
904,history_religion,medium,11.606396421891544,walk,2.3401011746702576,0.22523982506265924,0.6228261319777108,0.5504005810804754,False,El Raval,41.383989024432985,2.170284969154565,,0.19010222918668113,0.28849940770023697,0.1803680329686206,0.016728870806067882,0.016728870806067882,0.016728870806067882,0.016728870806067882,0.016728870806067882,0.016728870806067882,0.016728870806067882,0.016728870806067882,0.016728870806067882,0.1904704928898504
905,museum_culture,medium,21.343533101526496,transit,8.627561548561681,0.6488549405670042,0.42212476915806846,0.45426317456200754,False,Gotic,41.38688388735597,2.1759645633345106,,0.19097211972741845,0.016424064460275865,0.16831134053403807,0.016424064460275865,0.016424064460275865,0.016424064460275865,0.016424064460275865,0.016424064460275865,0.016424064460275865,0.016424064460275865,0.016424064460275865,0.2537398655932386,0.23916009400282218
906,food_local_markets,medium,27.148587957281514,transit,10.91498308564187,0.6678244519793669,0.5091862884373818,0.4452641422148009,False,Poblenou,41.40636726730532,2.2042070155061055,,0.01648196046101825,0.01648196046101825,0.01648196046101825,0.01648196046101825,0.2294907339117294,0.23142471021959216,0.01648196046101825,0.01648196046101825,0.2235092126555113,0.01648196046101825,0.01648196046101825,0.01648196046101825,0.16723769906400282
907,architecture_fans,medium,19.466804720136054,walk,3.3085773036656896,0.4652670122091401,0.5678572679769006,0.6292395610482143,False,El Raval,41.38196513158903,2.164931264226437,,0.18985130318527163,0.15742290768040534,0.2563169340213668,0.01564847692033339,0.01564847692033339,0.01564847692033339,0.01564847692033339,0.2555725628299558,0.01564847692033339,0.01564847692033339,0.01564847692033339,0.01564847692033339,0.01564847692033339
908,food_local_markets,low,9.46928373943091,transit,10.073086500783207,0.32561129948084155,0.4588037058919695,0.3234101371871255,False,Gotic,41.38441134506615,2.169395905712939,,0.01600040879183815,0.01600040879183815,0.01600040879183815,0.01600040879183815,0.23714063298153887,0.18054014987663536,0.01600040879183815,0.01600040879183815,0.19542037932523476,0.01600040879183815,0.01600040879183815,0.01600040879183815,0.24289515869004763
909,beach_nightlife,medium,22.62485359702144,transit,8.1553125247743,0.2815999498363658,0.4894706953796425,0.9022747807025298,False,El Raval,41.37821353607341,2.1693632850874596,,0.014853770688437575,0.014853770688437575,0.014853770688437575,0.014853770688437575,0.014853770688437575,0.24738018156923383,0.20681804901694792,0.014853770688437575,0.2342260453134308,0.1778917879044492,0.014853770688437575,0.014853770688437575,0.014853770688437575
910,museum_culture,low,6.918949865748664,mixed,5.243079603932682,0.6877795445895734,0.527693391931055,0.7517444859656873,False,Sarria,41.39899209690246,2.109525879688268,,0.19997956191204394,0.016552931578844805,0.23117573820619314,0.016552931578844805,0.016552931578844805,0.016552931578844805,0.016552931578844805,0.016552931578844805,0.016552931578844805,0.016552931578844805,0.016552931578844805,0.24892845523365023,0.1709398604385094
911,beach_nightlife,high,42.24686842732708,bike,4.152022521699578,0.11137097793465774,0.45334911922475335,0.9115535876665122,False,Poblenou,41.40234914986756,2.211128013140223,,0.01756413027798292,0.01756413027798292,0.01756413027798292,0.01756413027798292,0.01756413027798292,0.23111775826308295,0.23273443934276367,0.01756413027798292,0.19408417175535567,0.18398645813695144,0.01756413027798292,0.01756413027798292,0.01756413027798292
912,beach_nightlife,high,39.927831196334054,transit,7.546318028500824,0.41763448475981907,0.30115617575875486,0.862255571231232,False,La Barceloneta,41.38026273102395,2.1904501180685925,,0.016327990379170536,0.016327990379170536,0.016327990379170536,0.016327990379170536,0.016327990379170536,0.2106674807746194,0.2776380662034598,0.016327990379170536,0.1852357803050562,0.1795067593043298,0.016327990379170536,0.016327990379170536,0.016327990379170536
913,museum_culture,medium,7.380030090022659,transit,9.98202261329777,0.48609010655469537,0.5452184718123776,0.6837880187165871,False,Dreta Eixample,41.39361136580357,2.1652213404209593,,0.200715660076271,0.014757112219523584,0.21740660389916802,0.014757112219523584,0.014757112219523584,0.014757112219523584,0.014757112219523584,0.014757112219523584,0.014757112219523584,0.014757112219523584,0.014757112219523584,0.24527020907026023,0.20379351697858847
914,architecture_fans,medium,17.485037656667714,transit,8.046027050345165,0.45744615343655487,0.4054550746333137,0.49958089791811644,False,Les Corts,41.38680109760029,2.1298513454411423,,0.2033796044036222,0.1578654068174887,0.24453343205782646,0.015784379160980754,0.015784379160980754,0.015784379160980754,0.015784379160980754,0.2521621442722358,0.015784379160980754,0.015784379160980754,0.015784379160980754,0.015784379160980754,0.015784379160980754
915,history_religion,medium,19.008847096658897,transit,9.530058739716818,0.4430084088779118,0.2825711454288794,0.47767534898485975,False,Gotic,41.39139083394753,2.174635262986264,,0.20355082185417628,0.21124903777069523,0.2288004022500734,0.016513873949509594,0.016513873949509594,0.016513873949509594,0.016513873949509594,0.016513873949509594,0.016513873949509594,0.016513873949509594,0.016513873949509594,0.016513873949509594,0.20777487257946872
916,architecture_fans,medium,22.548411918474862,mixed,4.413555198751608,0.6079811425497901,0.4999391305871314,0.22194116162561012,False,La Barceloneta,41.38006680111334,2.187334087161797,,0.18001135580268782,0.2602308779071027,0.24840346583055875,0.014512552084345747,0.014512552084345747,0.014512552084345747,0.014512552084345747,0.18074133170053902,0.014512552084345747,0.014512552084345747,0.014512552084345747,0.014512552084345747,0.014512552084345747
917,architecture_fans,high,34.32720640608729,mixed,3.2346808718892106,0.451520997626798,0.3857681107187513,0.34113065340187093,False,El Raval,41.383337987979544,2.1700562567578525,,0.1989741293904871,0.23970752951312552,0.24055290778246174,0.015167029785519048,0.015167029785519048,0.015167029785519048,0.015167029785519048,0.18426216524425418,0.015167029785519048,0.015167029785519048,0.015167029785519048,0.015167029785519048,0.015167029785519048
918,museum_culture,medium,8.866417269565458,transit,10.888783484469021,0.6531263950852582,0.6880842576234051,0.5440492384910253,False,Sant Andreu,41.43470788490111,2.1860910903625035,,0.2087020230035885,0.014573833572545563,0.20605761040714377,0.014573833572545563,0.014573833572545563,0.014573833572545563,0.014573833572545563,0.014573833572545563,0.014573833572545563,0.014573833572545563,0.014573833572545563,0.2565690964588543,0.19750676797750336
919,architecture_fans,high,48.23873848276671,mixed,6.1494918742838625,0.5613568949958038,0.4820111790264013,0.3978924036508269,False,Montjuic,41.37555409296919,2.1465185877103234,,0.23995948526648078,0.19890814105828292,0.2546558067768015,0.0155804388080065,0.0155804388080065,0.0155804388080065,0.0155804388080065,0.16625261762637633,0.0155804388080065,0.0155804388080065,0.0155804388080065,0.0155804388080065,0.0155804388080065
920,beach_nightlife,medium,18.083827151480346,transit,11.7890499325187,0.33374519384091333,0.1968675512864547,0.8831994219918057,False,Sant Andreu,41.43341337401985,2.1950321027390807,,0.016779994192978605,0.016779994192978605,0.016779994192978605,0.016779994192978605,0.016779994192978605,0.18484187737382612,0.20998955927433371,0.016779994192978605,0.20908732655626394,0.24506128905876878,0.016779994192978605,0.016779994192978605,0.016779994192978605
921,food_local_markets,low,8.243797097728653,transit,7.8087315536789745,0.6670690123239497,0.4187008465030346,0.5303717820021779,False,Sarria,41.39318367031506,2.1198411663240706,,0.01632191014411084,0.01632191014411084,0.01632191014411084,0.01632191014411084,0.2601914764673004,0.1703360633637008,0.01632191014411084,0.01632191014411084,0.16492883798548816,0.01632191014411084,0.01632191014411084,0.01632191014411084,0.2576464308865131
922,museum_culture,low,5.0219314303010005,walk,1.7475136863686886,0.7094247646706471,0.47722430447036246,0.2009758343452448,False,Gotic,41.38732349248431,2.175113037087338,,0.20059891666299082,0.014718366272786934,0.2607123588101569,0.014718366272786934,0.014718366272786934,0.014718366272786934,0.014718366272786934,0.014718366272786934,0.014718366272786934,0.014718366272786934,0.014718366272786934,0.15225551315478883,0.253967914916981
923,architecture_fans,medium,12.575608834456151,transit,8.760341562427715,0.1588717900426364,0.34941964005896836,0.2319671814206448,False,Montjuic,41.36433935635896,2.1525421311195476,,0.19052041878736686,0.17355577426913535,0.27387665634095976,0.017079416689477614,0.017079416689477614,0.017079416689477614,0.017079416689477614,0.20833240039723958,0.017079416689477614,0.017079416689477614,0.017079416689477614,0.017079416689477614,0.017079416689477614
924,food_local_markets,medium,14.822015980647924,bike,5.062338849184584,0.5685666668821986,0.915129237362363,0.675850247046064,False,Montjuic,41.37165866124846,2.1558637059531325,,0.016328281355846262,0.016328281355846262,0.016328281355846262,0.016328281355846262,0.23391669572407153,0.16924352208685114,0.016328281355846262,0.016328281355846262,0.25847355136945516,0.016328281355846262,0.016328281355846262,0.016328281355846262,0.19141169861700583
925,architecture_fans,low,7.959769096163866,transit,11.664107847811286,0.1950936852862069,0.33505001634107007,0.3202100154950512,False,Gotic,41.38496562030182,2.1731804827656154,,0.19547224917690875,0.1954722010053113,0.2864580274462175,0.0160469141610652,0.0160469141610652,0.0160469141610652,0.0160469141610652,0.17817529492197565,0.0160469141610652,0.0160469141610652,0.0160469141610652,0.0160469141610652,0.0160469141610652
926,history_religion,medium,20.87018174756319,transit,9.222035532745142,0.5499249775614699,0.567663029404888,0.40017006326001714,False,Gotic,41.382833434830204,2.1786002836896983,,0.24102689417367454,0.19463797987178294,0.22777450607591193,0.014207926780717747,0.014207926780717747,0.014207926780717747,0.014207926780717747,0.014207926780717747,0.014207926780717747,0.014207926780717747,0.014207926780717747,0.014207926780717747,0.2086892788521709
927,history_religion,low,5.671461344808847,mixed,3.830510338542389,0.33091622289746947,0.4512023718331055,0.20073032322413806,False,Gotic,41.38778401801493,2.176982313082691,,0.18338680418853143,0.2024193425240363,0.29105310371054866,0.016301080364865304,0.016301080364865304,0.016301080364865304,0.016301080364865304,0.016301080364865304,0.016301080364865304,0.016301080364865304,0.016301080364865304,0.016301080364865304,0.17643102629309593
928,architecture_fans,medium,12.46398077693586,transit,9.796191526381577,0.6348876310247501,0.6394724109706204,0.3252568927373135,False,Sagrada Familia,41.40392205383167,2.174050409230818,,0.21341755514075725,0.2234733298817791,0.16888051899825718,0.016577925810190106,0.016577925810190106,0.016577925810190106,0.016577925810190106,0.2450272636874956,0.016577925810190106,0.016577925810190106,0.016577925810190106,0.016577925810190106,0.016577925810190106
929,family_green,medium,24.378777056695434,transit,10.080023785981426,0.5143278975691551,0.6456419658770529,0.9662277333654875,True,Montjuic,41.37018806976929,2.1643676904433624,,0.01410150954832414,0.01410150954832414,0.01410150954832414,0.22990743019875037,0.01410150954832414,0.01410150954832414,0.231436465272577,0.01410150954832414,0.01410150954832414,0.01410150954832414,0.17401064166084798,0.23773187693290732,0.01410150954832414
930,family_green,low,8.24212916914579,transit,6.235348950466656,0.49227533199968404,0.5141268820573914,0.7841289942969323,True,Montjuic,41.37237050167369,2.1569640174381393,,0.01825061350434554,0.01825061350434554,0.01825061350434554,0.251822438697195,0.01825061350434554,0.01825061350434554,0.19261263711772836,0.01825061350434554,0.01825061350434554,0.01825061350434554,0.18294552156081154,0.2083638810851553,0.01825061350434554
931,museum_culture,high,38.95766029159451,transit,5.33470814313609,0.5550694216422818,0.7796138746490193,0.23080217676002512,False,Sagrada Familia,41.39853231601076,2.178010943927823,,0.1568610739725204,0.015311338584009867,0.2335374296977087,0.015311338584009867,0.015311338584009867,0.015311338584009867,0.015311338584009867,0.015311338584009867,0.015311338584009867,0.015311338584009867,0.015311338584009867,0.2531444026469671,0.21865504642671502
932,architecture_fans,medium,12.861984211387355,mixed,5.632578447836521,0.4918387722021367,0.20577468594019868,0.40962511430325715,False,La Barceloneta,41.38370962827377,2.1873947924857977,,0.24892373216877445,0.23286666390872754,0.21636473816784524,0.014622808120940608,0.014622808120940608,0.014622808120940608,0.014622808120940608,0.17023959266618738,0.014622808120940608,0.014622808120940608,0.014622808120940608,0.014622808120940608,0.014622808120940608
933,architecture_fans,medium,16.533363075466298,transit,9.53126781443015,0.2755805547698094,0.35032945734264676,0.42408996779211255,True,Gotic,41.38996064689518,2.1774547205792376,,0.2763469856361459,0.21834549342890336,0.1587988823721875,0.015600479963368684,0.015600479963368684,0.015600479963368684,0.015600479963368684,0.2061043188924451,0.015600479963368684,0.015600479963368684,0.015600479963368684,0.015600479963368684,0.015600479963368684
934,history_religion,high,31.797894958942315,walk,1.2189128393042667,0.2227913906605739,0.6108667187984945,0.368535278442909,False,Montjuic,41.36702246500618,2.1562800086048948,,0.19773724561615802,0.20840160508253525,0.18013653577612296,0.016802602360304328,0.016802602360304328,0.016802602360304328,0.016802602360304328,0.016802602360304328,0.016802602360304328,0.016802602360304328,0.016802602360304328,0.016802602360304328,0.26250119228244484
935,museum_culture,medium,20.427475225797323,transit,6.130094740759509,0.5953464763050005,0.8965451875464755,0.6348506416204474,False,El Raval,41.38416849073042,2.1687073114167585,,0.20961605559261823,0.0144312391221588,0.2112149129682089,0.0144312391221588,0.0144312391221588,0.0144312391221588,0.0144312391221588,0.0144312391221588,0.0144312391221588,0.0144312391221588,0.0144312391221588,0.21975662201040852,0.22953125732933516
936,history_religion,medium,17.94423108170334,transit,7.099214313977901,0.542197356326006,0.27138983359182833,0.2865307916169132,False,Poblenou,41.3948438594835,2.201700071844335,,0.26177387783597506,0.2113803846491993,0.18377111960755216,0.014806123527512276,0.014806123527512276,0.014806123527512276,0.014806123527512276,0.014806123527512276,0.014806123527512276,0.014806123527512276,0.014806123527512276,0.014806123527512276,0.209819506159663
937,museum_culture,medium,29.855232642842545,walk,1.5341164742765219,0.6753306325277384,0.6187198756751134,0.602478818203018,True,Dreta Eixample,41.38997415802563,2.1675604027808846,,0.2101210737257522,0.016600005359249874,0.2547665092662945,0.016600005359249874,0.016600005359249874,0.016600005359249874,0.016600005359249874,0.016600005359249874,0.016600005359249874,0.016600005359249874,0.016600005359249874,0.20875391741692184,0.17695845135778254
938,family_green,high,26.93453756273656,mixed,4.87877684992977,0.6279254990512425,0.48136181151929475,0.8737303582642449,True,Montjuic,41.36862584042039,2.151536312609388,,0.01810224285640087,0.01810224285640087,0.01810224285640087,0.2078469616753812,0.01810224285640087,0.01810224285640087,0.23225392874376552,0.01810224285640087,0.01810224285640087,0.01810224285640087,0.20720387480027327,0.18977504907297216,0.01810224285640087
939,architecture_fans,low,6.8076761170406686,transit,6.374982949325026,0.6599474466177317,0.5918725586712492,0.3110364407393917,False,Vila de Gracia,41.40292625266645,2.1604126589250465,,0.23641627599821075,0.22509545542986012,0.22353634127579014,0.01554644897429923,0.01554644897429923,0.01554644897429923,0.01554644897429923,0.17503388652744592,0.01554644897429923,0.01554644897429923,0.01554644897429923,0.01554644897429923,0.01554644897429923
940,history_religion,medium,19.361745433746332,transit,8.619459283044263,0.6018818961055497,0.5370001414046947,0.1008609616866573,False,Dreta Eixample,41.39511069137023,2.165103745946228,,0.22582096734150642,0.24376106208506937,0.2099992027553952,0.01654983655198176,0.01654983655198176,0.01654983655198176,0.01654983655198176,0.01654983655198176,0.01654983655198176,0.01654983655198176,0.01654983655198176,0.01654983655198176,0.17147023885019314
941,museum_culture,medium,18.470373587709226,transit,6.467637328153766,0.8280746821733055,0.5124689843103652,0.3429514339768564,True,El Raval,41.38304427611022,2.1763805569869494,,0.20481621223617746,0.016709763356900106,0.24722480496781174,0.016709763356900106,0.016709763356900106,0.016709763356900106,0.016709763356900106,0.016709763356900106,0.016709763356900106,0.016709763356900106,0.016709763356900106,0.22556598046679552,0.17200513211711427
942,history_religion,low,2.8261500999672,bike,4.451019151492967,0.33407500901074677,0.2496677636195907,0.21533654078506112,True,Dreta Eixample,41.39713211609517,2.172269291205801,,0.23373834668492674,0.20584214392535083,0.2605739210950295,0.014517250223803782,0.014517250223803782,0.014517250223803782,0.014517250223803782,0.014517250223803782,0.014517250223803782,0.014517250223803782,0.014517250223803782,0.014517250223803782,0.1691903362804589
943,food_local_markets,medium,22.940215955663803,transit,9.342755333803815,0.3906307862856834,0.7875361545537499,0.621766685957534,False,Dreta Eixample,41.38389558526596,2.1652879827497893,,0.0141970017683487,0.0141970017683487,0.0141970017683487,0.0141970017683487,0.252790805920656,0.19984213461426936,0.0141970017683487,0.0141970017683487,0.17537022340120864,0.0141970017683487,0.0141970017683487,0.0141970017683487,0.24422382014872765
944,architecture_fans,low,5.728586548923698,bike,7.054725476623817,0.36244603343139215,0.7471218072809438,0.33355235183146775,False,El Raval,41.381486989732274,2.171669106960348,,0.17070812154320292,0.22024052650040604,0.2583817773358963,0.01568568977031901,0.01568568977031901,0.01568568977031901,0.01568568977031901,0.20949836668762362,0.01568568977031901,0.01568568977031901,0.01568568977031901,0.01568568977031901,0.01568568977031901
945,history_religion,medium,18.773139220543307,mixed,8.049110012643785,0.7881720176110638,0.27370663154777086,0.12365008469682832,False,Poblenou,41.39952679332458,2.204039247144765,,0.20184125118884907,0.18804416537314142,0.2772040655176212,0.017333145325733806,0.017333145325733806,0.017333145325733806,0.017333145325733806,0.017333145325733806,0.017333145325733806,0.017333145325733806,0.017333145325733806,0.017333145325733806,0.17691220998878404
946,family_green,low,11.971762675892192,transit,9.990373711622142,0.45047375277502155,0.8158081136397508,0.7991418576735941,True,Dreta Eixample,41.39397385392265,2.16118466530294,,0.014585670023035836,0.014585670023035836,0.014585670023035836,0.18615269296780945,0.014585670023035836,0.014585670023035836,0.21641495309856246,0.014585670023035836,0.014585670023035836,0.014585670023035836,0.2548494796005523,0.21131184412575332,0.014585670023035836
947,beach_nightlife,low,7.139581642201211,walk,1.5324198675160423,0.2738788751179587,0.29559848082150125,0.7976207322441488,False,El Raval,41.376427708013054,2.1739955637186164,,0.014824695512364773,0.014824695512364773,0.014824695512364773,0.014824695512364773,0.014824695512364773,0.20077964026698059,0.24110790042995464,0.014824695512364773,0.23990858801195383,0.184781611679828,0.014824695512364773,0.014824695512364773,0.014824695512364773
948,food_local_markets,low,7.80001347346217,walk,1.8969289123326531,0.8968194487842568,0.7580411125178245,0.64412725360439,False,Poblenou,41.39936953024593,2.202404716848891,,0.016120728763526875,0.016120728763526875,0.016120728763526875,0.016120728763526875,0.20633105101910268,0.2269302496540517,0.016120728763526875,0.016120728763526875,0.21385344472331433,0.016120728763526875,0.016120728763526875,0.016120728763526875,0.20779869573178947
949,history_religion,medium,21.072312912272206,transit,8.541957851737537,0.3855650090730029,0.435661696710273,0.5151803272224125,False,Vila de Gracia,41.40161915965663,2.156978867026136,,0.22324096325775217,0.1878172563241601,0.21372453528208707,0.017802150374545234,0.017802150374545234,0.017802150374545234,0.017802150374545234,0.017802150374545234,0.017802150374545234,0.017802150374545234,0.017802150374545234,0.017802150374545234,0.21499789176509357
950,museum_culture,medium,11.558209074471637,taxi,8.450125898567618,0.5659258154660167,0.24807985997093637,0.22552300823238353,True,Gotic,41.38791243689462,2.1794861054135906,,0.2574744096378025,0.015996695167442912,0.18729979468323335,0.015996695167442912,0.015996695167442912,0.015996695167442912,0.015996695167442912,0.015996695167442912,0.015996695167442912,0.015996695167442912,0.015996695167442912,0.24221586735087045,0.16903967182110743
951,family_green,low,2.4747735125488948,transit,9.138973465134058,0.6855308071100217,0.6657287091914029,0.9218932259046448,False,Sagrada Familia,41.40071161725118,2.170060685948002,,0.014698893256247802,0.014698893256247802,0.014698893256247802,0.23550259129332313,0.014698893256247802,0.014698893256247802,0.2544159604105337,0.014698893256247802,0.014698893256247802,0.014698893256247802,0.19395488975970585,0.18383651923020708,0.014698893256247802
952,history_religion,medium,15.4714017829651,transit,8.758511867854931,0.7443165358374487,0.40029298062207697,0.3827673503137451,False,Dreta Eixample,41.389528230859256,2.1660760114328186,,0.2597640406647077,0.17599144297554029,0.24750111996018173,0.014880153869996892,0.014880153869996892,0.014880153869996892,0.014880153869996892,0.014880153869996892,0.014880153869996892,0.014880153869996892,0.014880153869996892,0.014880153869996892,0.18282201156959815
953,architecture_fans,low,10.865906074845501,walk,2.756407282904028,0.522455811469089,0.22791312973927663,0.5156469115989171,True,Montjuic,41.36759841091543,2.1485331874498454,,0.2269964800172664,0.24171012371202397,0.18797104329482753,0.01579432387868053,0.01579432387868053,0.01579432387868053,0.01579432387868053,0.20117343806775737,0.01579432387868053,0.01579432387868053,0.01579432387868053,0.01579432387868053,0.01579432387868053
954,architecture_fans,high,30.38940399142532,transit,5.907373601330303,0.32963144503307373,0.2788239492275443,0.4157771200313232,False,El Raval,41.373696922946365,2.1680889967093844,,0.2528575891214275,0.20470612504755356,0.18973532609493865,0.017462654533138895,0.017462654533138895,0.017462654533138895,0.017462654533138895,0.1955370689378303,0.017462654533138895,0.017462654533138895,0.017462654533138895,0.017462654533138895,0.017462654533138895
955,architecture_fans,medium,7.3912736545152375,transit,11.893064654394776,0.3658708812579492,0.5493887779500675,0.6962716956245908,False,Dreta Eixample,41.40023734185323,2.166226399499915,,0.17080761023412439,0.21983458677508752,0.2630400948498727,0.015161709752808186,0.015161709752808186,0.015161709752808186,0.015161709752808186,0.20986232036564167,0.015161709752808186,0.015161709752808186,0.015161709752808186,0.015161709752808186,0.015161709752808186
956,architecture_fans,low,9.704766198459334,transit,10.504921208532242,0.43940694394073426,0.35635681485836135,0.339038244120648,False,El Raval,41.376458227567625,2.168556647972447,,0.23768614371015442,0.19247846227025436,0.22386809481300837,0.015447099760235528,0.015447099760235528,0.015447099760235528,0.015447099760235528,0.20694340136446307,0.015447099760235528,0.015447099760235528,0.015447099760235528,0.015447099760235528,0.015447099760235528
957,architecture_fans,high,39.10690526423016,transit,8.543474911713767,0.5157188039438606,0.3469507496315462,0.22422766032961158,False,Dreta Eixample,41.388891478179275,2.158715856805116,,0.18231308554181638,0.2441416272854761,0.2196636826707254,0.015370367397923308,0.015370367397923308,0.015370367397923308,0.015370367397923308,0.2155482979206724,0.015370367397923308,0.015370367397923308,0.015370367397923308,0.015370367397923308,0.015370367397923308
958,food_local_markets,medium,23.15282538957137,walk,3.164720607434146,0.32706402797839224,0.5597335412882583,0.6266190917011718,False,Gotic,41.39006075755149,2.171096645335768,,0.01391046763274959,0.01391046763274959,0.01391046763274959,0.01391046763274959,0.21847186034937158,0.19519152193067263,0.01391046763274959,0.01391046763274959,0.21574248779502359,0.01391046763274959,0.01391046763274959,0.01391046763274959,0.24539992123018595
959,museum_culture,medium,24.012036849831006,transit,10.509867458252328,0.48336864911729077,0.5768199931673171,0.41484775249944644,False,El Raval,41.37998326406963,2.172423400941358,,0.2408375333268642,0.015703892849064482,0.25043091866597733,0.015703892849064482,0.015703892849064482,0.015703892849064482,0.015703892849064482,0.015703892849064482,0.015703892849064482,0.015703892849064482,0.015703892849064482,0.20034339546409394,0.16705311690148425
960,architecture_fans,low,7.684579107897288,bike,7.100695077755169,0.5015045654371149,0.2815853441762964,0.30353086137078333,False,Sagrada Familia,41.400242234421846,2.1841397370326523,,0.23691418146168583,0.25301124086830606,0.16893881602962643,0.015062283866911127,0.015062283866911127,0.015062283866911127,0.015062283866911127,0.20557520683818153,0.015062283866911127,0.015062283866911127,0.015062283866911127,0.015062283866911127,0.015062283866911127
961,family_green,low,10.349376474942382,mixed,3.519401452212325,0.3757367696378645,0.6838195732135046,0.9634534580028782,True,Poblenou,41.40327799047442,2.205739722214474,,0.0147095452505178,0.0147095452505178,0.0147095452505178,0.1953432978502155,0.0147095452505178,0.0147095452505178,0.21828299983477886,0.0147095452505178,0.0147095452505178,0.0147095452505178,0.24099292988080437,0.21299486517954105,0.0147095452505178
962,museum_culture,low,6.293672623976617,transit,9.62970593542919,0.3752382772234705,0.397429918030238,0.2280847527549407,True,La Barceloneta,41.38186159357198,2.188529729680612,,0.26281532774390587,0.016628117042676988,0.1835146942287507,0.016628117042676988,0.016628117042676988,0.016628117042676988,0.016628117042676988,0.016628117042676988,0.016628117042676988,0.016628117042676988,0.016628117042676988,0.22086388876334592,0.1831530358799046
963,food_local_markets,low,6.111711651586125,transit,9.678913951088685,0.3254503868401662,0.7045792053565222,0.39750502459299275,False,Dreta Eixample,41.39251716669659,2.1631045192427827,,0.017064060181592327,0.017064060181592327,0.017064060181592327,0.017064060181592327,0.18934564227806736,0.1735212994488242,0.017064060181592327,0.017064060181592327,0.21569977311168684,0.017064060181592327,0.017064060181592327,0.017064060181592327,0.26785674352709066
964,architecture_fans,medium,23.150662283273725,mixed,8.261598932427598,0.23535523148006762,0.6185380762508415,0.2387561187108788,False,Dreta Eixample,41.392130180681015,2.164591833347114,,0.16949381522152948,0.256474003143378,0.1975285470990098,0.01477223421908817,0.01477223421908817,0.01477223421908817,0.01477223421908817,0.2435535265642892,0.01477223421908817,0.01477223421908817,0.01477223421908817,0.01477223421908817,0.01477223421908817
965,food_local_markets,low,6.745615355686433,walk,1.357613567750314,0.3305090067022094,0.30952599362779826,0.47738683281534167,False,Sagrada Familia,41.39988039054722,2.1804538452503754,,0.015334614399730238,0.015334614399730238,0.015334614399730238,0.015334614399730238,0.18924540872562173,0.25547674163169537,0.015334614399730238,0.015334614399730238,0.242533656126209,0.015334614399730238,0.015334614399730238,0.015334614399730238,0.17473266391890177
966,beach_nightlife,high,39.70970485935099,mixed,7.242997166491741,0.17119215009851077,0.39537644311989745,0.8438814425400958,False,Gotic,41.37968199437045,2.1737677733368304,,0.014627842151772236,0.014627842151772236,0.014627842151772236,0.014627842151772236,0.014627842151772236,0.24065390881327986,0.2121841201277602,0.014627842151772236,0.1821068123010492,0.23340457939196071,0.014627842151772236,0.014627842151772236,0.014627842151772236
967,museum_culture,medium,16.856930377476512,transit,7.509606101714803,0.7892057339925821,0.37526571311586726,0.08773366489182484,False,Poblenou,41.39739550995977,2.215394037274392,,0.23524342277050272,0.0141578012623364,0.20021369613793571,0.0141578012623364,0.0141578012623364,0.0141578012623364,0.0141578012623364,0.0141578012623364,0.0141578012623364,0.0141578012623364,0.0141578012623364,0.18440342063622248,0.2527192490943115
968,museum_culture,medium,16.097831661752718,mixed,5.889043873816416,0.5131945044273464,0.6627876290064587,0.5578864839526673,False,Vila de Gracia,41.400595407764925,2.1563436875771353,,0.21688782635684303,0.015273554042660628,0.18341977614263918,0.015273554042660628,0.015273554042660628,0.015273554042660628,0.015273554042660628,0.015273554042660628,0.015273554042660628,0.015273554042660628,0.015273554042660628,0.2609493790587291,0.20128103205784298
969,food_local_markets,medium,7.457347693681378,mixed,6.679550871188281,0.7474919159751131,0.3584802908904747,0.617888616552959,False,Sagrada Familia,41.40737243641324,2.170606624928331,,0.01513422493042225,0.01513422493042225,0.01513422493042225,0.01513422493042225,0.26440455679933733,0.1602248982300555,0.01513422493042225,0.01513422493042225,0.26990850509195236,0.01513422493042225,0.01513422493042225,0.01513422493042225,0.16925401550485453
970,beach_nightlife,low,6.164341536311599,taxi,10.038582397458146,0.33356263330400415,0.39252288992032935,0.657060308221834,False,El Raval,41.37464380395227,2.160727370117066,,0.01582608558373083,0.01582608558373083,0.01582608558373083,0.01582608558373083,0.01582608558373083,0.1959843111752112,0.20566681138255707,0.01582608558373083,0.25868700901909847,0.19722709816955578,0.01582608558373083,0.01582608558373083,0.01582608558373083
971,family_green,low,5.004143083485392,transit,8.599880411825994,0.6438072820827407,0.4971866900500272,0.8579413733131988,False,Dreta Eixample,41.39139737272274,2.1611210095663558,,0.01656319468216553,0.01656319468216553,0.01656319468216553,0.22824321897449362,0.01656319468216553,0.01656319468216553,0.18138724125177372,0.01656319468216553,0.01656319468216553,0.01656319468216553,0.24012160823088124,0.2011791794033616,0.01656319468216553
972,beach_nightlife,low,7.93695010782472,walk,1.5906472075894165,0.565845889944607,0.4687381576870794,0.6639431203271046,False,Gotic,41.38562847368487,2.187545747536029,,0.015786522220180538,0.015786522220180538,0.015786522220180538,0.015786522220180538,0.015786522220180538,0.16126999798400676,0.21461310525042124,0.015786522220180538,0.24689056453784283,0.23514763224610433,0.015786522220180538,0.015786522220180538,0.015786522220180538
973,beach_nightlife,medium,23.603496571683557,bike,3.8156970352642734,0.38468377582796687,0.590830983029056,0.619280583229399,False,Dreta Eixample,41.38830592292263,2.1619691762200732,,0.015261659427902838,0.015261659427902838,0.015261659427902838,0.015261659427902838,0.015261659427902838,0.2569468820572407,0.16524788419215994,0.015261659427902838,0.23057111059136037,0.2098791883081135,0.015261659427902838,0.015261659427902838,0.015261659427902838
974,museum_culture,high,41.97705035647546,walk,1.9418969684958096,0.5145550311201352,0.6996705897249049,0.304404000678647,False,Sagrada Familia,41.40144569552615,2.167889736502124,,0.16525231254105543,0.014628165649111043,0.23071773821953964,0.014628165649111043,0.014628165649111043,0.014628165649111043,0.014628165649111043,0.014628165649111043,0.014628165649111043,0.014628165649111043,0.014628165649111043,0.2163038155859953,0.25607264281141023
975,beach_nightlife,medium,23.13586479288157,transit,8.771346654698174,0.3282213749210557,0.4477651864904628,0.8017771379882895,False,El Raval,41.381601873842385,2.1623330040374253,,0.015375134948373628,0.015375134948373628,0.015375134948373628,0.015375134948373628,0.015375134948373628,0.26368385043493076,0.18330979267570385,0.015375134948373628,0.15872078458162586,0.25590935777237683,0.015375134948373628,0.015375134948373628,0.015375134948373628
976,history_religion,medium,19.275522328612862,walk,3.109064843844291,0.45685295712233337,0.3561643701000346,0.5359113670718443,False,Dreta Eixample,41.38567810535189,2.166958567295437,,0.2091901944737226,0.23987660953094458,0.18493247217732786,0.014204659763058953,0.014204659763058953,0.014204659763058953,0.014204659763058953,0.014204659763058953,0.014204659763058953,0.014204659763058953,0.014204659763058953,0.014204659763058953,0.2381587859504744
977,beach_nightlife,low,5.265956152284412,bike,5.663339498763806,0.4906286386678792,0.521639149753575,0.9783986592887521,False,Gotic,41.3834241139755,2.1770076599252355,,0.01580366370491516,0.01580366370491516,0.01580366370491516,0.01580366370491516,0.01580366370491516,0.17184362601319908,0.2472667735439048,0.01580366370491516,0.2693301095969686,0.16932651750169106,0.01580366370491516,0.01580366370491516,0.01580366370491516
978,architecture_fans,medium,15.800206682805241,walk,2.872668480487442,0.4441165999025788,0.24512433851107052,0.48672118976542533,True,Poblenou,41.404990931168584,2.2054010586202413,,0.23710026791679106,0.23389627478258682,0.1955554979320474,0.015920367453172837,0.015920367453172837,0.015920367453172837,0.015920367453172837,0.19016465229001916,0.015920367453172837,0.015920367453172837,0.015920367453172837,0.015920367453172837,0.015920367453172837
979,food_local_markets,low,1.5241440182520707,transit,7.43955263055328,0.7449735514815434,0.2957104171472036,0.24356911870855055,False,Dreta Eixample,41.39155563288142,2.1656132797926837,,0.015629746355362316,0.015629746355362316,0.015629746355362316,0.015629746355362316,0.15669113325057016,0.20169583878999234,0.015629746355362316,0.015629746355362316,0.2299953675898675,0.015629746355362316,0.015629746355362316,0.015629746355362316,0.27094994317130916
980,architecture_fans,medium,12.231228731301456,mixed,4.381251528272224,0.7138563263592318,0.5887413293945155,0.15191336931162178,False,El Raval,41.38268944866965,2.1684102430100958,,0.18345293658533665,0.2031338205092729,0.2846885370098043,0.016319706796885405,0.016319706796885405,0.016319706796885405,0.016319706796885405,0.1818473447236175,0.016319706796885405,0.016319706796885405,0.016319706796885405,0.016319706796885405,0.016319706796885405
981,beach_nightlife,low,8.803405136273172,transit,5.051839794750155,0.1916364949197013,0.6314933291741528,0.9959794605364505,False,Sagrada Familia,41.39798192842971,2.170063945416766,,0.01395063944385352,0.01395063944385352,0.01395063944385352,0.01395063944385352,0.01395063944385352,0.23266474188281486,0.17966218371295997,0.01395063944385352,0.22012053062482367,0.24199678878471986,0.01395063944385352,0.01395063944385352,0.01395063944385352
982,history_religion,medium,30.095687618456342,transit,6.826582279152638,0.5543560543330465,0.7733572076591974,0.10591568490705755,False,Vila de Gracia,41.401544738824505,2.1545646253657567,,0.17137775315834453,0.2515975607941315,0.18981000184606778,0.014570319417846573,0.014570319417846573,0.014570319417846573,0.014570319417846573,0.014570319417846573,0.014570319417846573,0.014570319417846573,0.014570319417846573,0.014570319417846573,0.2560818094408371
983,beach_nightlife,high,38.553265800131534,walk,2.808330239826866,0.5073890901481002,0.22823149462677106,0.9191815894059252,False,El Raval,41.38251128351538,2.173974662281775,,0.015279541298268246,0.015279541298268246,0.015279541298268246,0.015279541298268246,0.015279541298268246,0.25351837553364664,0.25237650991350263,0.015279541298268246,0.18522051436873938,0.1713687284996971,0.015279541298268246,0.015279541298268246,0.015279541298268246
984,food_local_markets,low,8.014784838686285,transit,7.569842874447067,0.7411713420551244,0.47702712178458884,0.7301027437299479,False,La Barceloneta,41.37693459454752,2.186430072346488,,0.016255470037128832,0.016255470037128832,0.016255470037128832,0.016255470037128832,0.1767548045339574,0.16388789762915348,0.016255470037128832,0.016255470037128832,0.22198771510053333,0.016255470037128832,0.016255470037128832,0.016255470037128832,0.29107035240219625
985,architecture_fans,high,44.157572466087274,transit,9.941594715610846,0.45007728664551455,0.08361193386487628,0.2975294509411036,False,Vila de Gracia,41.407468813010055,2.1531493400038255,,0.24523886698433686,0.2263317254740007,0.21881183995023226,0.015260255592099122,0.015260255592099122,0.015260255592099122,0.015260255592099122,0.17227526726253806,0.015260255592099122,0.015260255592099122,0.015260255592099122,0.015260255592099122,0.015260255592099122
986,history_religion,medium,19.074214880279143,walk,2.0889376000737068,0.4785706357979742,0.2623868682820826,0.22180302816715408,False,Sagrada Familia,41.407253661663916,2.177563255936961,,0.2430882366737853,0.22306152223543502,0.18879695534072075,0.014862707875884425,0.014862707875884425,0.014862707875884425,0.014862707875884425,0.014862707875884425,0.014862707875884425,0.014862707875884425,0.014862707875884425,0.014862707875884425,0.21128891486709916
987,family_green,medium,26.27577971518727,transit,9.503610945652058,0.619804435212507,0.7827696558621487,0.9205906930582337,False,Gotic,41.38605735627492,2.1711838210466263,,0.015034557574549384,0.015034557574549384,0.015034557574549384,0.16906861851404176,0.015034557574549384,0.015034557574549384,0.2531114881198276,0.015034557574549384,0.015034557574549384,0.015034557574549384,0.21088155745298562,0.2316273177422006,0.015034557574549384
988,family_green,low,8.131573284815794,mixed,3.4650111379732955,0.7139455274150946,0.6048655695735722,0.9640730235443168,True,La Barceloneta,41.378244557582065,2.197491019251496,,0.015393325828071411,0.015393325828071411,0.015393325828071411,0.15797155212127,0.015393325828071411,0.015393325828071411,0.23755458379498406,0.015393325828071411,0.015393325828071411,0.015393325828071411,0.2533934491406029,0.21254048249050034,0.015393325828071411
989,architecture_fans,medium,28.54027052003619,mixed,3.6140228384645914,0.07576607457006099,0.5138051847783173,0.10162300205215337,True,Gotic,41.38260494242082,2.1755224631001537,,0.26710456635687563,0.25138504027121455,0.18666526554427038,0.015238671211366765,0.015238671211366765,0.015238671211366765,0.015238671211366765,0.15769708692533857,0.015238671211366765,0.015238671211366765,0.015238671211366765,0.015238671211366765,0.015238671211366765
990,architecture_fans,high,30.603401715264514,walk,1.5855650387485551,0.2897310093382628,0.2736664265249064,0.09868190254559601,False,Sagrada Familia,41.40600462097998,2.1764228679262567,,0.2003999815061518,0.23558754534921542,0.16145267921665019,0.015936628736572266,0.015936628736572266,0.015936628736572266,0.015936628736572266,0.2591301352988323,0.015936628736572266,0.015936628736572266,0.015936628736572266,0.015936628736572266,0.015936628736572266
991,family_green,medium,19.688536449439834,taxi,8.23706635882558,0.6775460358337773,0.6500887913182472,0.9915000756032063,True,Sagrada Familia,41.40379314805612,2.1728084591177863,,0.01375225834981114,0.01375225834981114,0.01375225834981114,0.230517663870383,0.01375225834981114,0.01375225834981114,0.2467551517559563,0.01375225834981114,0.01375225834981114,0.01375225834981114,0.21440902223781808,0.18454783698754232,0.01375225834981114
992,food_local_markets,medium,24.583903317857157,transit,9.739121261952311,0.5605516539512743,0.4507479191484232,0.29207439768410176,False,El Raval,41.38838252113119,2.160774615675291,,0.01530630518610393,0.01530630518610393,0.01530630518610393,0.01530630518610393,0.26705824993902005,0.18035489854560557,0.01530630518610393,0.01530630518610393,0.2238160129965932,0.01530630518610393,0.01530630518610393,0.01530630518610393,0.19101409184384574
993,museum_culture,medium,18.47246349895256,transit,10.530148725569548,0.579520375102317,0.3490765023247976,0.20634591098249874,False,Dreta Eixample,41.39043688418911,2.1663912010266504,,0.179957615416414,0.017147298800405254,0.20539891630686002,0.017147298800405254,0.017147298800405254,0.017147298800405254,0.017147298800405254,0.017147298800405254,0.017147298800405254,0.017147298800405254,0.017147298800405254,0.2831558791192322,0.1771618999538466
994,museum_culture,medium,13.378459170256995,walk,3.2657088467129674,0.5478913507290333,0.25021064047235214,0.4490048391278635,False,Vila de Gracia,41.40853822883235,2.153770153107055,,0.1706953305196062,0.01661623912552179,0.19719568845622465,0.01661623912552179,0.01661623912552179,0.01661623912552179,0.01661623912552179,0.01661623912552179,0.01661623912552179,0.01661623912552179,0.01661623912552179,0.27733989820992566,0.20522293068454742
995,beach_nightlife,low,6.394576191366053,mixed,4.0326461456910945,0.28640748366369045,0.3499772607063369,0.5991042590323327,False,Gotic,41.38507072852774,2.1795117294900646,,0.014279569239862958,0.014279569239862958,0.014279569239862958,0.014279569239862958,0.014279569239862958,0.2475238249534584,0.1867526717392234,0.014279569239862958,0.2014099694487532,0.23579741069979837,0.014279569239862958,0.014279569239862958,0.014279569239862958
996,architecture_fans,high,34.381560525863726,transit,4.963945948504114,0.5665508508947491,0.48283672147279244,0.5941531583193762,True,La Barceloneta,41.37223762181818,2.185754512057856,,0.2196402757303418,0.22475402098523445,0.22687312936062828,0.01569622403706606,0.01569622403706606,0.01569622403706606,0.01569622403706606,0.18746655759020092,0.01569622403706606,0.01569622403706606,0.01569622403706606,0.01569622403706606,0.01569622403706606
997,beach_nightlife,medium,10.834452882200306,transit,11.699183411935635,0.2568435336209964,0.17019289169724058,0.7967804170014432,False,La Barceloneta,41.382908087683745,2.1912701207171756,,0.017077890060570585,0.017077890060570585,0.017077890060570585,0.017077890060570585,0.017077890060570585,0.17816497528233888,0.26526290222181403,0.017077890060570585,0.18610833026694146,0.21676278168377044,0.017077890060570585,0.017077890060570585,0.017077890060570585
998,family_green,high,42.84958479958212,mixed,8.841490860684484,0.6785245052530666,0.9119484938542568,0.8777486891496796,False,Vila de Gracia,41.40404424557367,2.1649409474045562,,0.01583051279293631,0.01583051279293631,0.01583051279293631,0.21296797983472693,0.01583051279293631,0.01583051279293631,0.23203967831674793,0.01583051279293631,0.01583051279293631,0.01583051279293631,0.16809595352063547,0.24442177319146297,0.01583051279293631
999,beach_nightlife,low,6.321893077741134,transit,11.670633903064218,0.2894075384425425,0.433199057993555,0.8776305458159505,False,La Barceloneta,41.381131273572485,2.188251584578275,,0.013266018873238621,0.013266018873238621,0.013266018873238621,0.013266018873238621,0.013266018873238621,0.23286837070416258,0.21177130091346894,0.013266018873238621,0.20105785482463817,0.23490830369858265,0.013266018873238621,0.013266018873238621,0.013266018873238621
1000,history_religion,low,7.20295467154785,transit,6.029192162587479,0.39548116555009627,0.5483954534240477,0.24235529658710067,False,Les Corts,41.381476762744136,2.128142738421794,,0.2544528802833769,0.20380876160826372,0.24432113443415285,0.015091624397131072,0.015091624397131072,0.015091624397131072,0.015091624397131072,0.015091624397131072,0.015091624397131072,0.015091624397131072,0.015091624397131072,0.015091624397131072,0.16159260410002685
1001,museum_culture,high,53.75058810760786,transit,5.586592797663291,0.6686670231384957,0.36625703003045296,0.40651056636950755,True,El Raval,41.377874205886236,2.1710910010602507,,0.16702776090308255,0.015591783195432914,0.23510055718750825,0.015591783195432914,0.015591783195432914,0.015591783195432914,0.015591783195432914,0.015591783195432914,0.015591783195432914,0.015591783195432914,0.015591783195432914,0.21226416900056966,0.24528146414994328
1002,architecture_fans,medium,21.832084475426363,transit,11.559936714705737,0.18360467713388007,0.484260002478184,0.4856182929650582,False,Dreta Eixample,41.39746397006128,2.16284049042899,,0.16635529337757018,0.2180941971686382,0.24065574914732826,0.015624621090364032,0.015624621090364032,0.015624621090364032,0.015624621090364032,0.234273170493187,0.015624621090364032,0.015624621090364032,0.015624621090364032,0.015624621090364032,0.015624621090364032
1003,beach_nightlife,medium,29.072338008222612,transit,9.720798270957344,0.2769735297340566,0.27206151877114665,0.46071977355512045,False,Sagrada Familia,41.400448249923386,2.1767631992899346,,0.013610450635539133,0.013610450635539133,0.013610450635539133,0.013610450635539133,0.013610450635539133,0.18361115188803329,0.21890878202779465,0.013610450635539133,0.23559581783314698,0.23939019253117289,0.013610450635539133,0.013610450635539133,0.013610450635539133
1004,museum_culture,medium,11.032123683524743,transit,8.586159236017751,0.6649167891039197,0.3318494913608534,0.6353059033850489,False,Dreta Eixample,41.390348268503544,2.1678815134251654,,0.23069740800287106,0.01444555457228923,0.22592008679475936,0.01444555457228923,0.01444555457228923,0.01444555457228923,0.01444555457228923,0.01444555457228923,0.01444555457228923,0.01444555457228923,0.01444555457228923,0.15810234958848926,0.2552701644632773
1005,history_religion,low,3.520111781208876,walk,1.6723195850898924,0.6719975423281386,0.4929003755026694,0.2631655485123134,False,Dreta Eixample,41.39314202140922,2.1647008693473486,,0.25759537202727817,0.20915665996494104,0.175124024353686,0.014413446009448464,0.014413446009448464,0.014413446009448464,0.014413446009448464,0.014413446009448464,0.014413446009448464,0.014413446009448464,0.014413446009448464,0.014413446009448464,0.22840292956905858
1006,architecture_fans,high,37.94378754826813,bike,7.40573007369335,0.18477409214524634,0.38420149635007905,0.27978240399969917,False,El Raval,41.37977893796663,2.170348030522607,,0.18112136425314057,0.20092786742711166,0.17928316562949126,0.017582435598249298,0.017582435598249298,0.017582435598249298,0.017582435598249298,0.2804256823060129,0.017582435598249298,0.017582435598249298,0.017582435598249298,0.017582435598249298,0.017582435598249298
1007,architecture_fans,medium,23.3991778949984,transit,9.745243292713381,0.6116314277703554,0.14010919756616422,0.23150200788988867,False,El Raval,41.381189007637275,2.170305387079886,,0.23573778356838282,0.24388654301990265,0.19140541583986154,0.014483493847923795,0.014483493847923795,0.014483493847923795,0.014483493847923795,0.1986188129405388,0.014483493847923795,0.014483493847923795,0.014483493847923795,0.014483493847923795,0.014483493847923795
1008,family_green,medium,25.699058762060382,transit,11.126145420285225,0.8116129594401311,0.7326197249270514,0.9376868572058703,False,El Raval,41.384219824122425,2.174312877855277,,0.015565520091879762,0.015565520091879762,0.015565520091879762,0.18849929687610734,0.015565520091879762,0.015565520091879762,0.20353038178662727,0.015565520091879762,0.015565520091879762,0.015565520091879762,0.2453107723225138,0.22256986818783375,0.015565520091879762
1009,history_religion,medium,8.460877115966863,walk,3.01989724818147,0.4557180470975329,0.2872285557497946,0.2879832318704471,False,El Raval,41.37502392948593,2.1666993817080225,,0.19024727939756655,0.20072895126054666,0.23348715894533706,0.017945549315427533,0.017945549315427533,0.017945549315427533,0.017945549315427533,0.017945549315427533,0.017945549315427533,0.017945549315427533,0.017945549315427533,0.017945549315427533,0.2140266665577019
1010,history_religion,medium,18.815165873840016,transit,5.065126136093016,0.38240557533582,0.40130575961124215,0.28372673921071173,False,El Raval,41.38592428667284,2.1669015664005538,,0.233270217370001,0.17744689362964594,0.2808972736974188,0.016204737708855315,0.016204737708855315,0.016204737708855315,0.016204737708855315,0.016204737708855315,0.016204737708855315,0.016204737708855315,0.016204737708855315,0.016204737708855315,0.16254297592323647
1011,museum_culture,medium,16.279494961735335,mixed,6.221378085750667,0.5138420793538551,0.3946933533788478,0.25828824799835526,False,Sagrada Familia,41.40303203468938,2.1698808759236754,,0.19495456053375534,0.01413662498607964,0.25308236073351986,0.01413662498607964,0.01413662498607964,0.01413662498607964,0.01413662498607964,0.01413662498607964,0.01413662498607964,0.01413662498607964,0.01413662498607964,0.19407454219497505,0.230658911663033
1012,museum_culture,medium,24.10523401075642,taxi,10.641501282743006,0.7605830057154809,0.6910989435947476,0.3978849461514343,False,Vila de Gracia,41.39537966373416,2.156289513966108,,0.2179659067842887,0.01380355589853027,0.22771696670560387,0.01380355589853027,0.01380355589853027,0.01380355589853027,0.01380355589853027,0.01380355589853027,0.01380355589853027,0.01380355589853027,0.01380355589853027,0.1951115945911962,0.23497352883213884
1013,food_local_markets,low,6.263691832736142,transit,9.24476347786876,0.5170759597738737,0.7020614468745555,0.37392564730100014,False,Sagrada Familia,41.395942496029996,2.168944065892086,,0.015392119995130961,0.015392119995130961,0.015392119995130961,0.015392119995130961,0.24830819839567048,0.1918142448052821,0.015392119995130961,0.015392119995130961,0.2497521084311437,0.015392119995130961,0.015392119995130961,0.015392119995130961,0.1715963684117251
1014,family_green,high,42.18444543071406,transit,9.895880463077033,0.7302407841168296,0.7589376604544754,0.9056171685936465,False,Poblenou,41.40123202604829,2.2085342396923036,,0.014320141952696982,0.014320141952696982,0.014320141952696982,0.2509968274435911,0.014320141952696982,0.014320141952696982,0.24039510055732155,0.014320141952696982,0.014320141952696982,0.014320141952696982,0.18721742593861404,0.19250936848620046,0.014320141952696982
1015,museum_culture,medium,25.258335212620405,transit,11.12231680557503,0.4597188414785159,0.5651325767065226,0.48269195991199354,False,El Raval,41.37405259492929,2.16529550302568,,0.16387172017624163,0.014967884595633727,0.26678088394890465,0.014967884595633727,0.014967884595633727,0.014967884595633727,0.014967884595633727,0.014967884595633727,0.014967884595633727,0.014967884595633727,0.014967884595633727,0.23760640617751116,0.19703002833663893
1016,family_green,low,4.3597178988944805,transit,5.247845899800405,0.521567483204877,0.400362756162879,0.6370692531764902,False,El Raval,41.385083275847954,2.1669256286696994,,0.014209602162609232,0.014209602162609232,0.014209602162609232,0.2039403504143586,0.014209602162609232,0.014209602162609232,0.19681425647230072,0.014209602162609232,0.014209602162609232,0.014209602162609232,0.24476303028157004,0.2265959433682876,0.014209602162609232
1017,architecture_fans,low,9.403695204157547,walk,2.2429358388072687,0.5327792961871493,0.15617733079823176,0.14281224631964193,False,Poblenou,41.39434812281199,2.205768793762426,,0.25310943796831437,0.22039148890479107,0.17341647560529225,0.016761044713049247,0.016761044713049247,0.016761044713049247,0.016761044713049247,0.20223319510415913,0.016761044713049247,0.016761044713049247,0.016761044713049247,0.016761044713049247,0.016761044713049247
1018,beach_nightlife,low,5.144313068916723,bike,7.456574684954287,0.10956995269179218,0.3056926059527663,0.7059453626932719,False,Vila de Gracia,41.398271586222116,2.164206345112158,,0.014743940964624825,0.014743940964624825,0.014743940964624825,0.014743940964624825,0.014743940964624825,0.23677328557678437,0.2537564355289022,0.014743940964624825,0.2246596291802819,0.15211518103240812,0.014743940964624825,0.014743940964624825,0.014743940964624825
1019,beach_nightlife,medium,7.595101421113745,walk,3.2916235430878458,0.38800491107705437,0.3654095699362668,0.8945435695013318,False,Dreta Eixample,41.404609303615,2.155064716088702,,0.015676891202147433,0.015676891202147433,0.015676891202147433,0.015676891202147433,0.015676891202147433,0.18064899335555826,0.2564033763348403,0.015676891202147433,0.20776714419708373,0.21408846529319084,0.015676891202147433,0.015676891202147433,0.015676891202147433
1020,beach_nightlife,low,5.566678479307511,transit,7.91083059209794,0.19202114389920735,0.4574565886512971,0.7472831804765183,False,Montjuic,41.376089434455594,2.1545219547989363,,0.015109150431054527,0.015109150431054527,0.015109150431054527,0.015109150431054527,0.015109150431054527,0.22773146255490412,0.20145228897317674,0.015109150431054527,0.24144631451622378,0.1933875800762046,0.015109150431054527,0.015109150431054527,0.015109150431054527
1021,beach_nightlife,low,5.650969090540853,bike,4.719512862332227,0.33160060515027695,0.43986527457015084,0.9383609541770144,False,Sant Andreu,41.43549352601245,2.1969472464677753,,0.014890371724402813,0.014890371724402813,0.014890371724402813,0.014890371724402813,0.014890371724402813,0.25786149886294896,0.20009017038583435,0.014890371724402813,0.21479905150693213,0.19323593372465922,0.014890371724402813,0.014890371724402813,0.014890371724402813
1022,museum_culture,medium,28.9560055408075,mixed,3.7445159823468464,0.7934309645560262,0.6212391312774463,0.701075898148954,False,Les Corts,41.388350304041566,2.1281884897949266,,0.24976645275960482,0.015078403105208095,0.16455286974066238,0.015078403105208095,0.015078403105208095,0.015078403105208095,0.015078403105208095,0.015078403105208095,0.015078403105208095,0.015078403105208095,0.015078403105208095,0.18796065795953315,0.2620143915933269
1023,museum_culture,high,21.816371648737555,taxi,10.597201293464593,0.4721366956761349,0.4002376094003852,0.3389672587888324,False,Gotic,41.386123456836394,2.174354562731295,,0.19694890866046277,0.01627843740544791,0.24742939738020536,0.01627843740544791,0.01627843740544791,0.01627843740544791,0.01627843740544791,0.01627843740544791,0.01627843740544791,0.01627843740544791,0.01627843740544791,0.23505266123964463,0.17406309607065598
1024,history_religion,high,43.4844526646914,transit,7.94065031329334,0.45578290354421813,0.7898755359502538,0.3809104010140941,False,Sant Andreu,41.430678447285395,2.1924599633259754,,0.18689164752749027,0.24274450231001463,0.2198444002233239,0.01460894152227469,0.01460894152227469,0.01460894152227469,0.01460894152227469,0.01460894152227469,0.01460894152227469,0.01460894152227469,0.01460894152227469,0.01460894152227469,0.21903897623869903
1025,history_religion,low,7.94528818113709,walk,1.9320494345586854,0.40422548248253903,0.6776214949262536,0.3314078477249162,False,El Raval,41.38652286578648,2.1718780418228754,,0.22362946418764582,0.16406534512735454,0.2418391926085715,0.014231610340617037,0.014231610340617037,0.014231610340617037,0.014231610340617037,0.014231610340617037,0.014231610340617037,0.014231610340617037,0.014231610340617037,0.014231610340617037,0.24238150501087477
1026,food_local_markets,low,10.816270857747385,walk,1.7811986405236528,0.5456113198193913,0.6619524560772494,0.6361378876424475,False,Sagrada Familia,41.39884024706552,2.1682186508628636,,0.01514360933775143,0.01514360933775143,0.01514360933775143,0.01514360933775143,0.19210871642555927,0.19906527267258495,0.01514360933775143,0.01514360933775143,0.22829844659567514,0.01514360933775143,0.01514360933775143,0.01514360933775143,0.24423508026641774
1027,food_local_markets,medium,19.128964753394833,walk,2.375213539907674,0.32685411695038363,0.879715489060618,0.5452284228051931,True,Sagrada Familia,41.40551440694699,2.1724929880539947,,0.014572253380809948,0.014572253380809948,0.014572253380809948,0.014572253380809948,0.20098282972374157,0.25788185959746146,0.014572253380809948,0.014572253380809948,0.1882168657988038,0.014572253380809948,0.014572253380809948,0.014572253380809948,0.2217681644527037
1028,history_religion,medium,14.94647193507678,transit,5.235171516271559,0.8467039771917464,0.5247851060065144,0.6338533105572619,True,Dreta Eixample,41.38934658695425,2.168104425579499,,0.28084484703527646,0.20172724055287497,0.18029588420994763,0.01593215658486468,0.01593215658486468,0.01593215658486468,0.01593215658486468,0.01593215658486468,0.01593215658486468,0.01593215658486468,0.01593215658486468,0.01593215658486468,0.19374261893811887
1029,beach_nightlife,high,26.177899706462476,transit,5.3700086849633575,0.15887542791084922,0.246618326049018,0.8670125110938807,False,Sagrada Familia,41.41116231011114,2.170894849547962,,0.016974978168050346,0.016974978168050346,0.016974978168050346,0.016974978168050346,0.016974978168050346,0.19631395688837378,0.21565391235079223,0.016974978168050346,0.21662984366406732,0.2186274835843136,0.016974978168050346,0.016974978168050346,0.016974978168050346
1030,beach_nightlife,low,9.767108261302475,mixed,5.948305415560068,0.4529727456385802,0.0946021932914332,0.8659543806819806,True,Sagrada Familia,41.4012027167567,2.1711995796521695,,0.015892376048521346,0.015892376048521346,0.015892376048521346,0.015892376048521346,0.015892376048521346,0.1673557059714321,0.19663125870094209,0.015892376048521346,0.26762024819407654,0.22536140269685714,0.015892376048521346,0.015892376048521346,0.015892376048521346
1031,museum_culture,medium,18.413492776624103,transit,10.918108054331896,0.8837941982801474,0.4051897691164045,0.34787222264668016,False,La Barceloneta,41.37688529814215,2.188769843061123,,0.20470507454164913,0.01637580635642029,0.18002151618581796,0.01637580635642029,0.01637580635642029,0.01637580635642029,0.01637580635642029,0.01637580635642029,0.01637580635642029,0.01637580635642029,0.01637580635642029,0.19980414271209823,0.2680870093526521
1032,beach_nightlife,medium,18.762359412244308,bike,7.238285826704176,0.5020171253337106,0.5646866375114696,0.6653764434177714,False,Vila de Gracia,41.39984795937341,2.158350500645321,,0.01723224920642189,0.01723224920642189,0.01723224920642189,0.01723224920642189,0.01723224920642189,0.17294939433344594,0.28416342880545875,0.01723224920642189,0.18963835444287178,0.19815857956042646,0.01723224920642189,0.01723224920642189,0.01723224920642189
1033,food_local_markets,low,6.206701446751348,walk,1.4478627634574799,0.545084298690899,0.6984619074710245,0.4700318612849602,False,Sarria,41.39433656976438,2.1168124730137245,,0.013604055394974604,0.013604055394974604,0.013604055394974604,0.013604055394974604,0.23749887620510218,0.20981359535767474,0.013604055394974604,0.013604055394974604,0.19182077846051135,0.013604055394974604,0.013604055394974604,0.013604055394974604,0.2384302514219403
1034,beach_nightlife,medium,4.369806583276116,transit,11.669231927771678,0.4930280996490152,0.19365820315224153,0.6060462892972577,False,Vila de Gracia,41.40831667075485,2.1510126320392637,,0.014116621504656516,0.014116621504656516,0.014116621504656516,0.014116621504656516,0.014116621504656516,0.24218529118756216,0.24162260058392085,0.014116621504656516,0.19681020637918065,0.19233230830742773,0.014116621504656516,0.014116621504656516,0.014116621504656516
1035,architecture_fans,high,40.48354182776186,taxi,10.09703380357615,0.37319832469740927,0.40284221810451537,0.2423986580325088,False,Sagrada Familia,41.40073889568521,2.1708815028504835,,0.2258987507565638,0.2045448358780114,0.17929680346856908,0.015281951449192876,0.015281951449192876,0.015281951449192876,0.015281951449192876,0.25272204685411986,0.015281951449192876,0.015281951449192876,0.015281951449192876,0.015281951449192876,0.015281951449192876
1036,museum_culture,high,32.07944051986819,walk,2.2180566058569324,0.8392181963281435,0.3934434305821606,0.3842010797888311,False,Vila de Gracia,41.40424761262983,2.161450907926135,,0.19651525001808456,0.014215340671996961,0.20940487837493466,0.014215340671996961,0.014215340671996961,0.014215340671996961,0.014215340671996961,0.014215340671996961,0.014215340671996961,0.014215340671996961,0.014215340671996961,0.21834962251216658,0.24779218304684159
1037,family_green,medium,19.51614900280744,transit,7.248749442688257,0.7809104548427485,0.7944172204392188,0.9614955212520151,True,Gotic,41.38993848446169,2.176027412515872,,0.01414391370490096,0.01414391370490096,0.01414391370490096,0.25208222281315346,0.01414391370490096,0.01414391370490096,0.238918618977244,0.01414391370490096,0.01414391370490096,0.01414391370490096,0.1834163823830838,0.1982875524824101,0.01414391370490096
1038,beach_nightlife,low,6.523560461674807,transit,7.274174910942114,0.21737150009339995,0.2221316195350737,0.582253179158123,False,Poblenou,41.39836687093897,2.2029533593899986,,0.017549853070278003,0.017549853070278003,0.017549853070278003,0.017549853070278003,0.017549853070278003,0.21206835697211707,0.20257214144760682,0.017549853070278003,0.193354756959638,0.23405606698813608,0.017549853070278003,0.017549853070278003,0.017549853070278003
1039,history_religion,high,46.308713816356935,mixed,5.4316759731087245,0.5767568844207317,0.2616565910561666,0.7217057024132169,False,Gotic,41.3774361543323,2.1752390239405854,,0.23851438965140262,0.20521748882400684,0.24383954601350952,0.01497971733899428,0.01497971733899428,0.01497971733899428,0.01497971733899428,0.01497971733899428,0.01497971733899428,0.01497971733899428,0.01497971733899428,0.01497971733899428,0.17761111946013253
1040,architecture_fans,medium,24.617589670900077,transit,6.8042425078491515,0.7932791087824917,0.6695455909458976,0.1898158827095713,True,Poblenou,41.40288878654443,2.1985244063066487,,0.20381503262278297,0.24962319171223155,0.23639759944596075,0.014388668600978472,0.014388668600978472,0.014388668600978472,0.014388668600978472,0.18066615881021847,0.014388668600978472,0.014388668600978472,0.014388668600978472,0.014388668600978472,0.014388668600978472
1041,family_green,medium,19.264760071797784,transit,5.381455164975547,0.9391130114330961,0.5107194218915074,0.9518352521508079,True,Gotic,41.38841616533306,2.1717747401639085,,0.015594311271314684,0.015594311271314684,0.015594311271314684,0.19956223714927274,0.015594311271314684,0.015594311271314684,0.21384578707229848,0.015594311271314684,0.015594311271314684,0.015594311271314684,0.2283939272050766,0.21784924713152007,0.015594311271314684
1042,architecture_fans,medium,16.97905127581512,walk,2.819645376669545,0.5805159323601008,0.5658464442345617,0.5004538255841413,False,Vila de Gracia,41.405441245929346,2.162861561586648,,0.2292068174455366,0.23491614465781682,0.22461431646847935,0.013414009740188856,0.013414009740188856,0.013414009740188856,0.013414009740188856,0.19053663376646754,0.013414009740188856,0.013414009740188856,0.013414009740188856,0.013414009740188856,0.013414009740188856
1043,beach_nightlife,medium,18.512029824330526,mixed,7.550425151758288,0.2688986919682265,0.48334549151843786,0.7125209347757739,False,Poblenou,41.400369876200756,2.203202226451333,,0.014864756911191055,0.014864756911191055,0.014864756911191055,0.014864756911191055,0.014864756911191055,0.1685309509620014,0.2572645730975728,0.014864756911191055,0.23580028660352287,0.20462137713618342,0.014864756911191055,0.014864756911191055,0.014864756911191055
1044,architecture_fans,low,3.357254214919085,transit,6.86463458879882,0.3901080303632703,0.25235796265607213,0.34895002686816246,False,Sagrada Familia,41.404005213745116,2.1771447907354404,,0.18330897769777565,0.2608941068668022,0.24398348782547413,0.015833621042509776,0.015833621042509776,0.015833621042509776,0.015833621042509776,0.16931083822735998,0.015833621042509776,0.015833621042509776,0.015833621042509776,0.015833621042509776,0.015833621042509776
1045,history_religion,low,6.333283119533027,transit,8.329469505437832,0.32409960404719823,0.44284199752217807,0.43120418577212355,False,Sagrada Familia,41.406171590919286,2.17233382879755,,0.24353834807123467,0.25506144660326796,0.2124196384307039,0.015147436743119263,0.015147436743119263,0.015147436743119263,0.015147436743119263,0.015147436743119263,0.015147436743119263,0.015147436743119263,0.015147436743119263,0.015147436743119263,0.15265363620672004
1046,family_green,low,10.402168612436371,bike,4.223932065772081,0.8556005406782671,0.9767716392966989,0.9600469188324747,True,Sagrada Familia,41.40137060720067,2.175596940095568,,0.016356389826373503,0.016356389826373503,0.016356389826373503,0.22740130287249302,0.016356389826373503,0.016356389826373503,0.18888127214885908,0.016356389826373503,0.016356389826373503,0.016356389826373503,0.16912911730807484,0.26738079923321156,0.016356389826373503
1047,museum_culture,medium,25.835086862987836,taxi,13.926483584010258,0.6076205696153505,0.6720949057156842,0.13353254628745634,False,Poblenou,41.40334473713387,2.2065884194882934,,0.2535370631953894,0.01499878797510437,0.17036867410163425,0.01499878797510437,0.01499878797510437,0.01499878797510437,0.01499878797510437,0.01499878797510437,0.01499878797510437,0.01499878797510437,0.01499878797510437,0.26768513882880374,0.17342003209823326
1048,food_local_markets,medium,24.495154315247547,transit,8.946905356791211,0.45239191330691314,0.6059992164221649,0.6769327599550183,True,El Raval,41.376213782795105,2.170122957608585,,0.014573335281058341,0.014573335281058341,0.014573335281058341,0.014573335281058341,0.24748882715596127,0.23731374441810213,0.014573335281058341,0.014573335281058341,0.17983038999790218,0.014573335281058341,0.014573335281058341,0.014573335281058341,0.20420702089850934
1049,history_religion,medium,23.463436665307395,transit,7.395220155438545,0.7497109687675434,0.6044124531554723,0.44250840490463805,False,Dreta Eixample,41.39194356879702,2.1717502036939025,,0.1956135944872712,0.2785183089344196,0.1840843881958764,0.015627975908859275,0.015627975908859275,0.015627975908859275,0.015627975908859275,0.015627975908859275,0.015627975908859275,0.015627975908859275,0.015627975908859275,0.015627975908859275,0.2011319252026993
1050,architecture_fans,low,8.746832013017814,transit,10.677113665572543,0.28699421236986167,0.3335462835533814,0.35783554157226777,False,Vila de Gracia,41.39618834019811,2.154186661673757,,0.24716997756035705,0.19893002344650776,0.22690352050580112,0.014392119027432482,0.014392119027432482,0.014392119027432482,0.014392119027432482,0.1974674072404418,0.014392119027432482,0.014392119027432482,0.014392119027432482,0.014392119027432482,0.014392119027432482
1051,family_green,medium,19.847590101346505,transit,10.176699050711225,0.5298582926146828,0.7601020342850313,0.6226794325194653,True,Gotic,41.38292115758323,2.1704189701258505,,0.013903091116778439,0.013903091116778439,0.013903091116778439,0.18292447067028847,0.013903091116778439,0.013903091116778439,0.2489197930972172,0.013903091116778439,0.013903091116778439,0.013903091116778439,0.2061255554573181,0.23690236072417023,0.013903091116778439
1052,beach_nightlife,low,3.427085225351018,walk,1.794984917157139,0.23032604685982608,0.22541219889475952,0.8571734509926358,False,Montjuic,41.37299201018028,2.1488748491041876,,0.014540439117262221,0.014540439117262221,0.014540439117262221,0.014540439117262221,0.014540439117262221,0.16329195899659002,0.24512877885606285,0.014540439117262221,0.23325344271295406,0.2274618673790331,0.014540439117262221,0.014540439117262221,0.014540439117262221
1053,family_green,low,5.540402490120454,transit,10.159828796955615,0.7215028600077272,0.6186091312333722,0.8518417081339201,True,Poblenou,41.39897402455907,2.204006533960246,,0.014746189869262339,0.014746189869262339,0.014746189869262339,0.21711511037041153,0.014746189869262339,0.014746189869262339,0.21012434035438166,0.014746189869262339,0.014746189869262339,0.014746189869262339,0.18722075894697113,0.25282408150487456,0.014746189869262339
1054,family_green,medium,11.812840881178852,walk,2.4732101482432767,0.5826245603484348,0.5575652795137912,0.898524168804896,True,Poblenou,41.407418475213916,2.203404737840426,,0.014822712276584552,0.014822712276584552,0.014822712276584552,0.26000053324438566,0.014822712276584552,0.014822712276584552,0.16095914137234402,0.014822712276584552,0.014822712276584552,0.014822712276584552,0.23329597668118907,0.21233993821282027,0.014822712276584552
1055,history_religion,high,27.15206081106885,walk,2.975665692018387,0.6697662870987601,0.48427680521163596,0.5144893714992187,False,Vila de Gracia,41.40817606940246,2.1578831716031512,,0.26471453227177383,0.24664702481408005,0.15327885764434773,0.014904157691224737,0.014904157691224737,0.014904157691224737,0.014904157691224737,0.014904157691224737,0.014904157691224737,0.014904157691224737,0.014904157691224737,0.014904157691224737,0.20122216604877574
1056,architecture_fans,medium,19.474443822694504,transit,11.75901249488123,0.18990976284357927,0.5140503712433784,0.5131954656582521,False,Dreta Eixample,41.3957500362796,2.1652186232695394,,0.25704980708151187,0.17454682304263153,0.16595299779663897,0.015754839334582993,0.015754839334582993,0.015754839334582993,0.015754839334582993,0.2606568180679707,0.015754839334582993,0.015754839334582993,0.015754839334582993,0.015754839334582993,0.015754839334582993
1057,beach_nightlife,medium,15.62567150248745,walk,3.066305775846917,0.34676245103025266,0.37019982432521614,0.7837340982869425,False,Les Corts,41.385144212478394,2.123237880629078,,0.0169994350369721,0.0169994350369721,0.0169994350369721,0.0169994350369721,0.0169994350369721,0.2327010700457536,0.20470339889784597,0.0169994350369721,0.2013891105022678,0.20821150522138368,0.0169994350369721,0.0169994350369721,0.0169994350369721
1058,food_local_markets,low,7.798125805644668,walk,2.022007717646123,0.7897547551116246,0.6443729878042421,0.7590858236962643,False,Dreta Eixample,41.396970678383155,2.175592304398002,,0.015249628711810664,0.015249628711810664,0.015249628711810664,0.015249628711810664,0.1678531990853128,0.15767095687616361,0.015249628711810664,0.015249628711810664,0.2630402392959385,0.015249628711810664,0.015249628711810664,0.015249628711810664,0.2741889463362891
1059,history_religion,low,7.383876136340682,bike,3.588597333067232,0.566799598137229,0.451829067891001,0.33179645799121416,False,Dreta Eixample,41.38690891297439,2.166809442729093,,0.25052774491489643,0.19876734489149034,0.2276048734793128,0.015362510993712917,0.015362510993712917,0.015362510993712917,0.015362510993712917,0.015362510993712917,0.015362510993712917,0.015362510993712917,0.015362510993712917,0.015362510993712917,0.1848374377708842
1060,beach_nightlife,high,21.601086872089986,transit,9.41556842940244,0.21375012270215096,0.4151754226212366,0.8127262816951644,False,Gotic,41.38552632694071,2.173041868411288,,0.015273525536301881,0.015273525536301881,0.015273525536301881,0.015273525536301881,0.015273525536301881,0.1946021439635921,0.27194226895032597,0.015273525536301881,0.2052586424659366,0.19073521479342828,0.015273525536301881,0.015273525536301881,0.015273525536301881
1061,architecture_fans,medium,14.869962426572384,walk,1.753116089211382,0.5111228947288723,0.6329200450873026,0.2767720299295682,False,El Raval,41.37814999566813,2.1660731251952043,,0.20781139491827996,0.23692381938995002,0.23607059143398038,0.014752469384495238,0.014752469384495238,0.014752469384495238,0.014752469384495238,0.18642196979733247,0.014752469384495238,0.014752469384495238,0.014752469384495238,0.014752469384495238,0.014752469384495238
1062,history_religion,low,4.569444508400975,walk,2.961133778692371,0.26340480893960516,0.47544531723163924,0.3167678857681059,False,El Raval,41.379169296746575,2.1685807071178025,,0.2099452089027916,0.26334362403502287,0.22020350443686126,0.01578391804578607,0.01578391804578607,0.01578391804578607,0.01578391804578607,0.01578391804578607,0.01578391804578607,0.01578391804578607,0.01578391804578607,0.01578391804578607,0.16445240021324956
1063,architecture_fans,low,11.698832250563674,mixed,3.6520011142995554,0.29986845240244114,0.2269287280275388,0.5943118530651386,False,Poblenou,41.406530979171045,2.1996596831790325,,0.184237452445905,0.2478109424716964,0.24727474031260022,0.016869634160676387,0.016869634160676387,0.016869634160676387,0.016869634160676387,0.16885015732371084,0.016869634160676387,0.016869634160676387,0.016869634160676387,0.016869634160676387,0.016869634160676387
1064,museum_culture,high,46.92658157259501,transit,9.299836052994877,0.8616022004918634,0.39409079549014725,0.5021098965870207,True,Gotic,41.38797499718575,2.173696333549042,,0.2547891235885215,0.014536714316055676,0.20069700678034397,0.014536714316055676,0.014536714316055676,0.014536714316055676,0.014536714316055676,0.014536714316055676,0.014536714316055676,0.014536714316055676,0.014536714316055676,0.2370000392857475,0.17668340150088596
1065,architecture_fans,medium,14.929810670070838,mixed,6.553111272781528,0.6055905759108877,0.42495516859275223,0.2934055777557334,False,Poblenou,41.40536578518693,2.20611534861001,,0.1744602358344871,0.24436196983584485,0.22659396451497021,0.01469596242130327,0.01469596242130327,0.01469596242130327,0.01469596242130327,0.22232016802296847,0.01469596242130327,0.01469596242130327,0.01469596242130327,0.01469596242130327,0.01469596242130327
1066,food_local_markets,medium,20.39892857573605,walk,1.5627957786025934,0.592502084822159,0.26019987913321624,0.858899653006243,False,Montjuic,41.37269292080663,2.1564898144553313,,0.015001349391934652,0.015001349391934652,0.015001349391934652,0.015001349391934652,0.21340254630419503,0.2602247707711146,0.015001349391934652,0.015001349391934652,0.1978902820785364,0.015001349391934652,0.015001349391934652,0.015001349391934652,0.19347025631874207
1067,history_religion,low,8.41365072171592,walk,2.342206930559001,0.46433336520282076,0.1495783655367569,0.3762348121297931,False,Vila de Gracia,41.40762448982223,2.165183292009625,,0.24400332712231468,0.24113336040063882,0.22482940391754075,0.014077478000644236,0.014077478000644236,0.014077478000644236,0.014077478000644236,0.014077478000644236,0.014077478000644236,0.014077478000644236,0.014077478000644236,0.014077478000644236,0.1633366065537077
1068,food_local_markets,medium,19.718557046459303,transit,8.590097986170496,0.43879516377175026,0.22860503476040744,0.3860703312290194,False,Dreta Eixample,41.39152704037946,2.159460614728945,,0.014645270319830348,0.014645270319830348,0.014645270319830348,0.014645270319830348,0.23952681587334312,0.21503093606994628,0.014645270319830348,0.014645270319830348,0.24232874380636232,0.014645270319830348,0.014645270319830348,0.014645270319830348,0.17130607137187515
1069,history_religion,low,6.286131674313051,walk,3.034577477437998,0.4817820094198643,0.18490661234723793,0.4243162116307554,False,Poblenou,41.40033899709615,2.204459539206535,,0.2591900087921867,0.16973536709592607,0.20658308233723152,0.014604531298304942,0.014604531298304942,0.014604531298304942,0.014604531298304942,0.014604531298304942,0.014604531298304942,0.014604531298304942,0.014604531298304942,0.014604531298304942,0.23305076008991127
1070,history_religion,medium,22.468454221628633,transit,5.437522376930112,0.3550693321559584,0.495938831079147,0.5702046931915576,False,La Barceloneta,41.37912413574036,2.1897815539565215,,0.17048110275302292,0.173935263081433,0.2560956807235632,0.015450739975258223,0.015450739975258223,0.015450739975258223,0.015450739975258223,0.015450739975258223,0.015450739975258223,0.015450739975258223,0.015450739975258223,0.015450739975258223,0.2604312936646569
1071,architecture_fans,medium,11.919046114032174,walk,3.152264424461594,0.3832457838482434,0.3422819982261871,0.10715384473528047,False,Montjuic,41.37009607599543,2.151099285866001,,0.20104353878695422,0.1726090301383034,0.23783475633425286,0.01494618726857115,0.01494618726857115,0.01494618726857115,0.01494618726857115,0.2539969893233492,0.01494618726857115,0.01494618726857115,0.01494618726857115,0.01494618726857115,0.01494618726857115
1072,history_religion,high,37.57558349073047,transit,9.630212911813311,0.4637176439951404,0.5666962135442569,0.4979951559882717,False,Gotic,41.38251083638269,2.1744338841012323,,0.21175952955216104,0.2503389975411731,0.19004031410346126,0.015239233631513206,0.015239233631513206,0.015239233631513206,0.015239233631513206,0.015239233631513206,0.015239233631513206,0.015239233631513206,0.015239233631513206,0.015239233631513206,0.21070805611958573
1073,museum_culture,medium,22.64439641920154,mixed,4.7502347277846715,0.5449135795337673,0.6676083002909361,0.3500408633712524,True,Gotic,41.3872083037871,2.171522356853979,,0.20894709627755542,0.015784048393464374,0.25115560407633186,0.015784048393464374,0.015784048393464374,0.015784048393464374,0.015784048393464374,0.015784048393464374,0.015784048393464374,0.015784048393464374,0.015784048393464374,0.23912924745354788,0.1587116166513854
1074,family_green,high,33.95607089475287,mixed,6.164410540674999,0.42894032514919644,0.5005219673389393,0.8289645844956499,True,El Raval,41.37815831041395,2.1656790553512724,,0.01647468669190225,0.01647468669190225,0.01647468669190225,0.2829454039803051,0.01647468669190225,0.01647468669190225,0.1778483215792836,0.01647468669190225,0.01647468669190225,0.01647468669190225,0.2054481473865015,0.18548594682678962,0.01647468669190225
1075,food_local_markets,medium,13.839274580083616,walk,2.1666785830029345,0.3737232191267339,0.831063770655888,0.6164529600910761,False,Vila de Gracia,41.39503488923367,2.1531682360120814,,0.01816553149822122,0.01816553149822122,0.01816553149822122,0.01816553149822122,0.21719245926572084,0.20688498680972495,0.01816553149822122,0.01816553149822122,0.22079488853871723,0.01816553149822122,0.01816553149822122,0.01816553149822122,0.19163788190184597
1076,museum_culture,medium,9.007836053711577,transit,7.04328971231954,0.5552649591188135,0.35977262290635725,0.36142765901735013,True,Sagrada Familia,41.40705702965874,2.1822570585468704,,0.1747124228664514,0.014645956657522153,0.26294925951334724,0.014645956657522153,0.014645956657522153,0.014645956657522153,0.014645956657522153,0.014645956657522153,0.014645956657522153,0.014645956657522153,0.014645956657522153,0.19711426613178068,0.23341044157072127
1077,history_religion,medium,13.963576125185837,transit,7.310859239987513,0.26634236242769316,0.8042349804620023,0.1661265180576276,False,El Raval,41.39249039302488,2.1694492979276103,,0.2373430486830143,0.1941522893377275,0.1831202572471251,0.015682095827734104,0.015682095827734104,0.015682095827734104,0.015682095827734104,0.015682095827734104,0.015682095827734104,0.015682095827734104,0.015682095827734104,0.015682095827734104,0.2442455422825261
1078,food_local_markets,low,5.809619282543819,transit,7.650402187021578,0.5706501648321645,0.6131924472003384,0.6110868986020238,False,Poblenou,41.403215230597205,2.2027146431762294,,0.015951231676434502,0.015951231676434502,0.015951231676434502,0.015951231676434502,0.16958437685284403,0.21881502993191876,0.015951231676434502,0.015951231676434502,0.2277214429181944,0.015951231676434502,0.015951231676434502,0.015951231676434502,0.24031806520913235
1079,architecture_fans,medium,20.599158214118308,transit,5.106035657833157,0.7210188020613288,0.39520382883194666,0.5010279919918217,False,Les Corts,41.39220536139486,2.1344240417557336,,0.22695537240556818,0.20037477547971203,0.21836196565755173,0.014979733951487847,0.014979733951487847,0.014979733951487847,0.014979733951487847,0.21949028089377745,0.014979733951487847,0.014979733951487847,0.014979733951487847,0.014979733951487847,0.014979733951487847
1080,food_local_markets,high,27.997944286942186,bike,5.783466165222672,0.7407922328311444,0.8388568153626176,0.4974877703889727,False,Sagrada Familia,41.409226017898256,2.16872187543527,,0.014477427894155086,0.014477427894155086,0.014477427894155086,0.014477427894155086,0.22996878901525555,0.19947646900524013,0.014477427894155086,0.014477427894155086,0.2374124239804669,0.014477427894155086,0.014477427894155086,0.014477427894155086,0.20284546695164168
1081,beach_nightlife,low,6.853025454054633,transit,7.242663154703591,0.06332341023390474,0.2652408758067446,0.4394835631388659,False,Montjuic,41.36752825446324,2.15079061921832,,0.014183610073657732,0.014183610073657732,0.014183610073657732,0.014183610073657732,0.014183610073657732,0.1680753558071148,0.24185478817508543,0.014183610073657732,0.23935002944974507,0.2230673359051352,0.014183610073657732,0.014183610073657732,0.014183610073657732
1082,family_green,high,45.99942117346147,walk,2.8977200954034803,0.43066518071800436,0.4890306732859,0.90934983552424,True,Sarria,41.395760575823424,2.120171226443419,,0.015734273378257547,0.015734273378257547,0.015734273378257547,0.18178853763711517,0.015734273378257547,0.015734273378257547,0.22599601562805666,0.015734273378257547,0.015734273378257547,0.015734273378257547,0.24678886733512037,0.20381811899538993,0.015734273378257547
1083,architecture_fans,medium,20.837348069982408,transit,6.561441948443313,0.2827255411860938,0.5418872320042653,0.35235952720712505,False,Dreta Eixample,41.39027809395538,2.1646024426799895,,0.23664694232905817,0.2209727933072489,0.19978172535582392,0.015114639775340373,0.015114639775340373,0.015114639775340373,0.015114639775340373,0.20656678102980564,0.015114639775340373,0.015114639775340373,0.015114639775340373,0.015114639775340373,0.015114639775340373
1084,museum_culture,medium,13.888963467876168,bike,5.2363884713669275,0.6500188519274612,0.5815534854541781,0.3680363550084858,False,Gotic,41.38795031374874,2.1695553564572485,,0.23519948360310008,0.013859849672840449,0.22614150989292764,0.013859849672840449,0.013859849672840449,0.013859849672840449,0.013859849672840449,0.013859849672840449,0.013859849672840449,0.013859849672840449,0.013859849672840449,0.23187168794382587,0.18204867150458232
1085,family_green,medium,8.912191380455209,walk,1.4884177434293135,0.8651885677697011,0.7776777917928428,0.9047071324119672,False,Sant Andreu,41.43329923275186,2.186574698191601,,0.015443218367703558,0.015443218367703558,0.015443218367703558,0.26715943669807346,0.015443218367703558,0.015443218367703558,0.23920102485819597,0.015443218367703558,0.015443218367703558,0.015443218367703558,0.19736532991700337,0.15728524321739515,0.015443218367703558
1086,architecture_fans,medium,19.206631225033057,transit,9.3224506912195,0.3548569338637328,0.6724102769834849,0.3066415188769125,False,Les Corts,41.382764942290294,2.140744542425489,,0.2016663616467918,0.2153588742620248,0.2377198688652814,0.013689131110161831,0.013689131110161831,0.013689131110161831,0.013689131110161831,0.22205271523444556,0.013689131110161831,0.013689131110161831,0.013689131110161831,0.013689131110161831,0.013689131110161831
1087,food_local_markets,low,6.214275569379625,transit,11.366322287459157,0.7727768114240022,0.6243136921618208,0.5924942469265513,False,Dreta Eixample,41.392620616534295,2.1657900746789487,,0.01470391218914881,0.01470391218914881,0.01470391218914881,0.01470391218914881,0.22934206246247352,0.2596857015395764,0.01470391218914881,0.01470391218914881,0.2300317439855878,0.01470391218914881,0.01470391218914881,0.01470391218914881,0.14860528231002307
1088,architecture_fans,medium,22.14226276477884,walk,2.6445873971861027,0.5348828881670159,0.2995796567251454,0.29970577495315903,False,Gotic,41.38657282372439,2.1769498194931156,,0.21250720889736044,0.1999906960238379,0.2248233762491903,0.016991812084865995,0.016991812084865995,0.016991812084865995,0.016991812084865995,0.20975241006581746,0.016991812084865995,0.016991812084865995,0.016991812084865995,0.016991812084865995,0.016991812084865995
1089,family_green,medium,19.367930431564275,transit,7.895226100007522,0.9498307852312179,0.5845707583184987,0.9275948367026728,True,Dreta Eixample,41.391302720666886,2.165313081521722,,0.013958821120348323,0.013958821120348323,0.013958821120348323,0.2504321396242964,0.013958821120348323,0.013958821120348323,0.20863399218427378,0.013958821120348323,0.013958821120348323,0.013958821120348323,0.22091576942200022,0.19438870868629463,0.013958821120348323
1090,architecture_fans,high,36.71094379580104,walk,2.2572577683513244,0.25148484135648774,0.3566981061401583,0.43745291886606813,False,El Raval,41.38897180905685,2.1669799105930396,,0.21878535147346664,0.20203159223522385,0.22328047501328244,0.018467638426300267,0.018467638426300267,0.018467638426300267,0.018467638426300267,0.18969383544132462,0.018467638426300267,0.018467638426300267,0.018467638426300267,0.018467638426300267,0.018467638426300267
1091,history_religion,low,6.8152238003981855,walk,2.6353509468184186,0.7280357884279375,0.6811834057964213,0.38132123595013817,True,Vila de Gracia,41.39849896961085,2.1586214505743064,,0.21957848365264065,0.19328622997509687,0.26591899321039597,0.014908268252684514,0.014908268252684514,0.014908268252684514,0.014908268252684514,0.014908268252684514,0.014908268252684514,0.014908268252684514,0.014908268252684514,0.014908268252684514,0.18704187888770585
1092,museum_culture,medium,6.102725177910479,transit,11.835366094961195,0.8349537035119285,0.44863157756934463,0.36700381120959785,False,Poblenou,41.40386777380756,2.200413389853807,,0.17496782268427952,0.015129397561013731,0.2022319931259786,0.015129397561013731,0.015129397561013731,0.015129397561013731,0.015129397561013731,0.015129397561013731,0.015129397561013731,0.015129397561013731,0.015129397561013731,0.23185403238225022,0.25478157375836813
1093,beach_nightlife,low,6.156903369926098,bike,7.3425418378313285,0.15598421711737398,0.5029357015922321,0.7933385897359976,False,Les Corts,41.392652590506984,2.137238023256243,,0.014734252922492303,0.014734252922492303,0.014734252922492303,0.014734252922492303,0.014734252922492303,0.18171712602404178,0.24584606621173546,0.014734252922492303,0.2387727014635984,0.20105582999819363,0.014734252922492303,0.014734252922492303,0.014734252922492303
1094,beach_nightlife,medium,15.53410198973192,transit,6.828618266481787,0.19575166507456015,0.4625040029630813,0.8484427997781321,False,Gotic,41.38861435661334,2.1703105911431906,,0.014435351882629675,0.014435351882629675,0.014435351882629675,0.014435351882629675,0.014435351882629675,0.23760504129842513,0.20423341758591657,0.014435351882629675,0.25727130806516146,0.17097206610682975,0.014435351882629675,0.014435351882629675,0.014435351882629675
1095,history_religion,high,45.192416139550275,walk,2.8222063939106485,0.4698698171966628,0.5777176513008755,0.6229749418798882,False,Vila de Gracia,41.40239693352119,2.1549493214475244,,0.18380788025443814,0.1900104864392064,0.2545818937566096,0.014733370710295006,0.014733370710295006,0.014733370710295006,0.014733370710295006,0.014733370710295006,0.014733370710295006,0.014733370710295006,0.014733370710295006,0.014733370710295006,0.23899940315709084
1096,family_green,medium,16.52371968605486,transit,6.73017366735197,0.5238112424642496,0.47674420506190446,0.8123506550621811,True,Gotic,41.38809056484515,2.169479381330699,,0.014576518929227188,0.014576518929227188,0.014576518929227188,0.2135399272523138,0.014576518929227188,0.014576518929227188,0.24002830423313423,0.014576518929227188,0.014576518929227188,0.014576518929227188,0.2573640824706628,0.15787901568084453,0.014576518929227188
1097,history_religion,high,34.65742445737951,transit,9.111834079887753,0.27407329135909614,0.21194706859665344,0.6406523430314743,False,Sagrada Familia,41.4064490148656,2.170116560296724,,0.24108385472369415,0.1696051359653895,0.19249320249080243,0.015874941192682925,0.015874941192682925,0.015874941192682925,0.015874941192682925,0.015874941192682925,0.015874941192682925,0.015874941192682925,0.015874941192682925,0.015874941192682925,0.2539433360859676
1098,food_local_markets,low,7.804262347621616,transit,11.971837381710015,0.5888597297870721,0.6672119756960119,0.4667527339603638,False,Gotic,41.388371374920624,2.1678879499084815,,0.014794973405967924,0.014794973405967924,0.014794973405967924,0.014794973405967924,0.23348073097307226,0.20149899948291575,0.014794973405967924,0.014794973405967924,0.22640054419899244,0.014794973405967924,0.014794973405967924,0.014794973405967924,0.2054649646913083
1099,history_religion,medium,7.371929378653694,bike,3.7492480007346938,0.41179244537917586,0.4311719026707818,0.3331580292484716,False,Gotic,41.38374066967961,2.171045433263767,,0.16732392833377935,0.2020696630653476,0.26397866740590686,0.014941083652242712,0.014941083652242712,0.014941083652242712,0.014941083652242712,0.014941083652242712,0.014941083652242712,0.014941083652242712,0.014941083652242712,0.014941083652242712,0.2321579883247817
1100,history_religion,low,5.770357345037877,transit,8.80106427524757,0.8745050521477803,0.5766653345986404,0.5541092968197073,False,Dreta Eixample,41.39700782615791,2.1652319377943092,,0.1948253463133358,0.23725713871962326,0.20266031647628274,0.016551035226327643,0.016551035226327643,0.016551035226327643,0.016551035226327643,0.016551035226327643,0.016551035226327643,0.016551035226327643,0.016551035226327643,0.016551035226327643,0.21629788145380943
1101,museum_culture,high,36.61111688486746,walk,2.582066246813528,0.5321688284020584,0.6505380452867127,0.24042522588759863,False,Sagrada Familia,41.40902046756202,2.1753942352095237,,0.21920653658282496,0.016644743279914043,0.18829548333001556,0.016644743279914043,0.016644743279914043,0.016644743279914043,0.016644743279914043,0.016644743279914043,0.016644743279914043,0.016644743279914043,0.016644743279914043,0.21659234063769514,0.2261029499302379
1102,food_local_markets,medium,18.335094951666687,transit,8.90445172082813,0.5348272517928057,0.7909823064198305,0.5404228815391003,False,La Barceloneta,41.38273918987539,2.185326687541732,,0.013935216473543734,0.013935216473543734,0.013935216473543734,0.013935216473543734,0.19657360965384715,0.21963688054195243,0.013935216473543734,0.013935216473543734,0.23386543151686492,0.013935216473543734,0.013935216473543734,0.013935216473543734,0.2245071300254419
1103,architecture_fans,medium,19.255548600613718,transit,10.336913884210604,0.1900015880129188,0.44231299102345406,0.4029291037433571,False,Montjuic,41.37586705827124,2.1575919266169445,,0.18956560956947047,0.2625425217339056,0.204981671208527,0.015823333336045943,0.015823333336045943,0.015823333336045943,0.015823333336045943,0.20050019746368342,0.015823333336045943,0.015823333336045943,0.015823333336045943,0.015823333336045943,0.015823333336045943
1104,architecture_fans,medium,14.244494124899598,mixed,7.181806085889928,0.4538225892626679,0.8268323457504914,0.5772176878943699,False,Sagrada Familia,41.40379657179439,2.1745975959260795,,0.20313292950841344,0.22113788480570012,0.19805093214676991,0.01881207958988576,0.01881207958988576,0.01881207958988576,0.01881207958988576,0.20836953723014473,0.01881207958988576,0.01881207958988576,0.01881207958988576,0.01881207958988576,0.01881207958988576
1105,history_religion,low,7.9822500264561915,transit,9.855530297612358,0.6891060974257491,0.634866246703584,0.07816948412655558,True,Vila de Gracia,41.40391679045004,2.1521349124403395,,0.21644073186042367,0.24223976540232176,0.2469649501124368,0.015262710472114844,0.015262710472114844,0.015262710472114844,0.015262710472114844,0.015262710472114844,0.015262710472114844,0.015262710472114844,0.015262710472114844,0.015262710472114844,0.15699015837578417
1106,museum_culture,high,36.968318661395294,walk,1.8783248511032613,0.4481061721792049,0.3895202296150358,0.6068609881322101,False,El Raval,41.38540668519462,2.1685569031992005,,0.2460645797345824,0.014617052492762234,0.2548404541115868,0.014617052492762234,0.014617052492762234,0.014617052492762234,0.014617052492762234,0.014617052492762234,0.014617052492762234,0.014617052492762234,0.014617052492762234,0.15321427913163088,0.2143272145873398
1107,architecture_fans,medium,14.38996209979215,transit,5.164415497185957,0.2915105476378553,0.40239634235208516,0.20689868694028027,False,El Raval,41.3812905804793,2.1736506119423913,,0.23097149218305343,0.24955904836796095,0.1644046213686216,0.014709582017794291,0.014709582017794291,0.014709582017794291,0.014709582017794291,0.22267859992021538,0.014709582017794291,0.014709582017794291,0.014709582017794291,0.014709582017794291,0.014709582017794291
1108,food_local_markets,low,7.775910346564331,mixed,3.2308575437768035,0.5892825918623366,0.6406409892062868,0.6817599778811579,False,Les Corts,41.38655980062036,2.128453231416221,,0.013714655636821371,0.013714655636821371,0.013714655636821371,0.013714655636821371,0.23369570811184534,0.23796526522167705,0.013714655636821371,0.013714655636821371,0.23237861044533692,0.013714655636821371,0.013714655636821371,0.013714655636821371,0.1725285154897484
1109,family_green,high,29.976564361707858,transit,7.033644616319888,0.9336284239515981,0.5794373569694322,0.6064563865159471,True,Sagrada Familia,41.40252051483837,2.1732033475272323,,0.01533031431619682,0.01533031431619682,0.01533031431619682,0.24981701229977948,0.01533031431619682,0.01533031431619682,0.22906514143083787,0.01533031431619682,0.01533031431619682,0.01533031431619682,0.18441895530623278,0.19872606211737848,0.01533031431619682
1110,food_local_markets,low,3.403447264847458,transit,7.31648880514492,0.6733451853102013,0.34095704128764526,0.32158149717680123,False,Les Corts,41.38866610496213,2.129209125206672,,0.017149776431255707,0.017149776431255707,0.017149776431255707,0.017149776431255707,0.18691319546263807,0.20868673182532305,0.017149776431255707,0.017149776431255707,0.2695188765725036,0.017149776431255707,0.017149776431255707,0.017149776431255707,0.18053320825823393
1111,history_religion,medium,20.77309723720142,transit,5.931368583433594,0.42287538996495244,0.31680613599009383,0.2235705833057218,False,Gotic,41.38522546056461,2.1773195803026955,,0.17182366724199838,0.25568231864579316,0.19489649157336883,0.015556364898615992,0.015556364898615992,0.015556364898615992,0.015556364898615992,0.015556364898615992,0.015556364898615992,0.015556364898615992,0.015556364898615992,0.015556364898615992,0.23759023845129568
1112,architecture_fans,low,6.557535034000915,transit,8.903216281628564,0.2320826390717142,0.3792872043597861,0.160435674336493,False,Sagrada Familia,41.39863241187089,2.171042789027694,,0.23607734069230354,0.22218921504255712,0.17813106400899825,0.016274331679265147,0.016274331679265147,0.016274331679265147,0.016274331679265147,0.21713339514275481,0.016274331679265147,0.016274331679265147,0.016274331679265147,0.016274331679265147,0.016274331679265147
1113,architecture_fans,low,7.108866507023982,transit,9.927857892411597,0.6900049544410183,0.4895755548482931,0.45841418991336536,False,Gotic,41.381690399128985,2.1716228504083013,,0.2263534737595344,0.2067516689996837,0.2270777088850032,0.013840509026588135,0.013840509026588135,0.013840509026588135,0.013840509026588135,0.21525256711648547,0.013840509026588135,0.013840509026588135,0.013840509026588135,0.013840509026588135,0.013840509026588135
1114,history_religion,high,40.55497625950614,walk,3.4831800096663947,0.5132230691553745,0.2858079296175811,0.46559009860889716,False,Sagrada Familia,41.40881802401357,2.1784975229237085,,0.19261539425723131,0.22637613975659,0.25436626068673207,0.01485259563720975,0.01485259563720975,0.01485259563720975,0.01485259563720975,0.01485259563720975,0.01485259563720975,0.01485259563720975,0.01485259563720975,0.01485259563720975,0.19296884456455898
1115,history_religion,medium,12.299129864457685,walk,2.756385993528115,0.3492861440661139,0.6257622080151171,0.5801876757464685,False,Gotic,41.38500752429105,2.174293789758828,,0.192847449531183,0.2553077032313015,0.18839031931408415,0.017197158866552306,0.017197158866552306,0.017197158866552306,0.017197158866552306,0.017197158866552306,0.017197158866552306,0.017197158866552306,0.017197158866552306,0.017197158866552306,0.20868009812446067
1116,family_green,medium,7.18064757860159,mixed,4.08252983093712,0.9035461538661207,0.5211068086337829,0.9317403991864275,False,Gotic,41.38410900333149,2.182384709513916,,0.018241718370113874,0.018241718370113874,0.018241718370113874,0.261776887160781,0.018241718370113874,0.018241718370113874,0.19275657968547147,0.018241718370113874,0.018241718370113874,0.018241718370113874,0.18986195972347328,0.19142910809924943,0.018241718370113874
1117,architecture_fans,high,37.45396553129507,transit,7.083589812131648,0.1736396215629977,0.27089773236985015,0.41849071051167946,False,Vila de Gracia,41.39496857464768,2.1591196991496804,,0.2839115630901812,0.1615676552757963,0.16599828274754042,0.015972776007880742,0.015972776007880742,0.015972776007880742,0.015972776007880742,0.2447675148155554,0.015972776007880742,0.015972776007880742,0.015972776007880742,0.015972776007880742,0.015972776007880742
1118,food_local_markets,medium,9.703871776516298,walk,2.5193245464170406,0.8473151969273253,0.6675135613849391,0.6132122189039766,False,Dreta Eixample,41.39652092857036,2.1616117585662415,,0.015213153879099156,0.015213153879099156,0.015213153879099156,0.015213153879099156,0.16178508242966416,0.26501200542993986,0.015213153879099156,0.015213153879099156,0.21790129128355196,0.015213153879099156,0.015213153879099156,0.015213153879099156,0.21838323594495165
1119,history_religion,medium,20.963005821902176,bike,3.6225088273437396,0.5455449246977714,0.5617264349464889,0.2370678065062199,False,La Barceloneta,41.38057755473309,2.185780152322751,,0.22602951261960902,0.20793667735903754,0.23483089168561122,0.014649389994003531,0.014649389994003531,0.014649389994003531,0.014649389994003531,0.014649389994003531,0.014649389994003531,0.014649389994003531,0.014649389994003531,0.014649389994003531,0.19935840838971047
1120,beach_nightlife,low,10.525568654993142,walk,1.981627248271351,0.4273318558182406,0.14261764298503204,0.6366209300671274,False,Dreta Eixample,41.386548215319664,2.1635761730011795,,0.013634403557330244,0.013634403557330244,0.013634403557330244,0.013634403557330244,0.013634403557330244,0.21322841356924827,0.23277724852059364,0.013634403557330244,0.2325365491934381,0.19874815670074775,0.013634403557330244,0.013634403557330244,0.013634403557330244
1121,family_green,low,5.701533284036433,transit,6.712994008003132,0.4700675715206811,0.8277339776428557,0.9651531419939451,True,Sagrada Familia,41.3992850380081,2.1723248452735624,,0.01506903882687398,0.01506903882687398,0.01506903882687398,0.2594402755741838,0.01506903882687398,0.01506903882687398,0.2009839305403421,0.01506903882687398,0.01506903882687398,0.01506903882687398,0.17235635351948025,0.23159809092412798,0.01506903882687398
1122,food_local_markets,medium,15.77162059968718,walk,3.3268432849936986,0.6500825332625384,0.8698617114528091,0.6419268039719077,False,Sagrada Familia,41.40567991026539,2.1750038251324955,,0.016463494979108647,0.016463494979108647,0.016463494979108647,0.016463494979108647,0.17316091453991556,0.23881985605197437,0.016463494979108647,0.016463494979108647,0.18425185444528122,0.016463494979108647,0.016463494979108647,0.016463494979108647,0.25559592015085103
1123,family_green,medium,18.00456557528209,bike,3.557103899133278,0.5709374821880444,0.8713180031436543,0.9421204389719658,True,Dreta Eixample,41.3894028888369,2.175577544287027,,0.01458426128590022,0.01458426128590022,0.01458426128590022,0.22954339887297256,0.01458426128590022,0.01458426128590022,0.19546077679926435,0.01458426128590022,0.01458426128590022,0.01458426128590022,0.1997668031248021,0.24397066962985903,0.01458426128590022
1124,museum_culture,low,12.458700547397132,walk,1.8367783273134364,0.6707950413567544,0.26453862481955775,0.5505913998937408,False,La Barceloneta,41.37708261232337,2.188417944439363,,0.19955019582532246,0.01563799393811609,0.198635776367139,0.01563799393811609,0.01563799393811609,0.01563799393811609,0.01563799393811609,0.01563799393811609,0.01563799393811609,0.01563799393811609,0.01563799393811609,0.25368074079685954,0.20739134156763414
1125,food_local_markets,low,7.902859826007309,transit,11.954408334103288,0.6805997293351641,0.7401008798573216,0.5090445276490871,False,Dreta Eixample,41.38435583609178,2.1625244309979506,,0.015875164976885726,0.015875164976885726,0.015875164976885726,0.015875164976885726,0.22362339561511227,0.26287433664611604,0.015875164976885726,0.015875164976885726,0.16735615012003915,0.015875164976885726,0.015875164976885726,0.015875164976885726,0.20326963282676108
1126,beach_nightlife,low,5.3840179338588765,transit,10.349192199576596,0.40521091908615214,0.09367874989222406,0.6817733982166203,False,La Barceloneta,41.38104289149762,2.1896805987154306,,0.013808510662687982,0.013808510662687982,0.013808510662687982,0.013808510662687982,0.013808510662687982,0.24397137971600974,0.2457023361482928,0.013808510662687982,0.15901361327558663,0.22703607489591895,0.013808510662687982,0.013808510662687982,0.013808510662687982
1127,museum_culture,medium,19.960444423570923,transit,6.723379200485585,0.5838001011618756,0.5927379856699897,0.5950717350772572,False,Gotic,41.38338427271623,2.178492540509018,,0.25363386570041585,0.01445673326170654,0.15889151916273167,0.01445673326170654,0.01445673326170654,0.01445673326170654,0.01445673326170654,0.01445673326170654,0.01445673326170654,0.01445673326170654,0.01445673326170654,0.20331174749702538,0.2540522682844683
1128,family_green,high,29.502648465053575,transit,10.003494914270785,0.8300667832841466,0.49452094249213246,0.7784994609259361,True,Gotic,41.38376471915208,2.170841520412408,,0.01418769366001454,0.01418769366001454,0.01418769366001454,0.24235767024908442,0.01418769366001454,0.01418769366001454,0.14841865174063038,0.01418769366001454,0.01418769366001454,0.01418769366001454,0.24372950976533916,0.23780492530481517,0.01418769366001454
1129,family_green,low,7.178930138462048,mixed,4.376991354984539,0.6712355955704769,0.8395166730713841,0.9807978905570534,True,Sagrada Familia,41.398620191007964,2.1723648939218663,,0.014653139093491488,0.014653139093491488,0.014653139093491488,0.22610460716351233,0.014653139093491488,0.014653139093491488,0.23324041130298298,0.014653139093491488,0.014653139093491488,0.014653139093491488,0.22118259852893668,0.18759413116314463,0.014653139093491488
1130,family_green,medium,19.15841856922553,transit,6.676496057244412,0.7196668547307781,0.5343771585070957,0.7623358279193674,True,Vila de Gracia,41.406535345473465,2.155925224247678,,0.016885719643004282,0.016885719643004282,0.016885719643004282,0.1766161191016324,0.016885719643004282,0.016885719643004282,0.28601098201976455,0.016885719643004282,0.016885719643004282,0.016885719643004282,0.19367461532548216,0.1917268067660823,0.016885719643004282
1131,museum_culture,medium,15.160745076707908,walk,2.436322158360487,0.42942691511443226,0.6918669470657905,0.3998401635461621,False,Dreta Eixample,41.38885354932439,2.1648433774465805,,0.24926517067929424,0.015197861146934603,0.17470152102554132,0.015197861146934603,0.015197861146934603,0.015197861146934603,0.015197861146934603,0.015197861146934603,0.015197861146934603,0.015197861146934603,0.015197861146934603,0.1699685677886661,0.2692839901840869
1132,history_religion,medium,15.080589148504949,transit,6.519739145694127,0.5128170271885245,0.529072700716531,0.5467742048014314,False,Vila de Gracia,41.40344257477538,2.156727816357974,,0.23261824047890417,0.2192505426327285,0.1906455455596218,0.01607730846636449,0.01607730846636449,0.01607730846636449,0.01607730846636449,0.01607730846636449,0.01607730846636449,0.01607730846636449,0.01607730846636449,0.01607730846636449,0.21278989513146512
1133,architecture_fans,medium,12.428717287186835,mixed,6.16307897951416,0.10810438375341516,0.6573240188252112,0.2152492816983819,False,Sant Andreu,41.435970918043076,2.1853144917986413,,0.17063246887279132,0.27788047816812517,0.1693415775663615,0.015651865881492685,0.015651865881492685,0.015651865881492685,0.015651865881492685,0.24127868245928782,0.015651865881492685,0.015651865881492685,0.015651865881492685,0.015651865881492685,0.015651865881492685
1134,history_religion,high,27.89079113881201,walk,1.654394839714471,0.4401993676477168,0.433929992991956,0.37992022863965563,False,Dreta Eixample,41.39279492096287,2.162638883931077,,0.22345255123967464,0.21962399941494443,0.18135749702816825,0.01650451012464046,0.01650451012464046,0.01650451012464046,0.01650451012464046,0.01650451012464046,0.01650451012464046,0.01650451012464046,0.01650451012464046,0.01650451012464046,0.22702536119544853
1135,museum_culture,low,5.202737762201787,walk,1.9483601167793039,0.6591152883395375,0.4140572714945905,0.6684186876377017,False,Sagrada Familia,41.40199839074355,2.168782579218615,,0.15633582756420283,0.015135810538555183,0.23850577644908952,0.015135810538555183,0.015135810538555183,0.015135810538555183,0.015135810538555183,0.015135810538555183,0.015135810538555183,0.015135810538555183,0.015135810538555183,0.20314289908593453,0.26579320205377654
1136,beach_nightlife,low,4.439475617907105,transit,7.654380255802803,0.14086401359679832,0.26072135315619815,0.8969113091914641,False,Poblenou,41.40115988080909,2.197784823312604,,0.014365975174329351,0.014365975174329351,0.014365975174329351,0.014365975174329351,0.014365975174329351,0.2482384167392744,0.19152699296661355,0.014365975174329351,0.24711498638978083,0.1838258273353671,0.014365975174329351,0.014365975174329351,0.014365975174329351
1137,food_local_markets,medium,18.826861663206774,transit,6.694969023566399,0.7057142980381458,0.7044399000905951,0.3554525142513987,True,Vila de Gracia,41.39707774577412,2.163954779188827,,0.016436396180988255,0.016436396180988255,0.016436396180988255,0.016436396180988255,0.1865731842453142,0.2276119418250808,0.016436396180988255,0.016436396180988255,0.2054637568365068,0.016436396180988255,0.016436396180988255,0.016436396180988255,0.2324235514642039
1138,food_local_markets,high,49.99819814961948,walk,1.4956685565674106,0.5842988362421162,0.7603625554617912,0.33292618872162993,False,Gotic,41.38262055413273,2.179456548053804,,0.013380626780519532,0.013380626780519532,0.013380626780519532,0.013380626780519532,0.23797978454097984,0.1739041595437534,0.013380626780519532,0.013380626780519532,0.2330314142696025,0.013380626780519532,0.013380626780519532,0.013380626780519532,0.23465900062098852
1139,family_green,medium,14.789298807609189,transit,6.4943270468359895,0.5114851862310327,0.8016694195297103,0.7583010466997833,False,Poblenou,41.402339217964915,2.2146968274427965,,0.014822365960503304,0.014822365960503304,0.014822365960503304,0.20167979974967806,0.014822365960503304,0.014822365960503304,0.15117153676438785,0.014822365960503304,0.014822365960503304,0.014822365960503304,0.2501522810023428,0.2635950888390616,0.014822365960503304
1140,architecture_fans,high,44.05873613048522,transit,7.858104270454005,0.42101688947941707,0.5783609316453928,0.4161580891065836,False,Vila de Gracia,41.397458846024946,2.1560758636326,,0.22139314599289253,0.23045148751507522,0.16340460084624117,0.016195688725130473,0.016195688725130473,0.016195688725130473,0.016195688725130473,0.23898956711961677,0.016195688725130473,0.016195688725130473,0.016195688725130473,0.016195688725130473,0.016195688725130473
1141,food_local_markets,medium,18.850270807899072,bike,6.376009552147712,0.6697205246871003,0.5724038051106223,0.4524362355398832,False,Poblenou,41.39902454661232,2.2058897285664223,,0.01460577383857172,0.01460577383857172,0.01460577383857172,0.01460577383857172,0.22428228599519276,0.1814385542929369,0.01460577383857172,0.01460577383857172,0.21312827737551968,0.01460577383857172,0.01460577383857172,0.01460577383857172,0.2496989177892052
1142,food_local_markets,medium,19.71980130817484,transit,6.544786021907605,0.5056433780347502,0.7980693788961404,0.537117905770371,False,El Raval,41.38371912003124,2.1704173460121807,,0.015371953631182943,0.015371953631182943,0.015371953631182943,0.015371953631182943,0.21444592898423767,0.1951321982301941,0.015371953631182943,0.015371953631182943,0.21260481217398752,0.015371953631182943,0.015371953631182943,0.015371953631182943,0.23946947793093426
1143,architecture_fans,low,7.173045801320609,transit,9.600254800383777,0.28102475333909116,0.5618749462382829,0.10540372759620624,False,Sagrada Familia,41.40570401633164,2.1716242187988652,,0.24475417782467554,0.21410485726479508,0.21200665498190438,0.015818022574527434,0.015818022574527434,0.015818022574527434,0.015818022574527434,0.18677210675787806,0.015818022574527434,0.015818022574527434,0.015818022574527434,0.015818022574527434,0.015818022574527434
1144,architecture_fans,low,2.7777407481839003,transit,5.021300878374102,0.16322405361442155,0.4102567472442893,0.3310165272486343,False,El Raval,41.38167951548406,2.1710018089880814,,0.1786294882474517,0.2080533443406832,0.22106205091262005,0.017529789037863383,0.017529789037863383,0.017529789037863383,0.017529789037863383,0.2344870151584746,0.017529789037863383,0.017529789037863383,0.017529789037863383,0.017529789037863383,0.017529789037863383
1145,beach_nightlife,medium,15.32651535213789,transit,8.609716089594597,0.5433614578010433,0.6474709066050717,0.983811987327452,False,Gotic,41.385522306168006,2.1725936850300975,,0.012789308233414787,0.012789308233414787,0.012789308233414787,0.012789308233414787,0.012789308233414787,0.21826467237953523,0.21911715329721868,0.012789308233414787,0.2291098931973828,0.21840450702513017,0.012789308233414787,0.012789308233414787,0.012789308233414787
1146,family_green,medium,15.258798992434016,walk,3.001008250668869,0.5927704743724014,0.4339063895091558,0.9882016895509368,False,Sagrada Familia,41.40285611356747,2.172412353833976,,0.015579373810953518,0.015579373810953518,0.015579373810953518,0.20100489851180942,0.015579373810953518,0.015579373810953518,0.20624084474420765,0.015579373810953518,0.015579373810953518,0.015579373810953518,0.2003579118573358,0.2521819805880654,0.015579373810953518
1147,food_local_markets,medium,13.085128310012275,mixed,4.072495306927362,0.28254108573125675,0.7737671858901644,0.17568934363088637,False,Dreta Eixample,41.38856157997722,2.1665770227665004,,0.014863672070933316,0.014863672070933316,0.014863672070933316,0.014863672070933316,0.19667748096867646,0.24788478857453697,0.014863672070933316,0.014863672070933316,0.16691075793432464,0.014863672070933316,0.014863672070933316,0.014863672070933316,0.25475392388406204
1148,architecture_fans,low,7.198653921197149,walk,1.3566904330575684,0.4564943001546546,0.12058069748170584,0.38691868248013617,False,Dreta Eixample,41.40320235693281,2.1618340888090675,,0.2538605571277336,0.21606885916229682,0.23264388556979002,0.015501414739832532,0.015501414739832532,0.015501414739832532,0.015501414739832532,0.15791396548168674,0.015501414739832532,0.015501414739832532,0.015501414739832532,0.015501414739832532,0.015501414739832532
1149,museum_culture,low,5.024938371112997,transit,5.48700909742964,0.6186323282522718,0.2791734840330846,0.20019417094809894,False,Sant Andreu,41.43448936878203,2.189354199872816,,0.237756291019655,0.015112469866680942,0.26043901727068475,0.015112469866680942,0.015112469866680942,0.015112469866680942,0.015112469866680942,0.015112469866680942,0.015112469866680942,0.015112469866680942,0.015112469866680942,0.20006491247596536,0.16572755043356652
1150,architecture_fans,medium,23.889638438140764,transit,9.4120869475549,0.3296796821380422,0.30239224747125676,0.3087683260259273,True,Montjuic,41.369645904481054,2.1553112666306844,,0.21062698875313168,0.23195794829461602,0.2007527513959804,0.014757774189015447,0.014757774189015447,0.014757774189015447,0.014757774189015447,0.22384234385513285,0.014757774189015447,0.014757774189015447,0.014757774189015447,0.014757774189015447,0.014757774189015447
1151,history_religion,medium,17.66201126174849,bike,5.27634126702462,0.4380514136996471,0.801886262289472,0.5305460566958643,False,Montjuic,41.367633424347645,2.152307999459465,,0.24570991439509599,0.14113591568120437,0.24221725846343098,0.014055987950094677,0.014055987950094677,0.014055987950094677,0.014055987950094677,0.014055987950094677,0.014055987950094677,0.014055987950094677,0.014055987950094677,0.014055987950094677,0.24443301990941654
1152,food_local_markets,medium,9.545776800633018,transit,5.5399252513163235,0.8648481934113532,0.5490599606062313,0.8236920317220315,False,El Raval,41.38233931235588,2.165995728814904,,0.015622253239430648,0.015622253239430648,0.015622253239430648,0.015622253239430648,0.2333256597119781,0.23175655025657926,0.015622253239430648,0.015622253239430648,0.21203463630455052,0.015622253239430648,0.015622253239430648,0.015622253239430648,0.18228287457201625
1153,architecture_fans,medium,12.118416297891557,bike,3.690523910877103,0.4337476556764539,0.313279548682474,0.32048282401623457,False,Vila de Gracia,41.406910747093214,2.1565245949932357,,0.17626539642305517,0.20454721208017718,0.2582177566376945,0.01637091546924047,0.01637091546924047,0.01637091546924047,0.01637091546924047,0.21363139563590897,0.01637091546924047,0.01637091546924047,0.01637091546924047,0.01637091546924047,0.01637091546924047
1154,architecture_fans,high,42.85386292306777,walk,3.069008267513636,0.32318001147256775,0.7365137957925612,0.3035083072320887,False,Gotic,41.37717269046239,2.1764376108832457,,0.18538490882399958,0.2710857402757079,0.18480594265264133,0.016190744587574774,0.016190744587574774,0.016190744587574774,0.016190744587574774,0.21300670695947815,0.016190744587574774,0.016190744587574774,0.016190744587574774,0.016190744587574774,0.016190744587574774
1155,food_local_markets,low,10.98201712700466,walk,1.3915810371490944,0.5115685293584958,0.3546408000758593,0.7960880148915286,False,Gotic,41.38112769581021,2.1681084281979697,,0.014669903658565861,0.014669903658565861,0.014669903658565861,0.014669903658565861,0.2391242201285038,0.15607111888281397,0.014669903658565861,0.014669903658565861,0.22277337325992266,0.014669903658565861,0.014669903658565861,0.014669903658565861,0.2500021548016668
1156,food_local_markets,medium,11.740823493812204,taxi,14.783946857217309,0.8084813278644034,0.7166665057947376,0.5923288077823441,False,Montjuic,41.3676935956776,2.1497606702135332,,0.01464848933404541,0.01464848933404541,0.01464848933404541,0.01464848933404541,0.23835359999156164,0.23040423560960394,0.01464848933404541,0.01464848933404541,0.1747558129145474,0.01464848933404541,0.01464848933404541,0.01464848933404541,0.22464994747787836
1157,food_local_markets,medium,9.537132892703731,mixed,3.548612139795729,0.694151793597368,0.6058723722138236,0.661106454794252,False,Gotic,41.38734077525403,2.17471209433757,,0.016517331124142626,0.016517331124142626,0.016517331124142626,0.016517331124142626,0.1689633254302274,0.2715689894825484,0.016517331124142626,0.016517331124142626,0.19662605220180945,0.016517331124142626,0.016517331124142626,0.016517331124142626,0.2141856527681312
1158,museum_culture,low,8.91223142103811,transit,10.715429159304637,0.5275491894713162,0.5612487417492066,0.47526177679422715,False,Montjuic,41.36702418256257,2.156940237807177,,0.1807754851616423,0.016689787820267234,0.2744488474029978,0.016689787820267234,0.016689787820267234,0.016689787820267234,0.016689787820267234,0.016689787820267234,0.016689787820267234,0.016689787820267234,0.016689787820267234,0.16904255016033323,0.2255250268926215
1159,architecture_fans,medium,15.182956835313808,transit,6.914267469560179,0.17227005951801935,0.32755301711206913,0.21356622808583894,False,Vila de Gracia,41.399359858842594,2.1553141597673275,,0.21619674478098738,0.1848081632439016,0.2249447710019603,0.014112259473888784,0.014112259473888784,0.014112259473888784,0.014112259473888784,0.2470399857081516,0.014112259473888784,0.014112259473888784,0.014112259473888784,0.014112259473888784,0.014112259473888784
1160,family_green,low,8.737001551666548,walk,2.040742735152545,0.7147582135626874,0.686609120878541,0.955906801221465,True,La Barceloneta,41.382992541150564,2.185792277053131,,0.01521313288138287,0.01521313288138287,0.01521313288138287,0.20540000118524157,0.01521313288138287,0.01521313288138287,0.18280632794396443,0.01521313288138287,0.01521313288138287,0.01521313288138287,0.25908380638913403,0.21579166854921422,0.01521313288138287
1161,architecture_fans,medium,11.377371491789267,taxi,12.910395685561292,0.3131773143312284,0.4965031774254678,0.5648237039789139,False,Poblenou,41.39778218112962,2.2110406178221464,,0.1638068130304805,0.24550717778155576,0.26311948070726576,0.016088419343037067,0.016088419343037067,0.016088419343037067,0.016088419343037067,0.18277075439336443,0.016088419343037067,0.016088419343037067,0.016088419343037067,0.016088419343037067,0.016088419343037067
1162,family_green,medium,12.953234875871917,mixed,4.52051676328817,0.7395726431694152,0.6933669944942604,0.562694056282135,False,El Raval,41.38080240573625,2.1663990967583837,,0.014900402989198128,0.014900402989198128,0.014900402989198128,0.2676822476394451,0.014900402989198128,0.014900402989198128,0.19278243383870047,0.014900402989198128,0.014900402989198128,0.014900402989198128,0.22389352669539783,0.18153816492367345,0.014900402989198128
1163,history_religion,medium,15.775952266002822,walk,1.7983066739738283,0.6240236093476861,0.613906462632928,0.6775936953895869,False,Poblenou,41.401560430815074,2.2013999670938382,,0.17356314195262973,0.25377955699614896,0.2251051992618551,0.01562627330915476,0.01562627330915476,0.01562627330915476,0.01562627330915476,0.01562627330915476,0.01562627330915476,0.01562627330915476,0.01562627330915476,0.01562627330915476,0.20691564200697335
1164,family_green,medium,20.399149040250705,bike,6.2549070072854915,0.30251321307826323,0.4686124117315795,0.945764003500275,True,Gotic,41.37828829626198,2.1825789453975384,,0.01531712374399342,0.01531712374399342,0.01531712374399342,0.20543654460009245,0.01531712374399342,0.01531712374399342,0.16491261895965628,0.01531712374399342,0.01531712374399342,0.01531712374399342,0.2655391680078186,0.22625755473649184,0.01531712374399342
1165,architecture_fans,medium,6.1834292444357075,transit,6.473864704805589,0.36252840598114144,0.4595718024153923,0.30463730265486816,False,Dreta Eixample,41.39268648863151,2.1676166324155473,,0.19126026107677563,0.1611747543158056,0.24647013099053297,0.015532614802030451,0.015532614802030451,0.015532614802030451,0.015532614802030451,0.2613013203986118,0.015532614802030451,0.015532614802030451,0.015532614802030451,0.015532614802030451,0.015532614802030451
1166,food_local_markets,low,7.153519960472561,mixed,6.222040004307085,0.4520790364576112,0.6257978471801974,0.8286333783494122,False,Montjuic,41.37523233670396,2.152181640825005,,0.016687938606912662,0.016687938606912662,0.016687938606912662,0.016687938606912662,0.1936928503626568,0.17527266949355927,0.016687938606912662,0.016687938606912662,0.27126221814814744,0.016687938606912662,0.016687938606912662,0.016687938606912662,0.2095808145334225
1167,history_religion,high,41.044358234725635,taxi,13.417123916981932,0.6331751478015869,0.36817531015440946,0.24427464941581997,False,La Barceloneta,41.385796452414546,2.1895851177545347,,0.18082577498481242,0.26095693441951595,0.16023472058977756,0.014925705188269748,0.014925705188269748,0.014925705188269748,0.014925705188269748,0.014925705188269748,0.014925705188269748,0.014925705188269748,0.014925705188269748,0.014925705188269748,0.26365122331146634
1168,food_local_markets,high,50.034682955923266,transit,8.299384716805635,0.5053887987145779,0.686436026383741,0.5635602863784624,False,El Raval,41.375138736911794,2.1645738858145545,,0.014877521241025229,0.014877521241025229,0.014877521241025229,0.014877521241025229,0.24503054731666996,0.18488448690355871,0.014877521241025229,0.014877521241025229,0.2321367953343649,0.014877521241025229,0.014877521241025229,0.014877521241025229,0.20405047927617934
1169,museum_culture,medium,26.93851459039973,mixed,8.704395589772055,0.73502043977384,0.4927870451172907,0.3084662034058553,False,Vila de Gracia,41.398432899936694,2.1550604810315526,,0.24000717502199426,0.015788117855983847,0.26049790762601593,0.015788117855983847,0.015788117855983847,0.015788117855983847,0.015788117855983847,0.015788117855983847,0.015788117855983847,0.015788117855983847,0.015788117855983847,0.18108037156032497,0.1763214850878102
1170,beach_nightlife,low,4.899857313131683,walk,2.9803741768273793,0.691604764207931,0.2790747608400006,0.9759747614282452,False,Dreta Eixample,41.39196098939159,2.1656678578918296,,0.016540136842880603,0.016540136842880603,0.016540136842880603,0.016540136842880603,0.016540136842880603,0.22862005831196566,0.19933040931934762,0.016540136842880603,0.21596666734445757,0.2072216334383038,0.016540136842880603,0.016540136842880603,0.016540136842880603
1171,family_green,medium,12.335902045709584,transit,8.621067416546989,0.6262289515206619,0.9382542301651741,0.929569859374188,True,Vila de Gracia,41.40211252043032,2.162743572302395,,0.013573061397820023,0.013573061397820023,0.013573061397820023,0.21768352213413023,0.013573061397820023,0.013573061397820023,0.23226693201796905,0.013573061397820023,0.013573061397820023,0.013573061397820023,0.2144759912129098,0.21341600205461067,0.013573061397820023
1172,family_green,high,34.24254319722004,transit,11.076439979225922,0.7008871916801468,0.6981261411729287,0.7588776801444126,False,Vila de Gracia,41.40095656580067,2.157489883371336,,0.01731233393008169,0.01731233393008169,0.01731233393008169,0.1747215273646269,0.01731233393008169,0.01731233393008169,0.21268284872915694,0.01731233393008169,0.01731233393008169,0.01731233393008169,0.28121253433400145,0.17557208420147952,0.01731233393008169
1173,architecture_fans,low,6.305564167674083,walk,3.0362601750646183,0.35554048131304383,0.22576747662706495,0.45971886206072843,False,El Raval,41.38437264107494,2.1683878887657744,,0.24475084788846396,0.1789020302986928,0.2150602876509696,0.016232588029188016,0.016232588029188016,0.016232588029188016,0.016232588029188016,0.2151935418991815,0.016232588029188016,0.016232588029188016,0.016232588029188016,0.016232588029188016,0.016232588029188016
1174,history_religion,medium,15.971544677877908,mixed,3.4767446428971454,0.3693788126156502,0.4171598851594565,0.2508140395269696,False,Dreta Eixample,41.39117377946138,2.169150469571509,,0.22462629842449,0.201185313980383,0.21980071374564866,0.014757483823908731,0.014757483823908731,0.014757483823908731,0.014757483823908731,0.014757483823908731,0.014757483823908731,0.014757483823908731,0.014757483823908731,0.014757483823908731,0.2215703194342997
1175,museum_culture,medium,14.668378917623588,taxi,9.02521999844959,0.5286577166208642,0.44214359328443265,0.5307932397285051,False,Les Corts,41.38251514983296,2.127239906522127,,0.26018821509495804,0.01621115895903786,0.2158845791293095,0.01621115895903786,0.01621115895903786,0.01621115895903786,0.01621115895903786,0.01621115895903786,0.01621115895903786,0.01621115895903786,0.01621115895903786,0.20117872056298483,0.17684805458140687
1176,beach_nightlife,low,8.08232452975701,transit,6.731743813650267,0.4070851307794413,0.20265322314554876,0.901212700085888,False,Poblenou,41.40182204434379,2.2088840356741897,,0.01555889736259836,0.01555889736259836,0.01555889736259836,0.01555889736259836,0.01555889736259836,0.24241173293540338,0.18559126788526634,0.01555889736259836,0.2151766598060891,0.21679026310985597,0.01555889736259836,0.01555889736259836,0.01555889736259836
1177,museum_culture,medium,11.294674837645847,transit,9.085246371311808,0.8914005376268461,0.6621817326025744,0.6179898043600739,False,El Raval,41.379411070351935,2.1714677324849445,,0.20776611590306235,0.01484019393264734,0.23788262136424482,0.01484019393264734,0.01484019393264734,0.01484019393264734,0.01484019393264734,0.01484019393264734,0.01484019393264734,0.01484019393264734,0.01484019393264734,0.24467042619019647,0.1761190911486703
1178,architecture_fans,medium,23.101863818846837,mixed,5.762450408165981,0.3538909990814061,0.16088653012175558,0.4294348953422296,True,Dreta Eixample,41.39526941717265,2.1708454250130886,,0.2109074461359732,0.2434841558410763,0.23469315118347625,0.014005566588496911,0.014005566588496911,0.014005566588496911,0.014005566588496911,0.18486514754300207,0.014005566588496911,0.014005566588496911,0.014005566588496911,0.014005566588496911,0.014005566588496911
1179,family_green,medium,23.107830979882447,walk,1.5089660971377896,0.47342729332810546,0.445622256357511,0.6438565170667174,True,El Raval,41.378701098065605,2.1626408583067347,,0.014767229598293715,0.014767229598293715,0.014767229598293715,0.15397835680836636,0.014767229598293715,0.014767229598293715,0.2511711695597549,0.014767229598293715,0.014767229598293715,0.014767229598293715,0.19794954006073714,0.2639958671864982,0.014767229598293715
1180,family_green,medium,17.53536140043265,bike,7.148269963906358,0.8451979054867976,0.6283756225902388,0.8042540521410484,False,Sagrada Familia,41.40093068421883,2.1732694274418973,,0.015516775889034417,0.015516775889034417,0.015516775889034417,0.20756080257211426,0.015516775889034417,0.015516775889034417,0.19266290313156126,0.015516775889034417,0.015516775889034417,0.015516775889034417,0.24762302488021373,0.21250228641480096,0.015516775889034417
1181,beach_nightlife,medium,19.582836013883067,transit,10.131709434156827,0.5279454706736546,0.22791606806712844,0.8694117647896161,False,Dreta Eixample,41.39552600528678,2.165687980152186,,0.015869869609114164,0.015869869609114164,0.015869869609114164,0.015869869609114164,0.015869869609114164,0.1652020982016729,0.22883267155310377,0.015869869609114164,0.250958731056424,0.21217767270677187,0.015869869609114164,0.015869869609114164,0.015869869609114164
1182,food_local_markets,high,43.669148671680205,transit,5.301417210152793,0.4392147826860354,0.29516495284241095,0.5054589954779242,False,Sagrada Familia,41.39643526739713,2.1705295818146544,,0.0148582341062967,0.0148582341062967,0.0148582341062967,0.0148582341062967,0.24244901926670923,0.22875863204622324,0.0148582341062967,0.0148582341062967,0.14982295170263632,0.0148582341062967,0.0148582341062967,0.0148582341062967,0.245245290027761
1183,architecture_fans,high,35.17269337954818,walk,1.2616604249828127,0.38907791594081037,0.38191566603422866,0.46239442568323424,False,Montjuic,41.36970113956994,2.1594310186517425,,0.211232075214019,0.23362160336621887,0.22681800563359564,0.01602291551903156,0.01602291551903156,0.01602291551903156,0.01602291551903156,0.18412207611488246,0.01602291551903156,0.01602291551903156,0.01602291551903156,0.01602291551903156,0.01602291551903156
1184,beach_nightlife,low,4.265012942244175,walk,2.7048301165290987,0.3502875168867044,0.1318401127102007,0.7263544436536499,False,Gotic,41.392160536665585,2.169529666737127,,0.013960237977328965,0.013960237977328965,0.013960237977328965,0.013960237977328965,0.013960237977328965,0.20078667002251613,0.2450620140920807,0.013960237977328965,0.206689314974517,0.22181985911492544,0.013960237977328965,0.013960237977328965,0.013960237977328965
1185,museum_culture,low,3.2039863421690495,transit,10.108961328562227,0.2945134428862787,0.539306311513581,0.1627112333896864,True,Gotic,41.38169737149411,2.1784641415290715,,0.24770933153501906,0.016265746568219407,0.2295001913306038,0.016265746568219407,0.016265746568219407,0.016265746568219407,0.016265746568219407,0.016265746568219407,0.016265746568219407,0.016265746568219407,0.016265746568219407,0.1860337328421348,0.19036502517826762
1186,museum_culture,low,7.187131041816433,transit,11.074621720196314,0.5079856855868942,0.16033001125092877,0.4909758252301188,False,Vila de Gracia,41.39622248976761,2.160442940381771,,0.2705570314846084,0.01525335554489862,0.1681264989851534,0.01525335554489862,0.01525335554489862,0.01525335554489862,0.01525335554489862,0.01525335554489862,0.01525335554489862,0.01525335554489862,0.01525335554489862,0.2577488034530669,0.16628746617308382
1187,family_green,high,38.63373961562976,mixed,6.277139162367642,0.7731359848687388,0.6319491906918772,0.7856901229219997,True,Les Corts,41.386588913034856,2.1381900204403945,,0.01815344832596914,0.01815344832596914,0.01815344832596914,0.2027404689219077,0.01815344832596914,0.01815344832596914,0.19632780894519258,0.01815344832596914,0.01815344832596914,0.01815344832596914,0.18489399325828984,0.25265669394088774,0.01815344832596914
1188,museum_culture,low,3.721474820451257,transit,6.1822641279985024,0.6563481994778843,0.5013048627216177,0.5860831700943444,False,El Raval,41.383012382230795,2.1649246720584063,,0.21190880473447862,0.01598784909085922,0.21982870544811087,0.01598784909085922,0.01598784909085922,0.01598784909085922,0.01598784909085922,0.01598784909085922,0.01598784909085922,0.01598784909085922,0.01598784909085922,0.24870242086619915,0.17566942713347836
1189,family_green,medium,19.803417363708085,mixed,7.024465141992442,0.41047080350951887,0.7487041633843895,0.7779567440588777,True,El Raval,41.37778431498141,2.1615242836637387,,0.01279626402414676,0.01279626402414676,0.01279626402414676,0.22919448599993633,0.01279626402414676,0.01279626402414676,0.21299782936825176,0.01279626402414676,0.01279626402414676,0.01279626402414676,0.21925118744236,0.22339012097213104,0.01279626402414676
1190,architecture_fans,medium,24.310568800825692,transit,10.018806990984112,0.16506371323884417,0.681631265797146,0.13827446451678263,False,Dreta Eixample,41.3939778966911,2.1687580054427937,,0.23472616087336906,0.20783979715178463,0.21621766159244588,0.014573650049403437,0.014573650049403437,0.014573650049403437,0.014573650049403437,0.21005352993776955,0.014573650049403437,0.014573650049403437,0.014573650049403437,0.014573650049403437,0.014573650049403437
1191,architecture_fans,medium,19.83219500187262,transit,5.874044541743316,0.5093108031369149,0.312135561062861,0.6621419662854662,False,Gotic,41.38510814421233,2.1776020142287162,,0.24689620300104878,0.21118325409724334,0.20207676802978733,0.015924867216594012,0.015924867216594012,0.015924867216594012,0.015924867216594012,0.19651996992257442,0.015924867216594012,0.015924867216594012,0.015924867216594012,0.015924867216594012,0.015924867216594012
1192,beach_nightlife,medium,18.442630122609227,walk,1.8821318687916853,0.3489422166165648,0.393319685021065,0.5117623397910034,False,Sagrada Familia,41.39615034289367,2.1754906172841255,,0.014940097543447876,0.014940097543447876,0.014940097543447876,0.014940097543447876,0.014940097543447876,0.17338684679738595,0.2429639146712893,0.014940097543447876,0.24491065425597508,0.20427770638431883,0.014940097543447876,0.014940097543447876,0.014940097543447876
1193,food_local_markets,high,37.11606461707497,bike,6.4421881952052935,0.5306564237642851,0.856403007826437,0.6948587456426176,False,Dreta Eixample,41.38806924329945,2.1592428490515765,,0.013835017310770845,0.013835017310770845,0.013835017310770845,0.013835017310770845,0.2047367171974259,0.2445980278202525,0.013835017310770845,0.013835017310770845,0.20713137173406088,0.013835017310770845,0.013835017310770845,0.013835017310770845,0.21901872745132314
1194,food_local_markets,medium,16.41635933757568,transit,11.377027217801945,0.870817057549318,0.5926522902722694,0.5584342483158269,False,Gotic,41.384750466773255,2.1803163997664377,,0.015306833729365798,0.015306833729365798,0.015306833729365798,0.015306833729365798,0.26634162927966093,0.2191884791157669,0.015306833729365798,0.015306833729365798,0.16994010840703305,0.015306833729365798,0.015306833729365798,0.015306833729365798,0.20676827963324693
1195,family_green,low,5.9216490880109856,taxi,7.426569704363929,0.5406049568417025,0.5859598421560109,0.5483090035166239,True,Poblenou,41.396018343251455,2.2093114885798046,,0.01606308192045045,0.01606308192045045,0.01606308192045045,0.22754789248371832,0.01606308192045045,0.01606308192045045,0.23286836639525513,0.01606308192045045,0.01606308192045045,0.01606308192045045,0.19063340486239097,0.20438259897458158,0.01606308192045045
1196,food_local_markets,medium,15.067437655177624,transit,9.474552796839907,0.6331624941691342,0.7136885011458738,0.31116048568034677,True,Gotic,41.381670980266065,2.1659309608651793,,0.014623592601061783,0.014623592601061783,0.014623592601061783,0.014623592601061783,0.2587324264003799,0.1682015519475866,0.014623592601061783,0.014623592601061783,0.21138287065382233,0.014623592601061783,0.014623592601061783,0.014623592601061783,0.23007081758865516
1197,food_local_markets,low,6.114174980534551,mixed,7.769624017053248,0.6120446590377486,0.70395405922953,0.65354772863163,False,Gotic,41.38349981763946,2.1764147421430673,,0.015514338331623048,0.015514338331623048,0.015514338331623048,0.015514338331623048,0.2431443925621239,0.1879805394869717,0.015514338331623048,0.015514338331623048,0.2080217817954448,0.015514338331623048,0.015514338331623048,0.015514338331623048,0.22122424117085224
1198,beach_nightlife,low,9.439343730089126,bike,6.5656450942244255,0.28876151892768176,0.04476783822553924,0.9043000366586726,False,Sant Andreu,41.43184460435922,2.1929067701080482,,0.016155611707693696,0.016155611707693696,0.016155611707693696,0.016155611707693696,0.016155611707693696,0.2460846636658441,0.1835397410909228,0.016155611707693696,0.20198220565615238,0.2229928842178375,0.016155611707693696,0.016155611707693696,0.016155611707693696
1199,food_local_markets,medium,15.945595252833762,walk,1.695935010328757,0.7496527664388662,0.3900900437284999,0.22970516542139505,False,El Raval,41.380246477795474,2.172925048038484,,0.01548172185800379,0.01548172185800379,0.01548172185800379,0.01548172185800379,0.23878556525238243,0.19320686294224138,0.01548172185800379,0.01548172185800379,0.16212959085751796,0.01548172185800379,0.01548172185800379,0.01548172185800379,0.26654248422582416
1200,museum_culture,medium,25.549931910615932,mixed,7.6528945520434,0.5730058601684379,0.3136572483337839,0.6267422519433989,False,Sant Andreu,41.431554941268836,2.1910368980886132,,0.24611890560726177,0.014998760125545097,0.18468434567586536,0.014998760125545097,0.014998760125545097,0.014998760125545097,0.014998760125545097,0.014998760125545097,0.014998760125545097,0.014998760125545097,0.014998760125545097,0.23565627266858089,0.19855163491838615
1201,family_green,low,5.640631179757949,mixed,6.12434011170195,0.6210951022634192,0.923734797542907,0.8842232964536987,True,La Barceloneta,41.38279661077949,2.1854449732413492,,0.014661748239864438,0.014661748239864438,0.014661748239864438,0.2465904876818893,0.014661748239864438,0.014661748239864438,0.207123291034277,0.014661748239864438,0.014661748239864438,0.014661748239864438,0.17306818471638996,0.24126230240866373,0.014661748239864438
1202,history_religion,medium,22.010217380381718,transit,8.291058922454356,0.3079057188995503,0.3135197529515008,0.6666616276999762,False,Dreta Eixample,41.38804592931288,2.1659529751476194,,0.19457506397143268,0.19136253618039412,0.24269563245753317,0.016232013500738655,0.016232013500738655,0.016232013500738655,0.016232013500738655,0.016232013500738655,0.016232013500738655,0.016232013500738655,0.016232013500738655,0.016232013500738655,0.22527864588399205
1203,museum_culture,medium,18.086631380243826,transit,5.941878459412592,0.8655861493014841,0.41786689921202047,0.2714481191146546,False,Vila de Gracia,41.40502098865184,2.155038268872045,,0.20523359656469406,0.015862090286655178,0.2331102179534742,0.015862090286655178,0.015862090286655178,0.015862090286655178,0.015862090286655178,0.015862090286655178,0.015862090286655178,0.015862090286655178,0.015862090286655178,0.257953938943906,0.1609434339580291
1204,family_green,low,6.7205156336069445,bike,5.254427251164469,0.8977200829826095,0.46791953931892594,0.8592595186479316,True,Dreta Eixample,41.39192828389202,2.157414905975364,,0.01603493378242128,0.01603493378242128,0.01603493378242128,0.18675191758960757,0.01603493378242128,0.01603493378242128,0.24937447543396207,0.01603493378242128,0.01603493378242128,0.01603493378242128,0.22686759004678936,0.19269161288784942,0.01603493378242128
1205,history_religion,low,10.636563183826034,walk,2.8912053720681548,0.49529542947658584,0.5703559600166969,0.37676050448640497,False,Sagrada Familia,41.40282910377411,2.1734742207317774,,0.24138197802429215,0.2250417954470595,0.23979226086230068,0.014250292354425226,0.014250292354425226,0.014250292354425226,0.014250292354425226,0.014250292354425226,0.014250292354425226,0.014250292354425226,0.014250292354425226,0.014250292354425226,0.16553133447652058
1206,museum_culture,high,27.619166898886654,transit,9.20001478791934,0.4685499976404229,0.43580180926681583,0.7209317382654623,True,El Raval,41.38550181121257,2.1687619259366815,,0.24322348625933304,0.014109703912838343,0.204157881664897,0.014109703912838343,0.014109703912838343,0.014109703912838343,0.014109703912838343,0.014109703912838343,0.014109703912838343,0.014109703912838343,0.014109703912838343,0.23678901945812628,0.18884227740209855
1207,family_green,low,10.028099017498082,bike,3.4862456242568483,0.571132161926795,0.6002418531269661,0.8339023830183384,True,Vila de Gracia,41.40155103053399,2.15830264008631,,0.015648506748892833,0.015648506748892833,0.015648506748892833,0.21375923352580747,0.015648506748892833,0.015648506748892833,0.23985493208646455,0.015648506748892833,0.015648506748892833,0.015648506748892833,0.18537779645299315,0.2201714771946994,0.015648506748892833
1208,history_religion,medium,9.232300090973986,walk,2.4153190240739884,0.5374230425263178,0.4556441827436497,0.21770657052206374,False,El Raval,41.38118238532934,2.167097316076031,,0.25927436814759297,0.17019770758711042,0.22326778793693602,0.014916995767827937,0.014916995767827937,0.014916995767827937,0.014916995767827937,0.014916995767827937,0.014916995767827937,0.014916995767827937,0.014916995767827937,0.014916995767827937,0.21300717441790917
1209,family_green,medium,18.772971535337298,transit,10.20342482593513,0.6967683162551,0.8760288087731349,0.877059093896308,False,Dreta Eixample,41.39118810530434,2.1653197135540885,,0.014140071755612365,0.014140071755612365,0.014140071755612365,0.2528868627615281,0.014140071755612365,0.014140071755612365,0.2066312507461103,0.014140071755612365,0.014140071755612365,0.014140071755612365,0.2303334767722969,0.18288776391955347,0.014140071755612365
1210,food_local_markets,medium,14.89637658989203,walk,1.7688549490602454,0.7139318645873354,0.3875352379543399,0.3669062280682158,False,Les Corts,41.38914470790577,2.1355072441375413,,0.014921776044576675,0.014921776044576675,0.014921776044576675,0.014921776044576675,0.24901557927342488,0.24930335595903638,0.014921776044576675,0.014921776044576675,0.20238951537554598,0.014921776044576675,0.014921776044576675,0.014921776044576675,0.1649955649908027
1211,architecture_fans,medium,29.94689771828802,taxi,12.946047541955277,0.26877771046139953,0.23741340847970313,0.22081951352156567,False,Vila de Gracia,41.405623454285546,2.1617868784008896,,0.16450210789693584,0.2727541177175892,0.19148884873169728,0.015689144306039966,0.015689144306039966,0.015689144306039966,0.015689144306039966,0.23005262689941794,0.015689144306039966,0.015689144306039966,0.015689144306039966,0.015689144306039966,0.015689144306039966
1212,history_religion,low,3.62845418133694,transit,7.886632955768161,0.7022699009360157,0.5553718610939782,0.1571001671066513,False,Dreta Eixample,41.395115000485546,2.164666291359427,,0.18179087037403666,0.23848034728612252,0.21736539189499915,0.013743267447273935,0.013743267447273935,0.013743267447273935,0.013743267447273935,0.013743267447273935,0.013743267447273935,0.013743267447273935,0.013743267447273935,0.013743267447273935,0.23867398341937623
1213,history_religion,low,10.100163779790627,transit,7.223794925690725,0.4114145247413997,0.5732770626328041,0.40669314027176584,True,Gotic,41.38815665322598,2.1827774937917153,,0.22851021770112584,0.23312108286485075,0.18123256507263055,0.016750160050469257,0.016750160050469257,0.016750160050469257,0.016750160050469257,0.016750160050469257,0.016750160050469257,0.016750160050469257,0.016750160050469257,0.016750160050469257,0.20638469390716951
1214,architecture_fans,medium,21.655294651898373,transit,5.613222412868473,0.2904921626208568,0.371047766110976,0.49527210142506656,False,El Raval,41.386547579775815,2.170354191336007,,0.19632435847021107,0.26080513193077165,0.22439566893214744,0.015320976882704123,0.015320976882704123,0.015320976882704123,0.015320976882704123,0.18058604872253275,0.015320976882704123,0.015320976882704123,0.015320976882704123,0.015320976882704123,0.015320976882704123
1215,beach_nightlife,low,7.39686614306824,transit,6.502430515445472,0.6439697503954611,0.355552377430917,0.9613831218484465,False,Les Corts,41.380975838817825,2.1350690700768093,,0.014208976215701321,0.014208976215701321,0.014208976215701321,0.014208976215701321,0.014208976215701321,0.18607672547821777,0.20246943703921247,0.014208976215701321,0.2474458431559701,0.23612720838528772,0.014208976215701321,0.014208976215701321,0.014208976215701321
1216,architecture_fans,high,32.097172687665434,transit,11.772666659588072,0.2872848067853976,0.27596653797433235,0.48848267152347696,False,Vila de Gracia,41.40204933590105,2.1561774646605594,,0.22382404129059452,0.19514777885927653,0.23859508729560863,0.013516906377788743,0.013516906377788743,0.013516906377788743,0.013516906377788743,0.2207809351544216,0.013516906377788743,0.013516906377788743,0.013516906377788743,0.013516906377788743,0.013516906377788743
1217,food_local_markets,medium,30.233230989446547,mixed,7.905463849517714,0.6192932026591424,0.32139422678982627,0.22019591372822944,False,Dreta Eixample,41.383727159695646,2.1679510532502966,,0.015166285902689758,0.015166285902689758,0.015166285902689758,0.015166285902689758,0.23681822054918936,0.24627601277225064,0.015166285902689758,0.015166285902689758,0.1616051511486138,0.015166285902689758,0.015166285902689758,0.015166285902689758,0.21880404240573834
1218,museum_culture,high,35.56057028544554,walk,2.938105113476197,0.4276883658738101,0.7793081065152968,0.505461719171176,False,Sant Andreu,41.437948379972305,2.1841783817729277,,0.16503599033598246,0.016046992089602672,0.2517092076018216,0.016046992089602672,0.016046992089602672,0.016046992089602672,0.016046992089602672,0.016046992089602672,0.016046992089602672,0.016046992089602672,0.016046992089602672,0.2153068033410027,0.22352506991476925
1219,beach_nightlife,low,10.295362721880526,bike,5.422174362438614,0.08192254159621667,0.5649801266876687,0.9587300653555658,False,Vila de Gracia,41.40851855033679,2.1582928486024513,,0.015041364408938112,0.015041364408938112,0.015041364408938112,0.015041364408938112,0.015041364408938112,0.2606590870109059,0.23046328112534845,0.015041364408938112,0.15390724421693583,0.21959810796636683,0.015041364408938112,0.015041364408938112,0.015041364408938112
1220,museum_culture,medium,19.361670607005234,transit,6.07858507991754,0.5978045839417717,0.7934679170792662,0.4147119459266588,True,Poblenou,41.398675058379574,2.211321771272115,,0.21676578617732142,0.015356849841564456,0.1980652306233992,0.015356849841564456,0.015356849841564456,0.015356849841564456,0.015356849841564456,0.015356849841564456,0.015356849841564456,0.015356849841564456,0.015356849841564456,0.2427692772297064,0.2041880573954928
1221,architecture_fans,high,53.422910072394664,transit,7.77761475790343,0.14290201085255688,0.3712266343583654,0.6957593588903984,False,Les Corts,41.38683424707333,2.1252762326137233,,0.26866601547901775,0.19002028974759427,0.21927544345675648,0.015119513824420755,0.015119513824420755,0.015119513824420755,0.015119513824420755,0.18596262689684478,0.015119513824420755,0.015119513824420755,0.015119513824420755,0.015119513824420755,0.015119513824420755
1222,food_local_markets,low,4.352549594817063,bike,4.907988314069159,0.5905616223228323,0.8179045932988523,0.702053895484431,False,Sagrada Familia,41.40130850647493,2.1701270913744755,,0.016295633348308323,0.016295633348308323,0.016295633348308323,0.016295633348308323,0.18489761367621171,0.17785088326502463,0.016295633348308323,0.016295633348308323,0.24448290736347678,0.016295633348308323,0.016295633348308323,0.016295633348308323,0.24610789556051202
1223,beach_nightlife,medium,16.247553846518173,walk,2.0993569769374973,0.3252054903328836,0.44190134197615705,0.7645804406509709,False,Vila de Gracia,41.40023188339623,2.161611500016426,,0.015930240660377345,0.015930240660377345,0.015930240660377345,0.015930240660377345,0.015930240660377345,0.2386027443946954,0.16985743938024503,0.015930240660377345,0.22289408572644423,0.22527356455521927,0.015930240660377345,0.015930240660377345,0.015930240660377345
1224,beach_nightlife,medium,25.701047705647206,transit,7.3956585466367875,0.1998756690721898,0.41366736068731713,0.6845252419829312,False,Sagrada Familia,41.399255171315495,2.1685205679484887,,0.01616851547626458,0.01616851547626458,0.01616851547626458,0.01616851547626458,0.01616851547626458,0.17076415754961372,0.2850162767562376,0.01616851547626458,0.185241451565767,0.21346147484200054,0.01616851547626458,0.01616851547626458,0.01616851547626458
1225,food_local_markets,low,6.42419374317093,bike,5.997188454019306,0.4196318741287981,0.7266954612226545,0.7591346276906991,False,Sagrada Familia,41.402234939035104,2.1737259329923964,,0.019010508813244557,0.019010508813244557,0.019010508813244557,0.019010508813244557,0.21313172390319252,0.1956429462795427,0.019010508813244557,0.019010508813244557,0.1994415747402809,0.019010508813244557,0.019010508813244557,0.019010508813244557,0.22068917575778293
1226,food_local_markets,medium,17.67065058293628,transit,11.477151366216095,0.7696289661215798,0.2602721171684986,0.42383788380228615,False,Gotic,41.39610369472891,2.1803719548634954,,0.017077648838284474,0.017077648838284474,0.017077648838284474,0.017077648838284474,0.2679583156988101,0.20095734056254677,0.017077648838284474,0.017077648838284474,0.20305619290351407,0.017077648838284474,0.017077648838284474,0.017077648838284474,0.17432931129056883
1227,history_religion,high,33.20774828541182,walk,2.2917147083933864,0.4163811133905603,0.44210944228236043,0.384507512329042,False,La Barceloneta,41.377159825635935,2.189656309757251,,0.21766452245052437,0.2346362525883307,0.19703947930953,0.015055965871625526,0.015055965871625526,0.015055965871625526,0.015055965871625526,0.015055965871625526,0.015055965871625526,0.015055965871625526,0.015055965871625526,0.015055965871625526,0.21515605280698524
1228,family_green,medium,18.664243623390114,mixed,6.320898535721702,0.47903003483104195,0.6772973779934256,0.9528681164090494,True,Poblenou,41.395155415057864,2.205522787803971,,0.013842262604482151,0.013842262604482151,0.013842262604482151,0.21192586698750748,0.013842262604482151,0.013842262604482151,0.23914312698748222,0.013842262604482151,0.013842262604482151,0.013842262604482151,0.24065178628686754,0.18369885629780336,0.013842262604482151
1229,food_local_markets,low,8.969742457479677,transit,5.704130562450033,0.12195468439130719,0.7550143125052518,0.5700674176580801,False,Gotic,41.38484676217531,2.1817065693203337,,0.015888117543718123,0.015888117543718123,0.015888117543718123,0.015888117543718123,0.18581275406333864,0.2784274516561295,0.015888117543718123,0.015888117543718123,0.16085463952359424,0.015888117543718123,0.015888117543718123,0.015888117543718123,0.23191209686347447
1230,architecture_fans,medium,5.596308129351536,transit,7.779373904865631,0.44749550609324573,0.3829445808317396,0.2572663231443127,False,Gotic,41.382267321111854,2.1788587090749942,,0.27860688916063986,0.1622081529326222,0.16114953543950986,0.015550543242677456,0.015550543242677456,0.015550543242677456,0.015550543242677456,0.2580805332831311,0.015550543242677456,0.015550543242677456,0.015550543242677456,0.015550543242677456,0.015550543242677456
1231,history_religion,low,9.34229000553613,transit,5.055724768835067,0.4255110489512264,0.49074071459851176,0.5362906394927708,False,El Raval,41.381766262022346,2.1684733320115632,,0.23136573347897313,0.21974903525106473,0.2179182981359801,0.014857822960546913,0.014857822960546913,0.014857822960546913,0.014857822960546913,0.014857822960546913,0.014857822960546913,0.014857822960546913,0.014857822960546913,0.014857822960546913,0.19724652648905977
1232,food_local_markets,high,32.48864467726054,transit,9.252080827369625,0.7284748081779314,0.6113934141338925,0.5269426707537389,False,Dreta Eixample,41.39460178583364,2.1673788443665525,,0.014792433791034969,0.014792433791034969,0.014792433791034969,0.014792433791034969,0.22123382900621488,0.21452742043207676,0.014792433791034969,0.014792433791034969,0.17892563395901315,0.014792433791034969,0.014792433791034969,0.014792433791034969,0.25218121248338055
1233,family_green,high,29.97984170605469,transit,9.347437631650038,0.8076030157292841,0.772230060857096,0.8175532544083464,True,El Raval,41.381158849847324,2.1706003675215606,,0.014998631703706545,0.014998631703706545,0.014998631703706545,0.20385553888520686,0.014998631703706545,0.014998631703706545,0.26693456809765426,0.014998631703706545,0.014998631703706545,0.014998631703706545,0.22360000567431113,0.17062220200946887,0.014998631703706545
1234,architecture_fans,medium,21.39174380066388,taxi,12.468626077294907,0.38173882272260884,0.5210433597250679,0.26726349618244355,False,La Barceloneta,41.38201810062895,2.199201915978938,,0.19185178988103133,0.24856259298377759,0.21579964288104267,0.01551774167188198,0.01551774167188198,0.01551774167188198,0.01551774167188198,0.20412629920721057,0.01551774167188198,0.01551774167188198,0.01551774167188198,0.01551774167188198,0.01551774167188198
1235,museum_culture,medium,23.695633426961297,transit,8.802850950261444,0.7153592720724374,0.6809227076689147,0.36455734233564,False,Dreta Eixample,41.391992451392014,2.1576550311848326,,0.23760711900937065,0.013701857173021813,0.2148950729970986,0.013701857173021813,0.013701857173021813,0.013701857173021813,0.013701857173021813,0.013701857173021813,0.013701857173021813,0.013701857173021813,0.013701857173021813,0.23339192039945025,0.1907891730368842
1236,history_religion,medium,15.420245619709652,walk,1.5195202108711516,0.0836731528742654,0.48747524489049743,0.27732676821084623,False,El Raval,41.38501533966414,2.171006403962582,,0.21278610517541563,0.22189393041161548,0.17674358390595005,0.015179858235309346,0.015179858235309346,0.015179858235309346,0.015179858235309346,0.015179858235309346,0.015179858235309346,0.015179858235309346,0.015179858235309346,0.015179858235309346,0.2519576563892348
1237,history_religion,medium,17.656759127695434,transit,10.53794810561785,0.24942575916084583,0.4091926638387807,0.5856862388804199,False,Sant Andreu,41.43359103694586,2.2016987227397515,,0.21702079119138218,0.24700445199761448,0.20334262566148065,0.017035659523118158,0.017035659523118158,0.017035659523118158,0.017035659523118158,0.017035659523118158,0.017035659523118158,0.017035659523118158,0.017035659523118158,0.017035659523118158,0.17931119544145935
1238,architecture_fans,medium,18.5734898561158,mixed,3.503500568636528,0.2336669581453227,0.21931313057274843,0.5162802949475771,False,Sagrada Familia,41.40632550085379,2.1701404793187926,,0.21595210313610966,0.2360420205976694,0.19161562888711856,0.01742712865757768,0.01742712865757768,0.01742712865757768,0.01742712865757768,0.19954608946090324,0.01742712865757768,0.01742712865757768,0.01742712865757768,0.01742712865757768,0.01742712865757768
1239,history_religion,medium,17.128906597340546,walk,1.7227810540854618,0.5000409207511121,0.24767794852931158,0.5589929524203194,False,Les Corts,41.38700878785249,2.1278745760774376,,0.20489662706238942,0.23082347527053582,0.20586813944582918,0.014643834025099918,0.014643834025099918,0.014643834025099918,0.014643834025099918,0.014643834025099918,0.014643834025099918,0.014643834025099918,0.014643834025099918,0.014643834025099918,0.22661725199534635
1240,architecture_fans,medium,20.198798991294463,transit,7.722391805247845,0.043529625083376655,0.6643824500526744,0.5483953786351784,False,Gotic,41.381132344797166,2.178065876560257,,0.2654340737209693,0.22240455901308598,0.1971792643251148,0.014791886635556433,0.014791886635556433,0.014791886635556433,0.014791886635556433,0.1818551232208221,0.014791886635556433,0.014791886635556433,0.014791886635556433,0.014791886635556433,0.014791886635556433
1241,history_religion,high,38.847174698955286,transit,10.266134355482293,0.17663205260773326,0.2328560498015386,0.15928330404716054,False,Les Corts,41.39081367211734,2.136550838435976,,0.1804189720205099,0.2934988479503435,0.19726773319825602,0.0166896522117863,0.0166896522117863,0.0166896522117863,0.0166896522117863,0.0166896522117863,0.0166896522117863,0.0166896522117863,0.0166896522117863,0.0166896522117863,0.17860757692481397
1242,food_local_markets,medium,27.503090014844375,transit,9.7907621651187,0.6594573178928328,0.7532752782879821,0.4642514094511142,False,La Barceloneta,41.37598225465066,2.197099568617296,,0.01382832505100794,0.01382832505100794,0.01382832505100794,0.01382832505100794,0.24335955643438395,0.18185221690488282,0.01382832505100794,0.01382832505100794,0.22725824340452064,0.01382832505100794,0.01382832505100794,0.01382832505100794,0.22307505779714115
1243,architecture_fans,high,42.15052823167934,mixed,3.177903977518821,0.4076797885752644,0.30704110335899043,0.6871492859751618,False,Dreta Eixample,41.3988813386153,2.1644708635830248,,0.23901307355618656,0.1791954262682459,0.251358913420881,0.014176829755397042,0.014176829755397042,0.014176829755397042,0.014176829755397042,0.20284111895611306,0.014176829755397042,0.014176829755397042,0.014176829755397042,0.014176829755397042,0.014176829755397042
1244,family_green,low,7.8729105420972285,bike,5.378373786061209,0.7144396861309706,0.7689764019132508,0.5465957347059384,True,Poblenou,41.39976505919576,2.1964331876677243,,0.015325869415214705,0.015325869415214705,0.015325869415214705,0.21040361256802745,0.015325869415214705,0.015325869415214705,0.21774020683499506,0.015325869415214705,0.015325869415214705,0.015325869415214705,0.20797656424103378,0.22594679161901132,0.015325869415214705
1245,family_green,medium,19.668749082278385,transit,9.20109097265373,0.7667239588173248,0.6402171135977922,0.6869088030313415,True,Dreta Eixample,41.3882405247815,2.1689615746874122,,0.014971799508664025,0.014971799508664025,0.014971799508664025,0.2273008576024986,0.014971799508664025,0.014971799508664025,0.26446626923226585,0.014971799508664025,0.014971799508664025,0.014971799508664025,0.21656805377981939,0.15691862380743987,0.014971799508664025
1246,architecture_fans,medium,20.056449286101337,walk,2.142700821311079,0.2621660079508333,0.16572616388811623,0.09160825577375158,False,El Raval,41.38206047710173,2.1666662947018045,,0.17254160052765583,0.18412630843111305,0.20696957304105446,0.016370400333134572,0.016370400333134572,0.016370400333134572,0.016370400333134572,0.2890289150019655,0.016370400333134572,0.016370400333134572,0.016370400333134572,0.016370400333134572,0.016370400333134572
1247,food_local_markets,low,6.0857272852007585,transit,5.4152432850238705,0.6252502581233811,0.5764158350611371,0.35237904842899576,False,Vila de Gracia,41.40156522815672,2.1627613795888947,,0.01663503983736791,0.01663503983736791,0.01663503983736791,0.01663503983736791,0.18333910287772487,0.1925384861535575,0.01663503983736791,0.01663503983736791,0.19075197453275036,0.01663503983736791,0.01663503983736791,0.01663503983736791,0.2836550778996561
1248,beach_nightlife,medium,9.979928392338184,walk,3.416328091867047,0.5554905630921037,0.42646175771210115,0.8046858479842438,False,Gotic,41.38329352409738,2.1781749119516403,,0.016350088045802742,0.016350088045802742,0.016350088045802742,0.016350088045802742,0.016350088045802742,0.18610045944066914,0.17017553223119825,0.016350088045802742,0.25719169028868877,0.2393815256272192,0.016350088045802742,0.016350088045802742,0.016350088045802742
1249,architecture_fans,low,5.992783625186098,transit,9.855258464845702,0.16483146608891583,0.7737625539918953,0.11242660150035454,False,Sant Andreu,41.42749546872125,2.1863987746723743,,0.2285075130670299,0.15581124955086462,0.2588933475243375,0.015299724679037492,0.015299724679037492,0.015299724679037492,0.015299724679037492,0.21909036774643054,0.015299724679037492,0.015299724679037492,0.015299724679037492,0.015299724679037492,0.015299724679037492
1250,history_religion,medium,23.112065699597956,transit,10.281493908599293,0.6698497888802621,0.45939326155001403,0.3943910019286587,False,Poblenou,41.39233206975818,2.2025821639768486,,0.23867669395039254,0.1719951424162839,0.22537272104312933,0.013955274483441532,0.013955274483441532,0.013955274483441532,0.013955274483441532,0.013955274483441532,0.013955274483441532,0.013955274483441532,0.013955274483441532,0.013955274483441532,0.23835797223922042
1251,family_green,medium,15.558269095497803,transit,6.3721767072942415,0.7988274683506903,0.6696042797427909,0.7632463509455505,True,Gotic,41.38828005223054,2.178085114354259,,0.014358995317983054,0.014358995317983054,0.014358995317983054,0.2055693687877443,0.014358995317983054,0.014358995317983054,0.162259015605392,0.014358995317983054,0.014358995317983054,0.014358995317983054,0.25018758953774145,0.2527530682072747,0.014358995317983054
1252,food_local_markets,low,9.816429722525111,walk,1.6316339599538532,0.5976882943542436,0.447027973417996,0.5712814684542292,False,Sagrada Familia,41.40039459157705,2.1773038862853724,,0.014850119304319684,0.014850119304319684,0.014850119304319684,0.014850119304319684,0.18718751873862174,0.22055435078456764,0.014850119304319684,0.014850119304319684,0.23049076819658848,0.014850119304319684,0.014850119304319684,0.014850119304319684,0.2281162885413449
1253,architecture_fans,medium,9.032680179561616,bike,5.6182017389218135,0.47943785231689834,0.5091599418604436,0.5649387273607499,False,El Raval,41.37888181900438,2.168766696569086,,0.22150486461507365,0.24024880756731543,0.22086276396607904,0.01430239707448394,0.01430239707448394,0.01430239707448394,0.01430239707448394,0.18866199018117646,0.01430239707448394,0.01430239707448394,0.01430239707448394,0.01430239707448394,0.01430239707448394
1254,family_green,medium,11.784116125021868,mixed,3.8348409261066467,0.8541224960198553,0.7732709594852527,0.8728074053227575,True,La Barceloneta,41.37510065103334,2.1847941227931043,,0.01757516547142869,0.01757516547142869,0.01757516547142869,0.23652341995598447,0.01757516547142869,0.01757516547142869,0.18350954035867564,0.01757516547142869,0.01757516547142869,0.01757516547142869,0.242966350901358,0.17882419954112375,0.01757516547142869
1255,family_green,medium,24.171013046979944,mixed,4.239569400195492,0.5080118780899646,0.8118365999505547,0.8635517519856312,False,Poblenou,41.39465692740604,2.19746341003833,,0.015419772954900773,0.015419772954900773,0.015419772954900773,0.24072327176440853,0.015419772954900773,0.015419772954900773,0.2662110834287345,0.015419772954900773,0.015419772954900773,0.015419772954900773,0.1986983613229059,0.15558932688984406,0.015419772954900773
1256,architecture_fans,high,29.592727549140186,transit,9.562342771490894,0.32598160381291347,0.12268459274237827,0.5289785934616158,False,El Raval,41.37698515897403,2.1669977458472003,,0.2649689015585383,0.22573826039798797,0.20761916345290574,0.01570972903014609,0.01570972903014609,0.01570972903014609,0.01570972903014609,0.1602861133192532,0.01570972903014609,0.01570972903014609,0.01570972903014609,0.01570972903014609,0.01570972903014609
1257,food_local_markets,medium,20.274934307712815,bike,3.2315034844030412,0.8732295310183366,0.6661573249607216,0.5470049748019155,True,Les Corts,41.389224017161645,2.1305712836046555,,0.01614138231069566,0.01614138231069566,0.01614138231069566,0.01614138231069566,0.2006397452108706,0.25182163839718946,0.01614138231069566,0.01614138231069566,0.2193023425434802,0.01614138231069566,0.01614138231069566,0.01614138231069566,0.18296383305219882
1258,beach_nightlife,high,33.38547259763679,walk,1.7123861452313156,0.5034656780858466,0.3207771106442046,0.8718067299206365,False,Vila de Gracia,41.40222518355431,2.1549925875964786,,0.015124909573362846,0.015124909573362846,0.015124909573362846,0.015124909573362846,0.015124909573362846,0.21407896870115098,0.22891348960498217,0.015124909573362846,0.19264115600880954,0.22824219952479166,0.015124909573362846,0.015124909573362846,0.015124909573362846
1259,history_religion,low,8.023845857943739,walk,3.44379612595358,0.19027962356274922,0.5134469941848632,0.36603551789644223,False,Vila de Gracia,41.406646470855996,2.1545733503054367,,0.20593727582199908,0.22668417254315273,0.17837170078307907,0.01742031306381604,0.01742031306381604,0.01742031306381604,0.01742031306381604,0.01742031306381604,0.01742031306381604,0.01742031306381604,0.01742031306381604,0.01742031306381604,0.23222403327742472
1260,food_local_markets,medium,16.732201872889956,bike,5.3529713094827205,0.5762718767864689,0.5809084109688174,0.4410229546463033,False,Sagrada Familia,41.40214402988172,2.178975034034277,,0.015228153638087435,0.015228153638087435,0.015228153638087435,0.015228153638087435,0.25394636122163866,0.207906911375361,0.015228153638087435,0.015228153638087435,0.1743154321574559,0.015228153638087435,0.015228153638087435,0.015228153638087435,0.22677791250275744
1261,museum_culture,medium,18.715955929544528,bike,5.802672441318249,0.38407084152450055,0.4352415954121104,0.09359437433362532,False,El Raval,41.38649565087467,2.169933115761886,,0.22242640086796356,0.016262924027172485,0.18035021445467384,0.016262924027172485,0.016262924027172485,0.016262924027172485,0.016262924027172485,0.016262924027172485,0.016262924027172485,0.016262924027172485,0.016262924027172485,0.22842911582455194,0.2224279526082583
1262,food_local_markets,medium,11.052821219688115,walk,1.7188391110748036,0.6608117084139826,0.6234068522820956,0.7169586761369573,True,El Raval,41.37173720322886,2.17258464522374,,0.014850262332886853,0.014850262332886853,0.014850262332886853,0.014850262332886853,0.23557762453744352,0.158501026068339,0.014850262332886853,0.014850262332886853,0.23014724886943996,0.014850262332886853,0.014850262332886853,0.014850262332886853,0.24212173952879587
1263,architecture_fans,medium,31.30754809066515,transit,11.885448365356936,0.5558168959593455,0.3079519147583377,0.270981273837184,False,El Raval,41.382265461151185,2.1768352816870853,,0.1662425498415471,0.25077566952949154,0.20544448931886955,0.014218028698589279,0.014218028698589279,0.014218028698589279,0.014218028698589279,0.2495750330227883,0.014218028698589279,0.014218028698589279,0.014218028698589279,0.014218028698589279,0.014218028698589279
1264,history_religion,medium,20.011710614008333,transit,7.250464385072556,0.3993314582052467,0.3592424733653332,0.5958609069620858,False,La Barceloneta,41.38138315878281,2.1809614449946038,,0.21142996523923802,0.23248619245816426,0.2122215593204207,0.012947219131583072,0.012947219131583072,0.012947219131583072,0.012947219131583072,0.012947219131583072,0.012947219131583072,0.012947219131583072,0.012947219131583072,0.012947219131583072,0.22733731079792935
1265,beach_nightlife,medium,22.359211012259117,walk,2.2224633163040335,0.6176286442423631,0.6475464847128063,0.6440259949051079,False,Dreta Eixample,41.38779454960738,2.1622246935547276,,0.016340015431805396,0.016340015431805396,0.016340015431805396,0.016340015431805396,0.016340015431805396,0.17258377673204597,0.27161522915812697,0.016340015431805396,0.17313210381138427,0.2356087514121942,0.016340015431805396,0.016340015431805396,0.016340015431805396
1266,architecture_fans,medium,15.190175650802981,walk,2.439233847129083,0.1579841105629042,0.5515145120610913,0.3956409622905317,False,Gotic,41.38119489417555,2.177053847805939,,0.20635209739543622,0.23137132292909296,0.18799364135948754,0.013929521048863655,0.013929521048863655,0.013929521048863655,0.013929521048863655,0.24891724887621033,0.013929521048863655,0.013929521048863655,0.013929521048863655,0.013929521048863655,0.013929521048863655
1267,architecture_fans,medium,17.75961303292544,transit,5.24124329220468,0.531258633362698,0.38296093874066994,0.272360663073334,False,Montjuic,41.36994312119782,2.148302270408244,,0.23323930342769594,0.21112023970446062,0.20645467358620676,0.01731875305427476,0.01731875305427476,0.01731875305427476,0.01731875305427476,0.1933170057931639,0.01731875305427476,0.01731875305427476,0.01731875305427476,0.01731875305427476,0.01731875305427476
1268,architecture_fans,medium,14.43394758429949,walk,2.4295471675131504,0.4641479603180136,0.20994474608793,0.3843284275366275,False,Poblenou,41.40361639205553,2.199802628174058,,0.24386377955652142,0.1939302367697856,0.17354723307861067,0.015204454706674798,0.015204454706674798,0.015204454706674798,0.015204454706674798,0.2518186582350091,0.015204454706674798,0.015204454706674798,0.015204454706674798,0.015204454706674798,0.015204454706674798
1269,museum_culture,high,30.334109224943454,transit,8.37972085036591,0.7971938499328896,0.45792978220034597,0.6787853872000054,False,Dreta Eixample,41.39135683429466,2.1602411259779273,,0.18325163523697194,0.015133333157798247,0.2421623099964811,0.015133333157798247,0.015133333157798247,0.015133333157798247,0.015133333157798247,0.015133333157798247,0.015133333157798247,0.015133333157798247,0.015133333157798247,0.18356325907094487,0.2548227972754179
1270,food_local_markets,medium,13.351855049955233,transit,9.359119923413983,0.4077100866286363,0.5194592538301624,0.47774483243822125,False,Vila de Gracia,41.40876041664236,2.1523100090039105,,0.015442158777115361,0.015442158777115361,0.015442158777115361,0.015442158777115361,0.2759694729470735,0.24840504370848193,0.015442158777115361,0.015442158777115361,0.17864264959733672,0.015442158777115361,0.015442158777115361,0.015442158777115361,0.15800340475306957
1271,museum_culture,medium,16.806861922524433,transit,7.468796320955471,0.6218760049517643,0.3572938785322182,0.6167889696780688,False,Montjuic,41.37223010163017,2.1544499461212063,,0.2651417029226641,0.015452036748195024,0.24622502979921293,0.015452036748195024,0.015452036748195024,0.015452036748195024,0.015452036748195024,0.015452036748195024,0.015452036748195024,0.015452036748195024,0.015452036748195024,0.17163933250504618,0.17792560403932167
1272,family_green,low,6.13317921496848,bike,3.6442511390245604,0.7994995483687363,0.6186993408021229,0.9716120936320072,True,Sant Andreu,41.43010002248571,2.1876263501582565,,0.01640497547374671,0.01640497547374671,0.01640497547374671,0.26420376409171614,0.01640497547374671,0.01640497547374671,0.24286807662655904,0.01640497547374671,0.01640497547374671,0.01640497547374671,0.166676290850919,0.17860708916708543,0.01640497547374671
1273,architecture_fans,low,5.9627616097791964,transit,5.356736092144358,0.5446258047844884,0.5093237026823355,0.2573891661193855,False,La Barceloneta,41.37651907236504,2.1926607382094327,,0.22378108504303315,0.22564489071994698,0.17890285739034478,0.014980079094537595,0.014980079094537595,0.014980079094537595,0.014980079094537595,0.23685045499583668,0.014980079094537595,0.014980079094537595,0.014980079094537595,0.014980079094537595,0.014980079094537595
1274,architecture_fans,medium,16.501612351118435,mixed,6.0622106426602675,0.3282154648047547,0.36792994625488024,0.35166817373258147,False,Vila de Gracia,41.40427895891562,2.159636681379189,,0.23301845841717428,0.19176493649726056,0.22880663532825102,0.013752936934409092,0.013752936934409092,0.013752936934409092,0.013752936934409092,0.22263353734763236,0.013752936934409092,0.013752936934409092,0.013752936934409092,0.013752936934409092,0.013752936934409092
1275,food_local_markets,medium,16.247787508225386,walk,1.66267383930806,0.7262313163518093,0.6770228136479994,0.49371251988424775,False,El Raval,41.38276649608855,2.165519397649711,,0.014094978924958864,0.014094978924958864,0.014094978924958864,0.014094978924958864,0.1915241532317805,0.23071139826472636,0.014094978924958864,0.014094978924958864,0.2396134508562477,0.014094978924958864,0.014094978924958864,0.014094978924958864,0.21129618732261568
1276,architecture_fans,high,51.370596807355774,transit,11.095157180714285,0.5477628946495989,0.4610655933178124,0.3260515786425439,False,Sagrada Familia,41.40830338376512,2.1760312776677933,,0.2478495518066101,0.1847294279183838,0.18923871979902254,0.016125800256163666,0.016125800256163666,0.016125800256163666,0.016125800256163666,0.2330500981705105,0.016125800256163666,0.016125800256163666,0.016125800256163666,0.016125800256163666,0.016125800256163666
1277,family_green,medium,19.845587461971732,mixed,5.727729774329049,0.7110945740830699,0.709500154283415,0.9387381565035804,True,Poblenou,41.401236460356486,2.2029187299940247,,0.015879383025040546,0.015879383025040546,0.015879383025040546,0.2712279958713825,0.015879383025040546,0.015879383025040546,0.18325622109158618,0.015879383025040546,0.015879383025040546,0.015879383025040546,0.18151017736885666,0.22109115844280972,0.015879383025040546
1278,architecture_fans,medium,11.086986624592619,mixed,6.324442624989431,0.4660765087062442,0.3534296017816943,0.36622031306210523,False,Dreta Eixample,41.389357927016746,2.1583035775282924,,0.18245482823723047,0.21973491408366153,0.20933468316027862,0.017119987077458983,0.017119987077458983,0.017119987077458983,0.017119987077458983,0.23439569082169848,0.017119987077458983,0.017119987077458983,0.017119987077458983,0.017119987077458983,0.017119987077458983
1279,architecture_fans,high,39.3679286154004,transit,9.963108014140142,0.3128724818479787,0.2782448221481552,0.5281299352838,False,Gotic,41.383960389047544,2.1778547085956004,,0.1675191078823328,0.23449962677981287,0.2518453646889963,0.014239961710135765,0.014239961710135765,0.014239961710135765,0.014239961710135765,0.21797624525763618,0.014239961710135765,0.014239961710135765,0.014239961710135765,0.014239961710135765,0.014239961710135765
1280,food_local_markets,medium,14.105095031003788,walk,2.942250472731034,0.6098791525681949,0.7665068647855261,0.6792174112250126,False,Sant Andreu,41.43563093394488,2.1883648284436585,,0.014826596489533212,0.014826596489533212,0.014826596489533212,0.014826596489533212,0.22850386769981057,0.26298818419384573,0.014826596489533212,0.014826596489533212,0.22030722662416902,0.014826596489533212,0.014826596489533212,0.014826596489533212,0.15476135307637576
1281,food_local_markets,medium,17.25949627300801,walk,2.9357680728062716,0.494276771248985,0.7432285301998497,0.49738466758471783,True,Vila de Gracia,41.40331287724213,2.1564607636333855,,0.014492272109977083,0.014492272109977083,0.014492272109977083,0.014492272109977083,0.2071432734147947,0.23270923812801425,0.014492272109977083,0.014492272109977083,0.22965507845100316,0.014492272109977083,0.014492272109977083,0.014492272109977083,0.20006196101639412
1282,food_local_markets,medium,24.881722077047943,transit,7.578927705198893,0.5826108876715651,0.49680100670109345,0.32199092415688413,False,Poblenou,41.40235402227221,2.2071111093804725,,0.01544118695834794,0.01544118695834794,0.01544118695834794,0.01544118695834794,0.1588381986625693,0.20139703246451457,0.01544118695834794,0.01544118695834794,0.2535513458194077,0.01544118695834794,0.01544118695834794,0.01544118695834794,0.24724274042837702
1283,architecture_fans,medium,21.73894475058856,transit,11.786068255850518,0.5262261251171163,0.5388690513431866,0.37980294238125484,False,El Raval,41.374274504157526,2.1717459516367135,,0.20046170229562785,0.24385572649423473,0.22558755093774827,0.01369771067612278,0.01369771067612278,0.01369771067612278,0.01369771067612278,0.20681562418728414,0.01369771067612278,0.01369771067612278,0.01369771067612278,0.01369771067612278,0.01369771067612278
1284,history_religion,low,6.023327664174932,taxi,9.682494676045458,0.20681682817446653,0.34366098188793376,0.5694320243678485,False,El Raval,41.37977741515087,2.166898537566602,,0.24691639185896253,0.2050216872729341,0.1867770208267446,0.016783697159026598,0.016783697159026598,0.016783697159026598,0.016783697159026598,0.016783697159026598,0.016783697159026598,0.016783697159026598,0.016783697159026598,0.016783697159026598,0.2102316256101194
1285,architecture_fans,low,5.336160997620877,mixed,7.295957579908253,0.24937557612531128,0.2640104813813845,0.2643419888649499,False,Sarria,41.39721208596411,2.1195597183242767,,0.19314965898896547,0.20758513725966343,0.2730170532519446,0.015944591596779443,0.015944591596779443,0.015944591596779443,0.015944591596779443,0.1827468261284116,0.015944591596779443,0.015944591596779443,0.015944591596779443,0.015944591596779443,0.015944591596779443
1286,history_religion,medium,15.029042749580693,walk,3.205876076697814,0.4537297972547374,0.31526115783217573,0.16340324683747992,False,Les Corts,41.38866862824299,2.1288581287018906,,0.2209594805691027,0.21069859486067843,0.1964311711147347,0.013974606731577244,0.013974606731577244,0.013974606731577244,0.013974606731577244,0.013974606731577244,0.013974606731577244,0.013974606731577244,0.013974606731577244,0.013974606731577244,0.24613929287128894
1287,beach_nightlife,low,8.965812426737784,transit,6.2331385913135575,0.29058014353971995,0.19795211754436975,0.6948660963513471,True,Gotic,41.38575775364734,2.1766849666374664,,0.014751421331207767,0.014751421331207767,0.014751421331207767,0.014751421331207767,0.014751421331207767,0.1871037445391253,0.26513910508455585,0.014751421331207767,0.2586634463337475,0.15633091206170144,0.014751421331207767,0.014751421331207767,0.014751421331207767
1288,food_local_markets,low,5.428713348084204,transit,5.649652408609825,0.5526467823200774,0.6441148738960386,0.2311517671936688,False,Dreta Eixample,41.386254261999206,2.1652035508304475,,0.014411157109386608,0.014411157109386608,0.014411157109386608,0.014411157109386608,0.23680239828590965,0.24655315090857505,0.014411157109386608,0.014411157109386608,0.17489309507197118,0.014411157109386608,0.014411157109386608,0.014411157109386608,0.2120509417490647
1289,family_green,low,7.060585781269912,mixed,5.5107345784334845,0.6673028202728571,0.847609229830524,0.8232847790367797,True,Montjuic,41.36976632108983,2.154195693486594,,0.015926206428383008,0.015926206428383008,0.015926206428383008,0.16363905711794025,0.015926206428383008,0.015926206428383008,0.2643290810512051,0.015926206428383008,0.015926206428383008,0.015926206428383008,0.2038639194782821,0.2248320844971254,0.015926206428383008
1290,family_green,medium,26.767950207570603,bike,6.152846134399704,0.6881415713750948,0.5326472117867003,0.8189128256573089,True,Les Corts,41.38224110185328,2.139381995201769,,0.01543375829330113,0.01543375829330113,0.01543375829330113,0.2274078691542417,0.01543375829330113,0.01543375829330113,0.26955958805825714,0.01543375829330113,0.01543375829330113,0.01543375829330113,0.18027726363464716,0.1838514545131438,0.01543375829330113
1291,family_green,low,7.258305632655096,walk,3.1443764918119887,0.6801961747747248,0.77225685568417,0.487047871602581,False,Vila de Gracia,41.40058297308791,2.1511688236894635,,0.015750156893556005,0.015750156893556005,0.015750156893556005,0.24702007210105276,0.015750156893556005,0.015750156893556005,0.1764962956480526,0.015750156893556005,0.015750156893556005,0.015750156893556005,0.2275046825413462,0.20722753766754434,0.015750156893556005
1292,museum_culture,medium,19.84828432223125,transit,6.3610040158601615,0.7183741345029603,0.5876049177943882,0.8086744946663178,False,Vila de Gracia,41.39653975811041,2.1574976504985384,,0.23493646077233518,0.014085609684952408,0.24500167881891413,0.014085609684952408,0.014085609684952408,0.014085609684952408,0.014085609684952408,0.014085609684952408,0.014085609684952408,0.014085609684952408,0.014085609684952408,0.19469349598431956,0.19859787725985945
1293,architecture_fans,medium,8.70098948474175,mixed,5.135878152080947,0.523869149844856,0.4076578046645747,0.35382597321105097,False,Poblenou,41.39472702975323,2.2024991123376827,,0.1810582492484114,0.22674679549914978,0.25195078301271884,0.015156356382897272,0.015156356382897272,0.015156356382897272,0.015156356382897272,0.2038369647936445,0.015156356382897272,0.015156356382897272,0.015156356382897272,0.015156356382897272,0.015156356382897272
1294,family_green,high,29.2463163521332,transit,6.512787335664535,0.9533780165009155,0.9286067705611035,0.8547887897057564,True,Dreta Eixample,41.39223571148506,2.1651628512157464,,0.014702394088126791,0.014702394088126791,0.014702394088126791,0.22120790571335333,0.014702394088126791,0.014702394088126791,0.15154126932817327,0.014702394088126791,0.014702394088126791,0.014702394088126791,0.2566369081704162,0.23829236999491613,0.014702394088126791
1295,museum_culture,medium,21.370899493986887,transit,8.514730848110075,0.7738285975111959,0.6992381574721181,0.5766924798253433,False,Montjuic,41.376235867552815,2.1554358692280524,,0.18254791663210482,0.014689134313130082,0.19911943674236568,0.014689134313130082,0.014689134313130082,0.014689134313130082,0.014689134313130082,0.014689134313130082,0.014689134313130082,0.014689134313130082,0.014689134313130082,0.23188544824681556,0.2542449895605432
1296,architecture_fans,high,37.74864411679419,transit,6.521954274456488,0.4537477934129684,0.6853126400737807,0.15824951755138206,False,Dreta Eixample,41.396134612110565,2.169504962811837,,0.18593759392016979,0.2621944976913584,0.21847551973307777,0.01483611225292793,0.01483611225292793,0.01483611225292793,0.01483611225292793,0.19986737837904262,0.01483611225292793,0.01483611225292793,0.01483611225292793,0.01483611225292793,0.01483611225292793
1297,family_green,medium,23.745380934913904,bike,4.533559813310366,0.5855856270307497,0.5703346048191813,0.9936115667252714,True,Vila de Gracia,41.40961746966635,2.162272408058011,,0.013958327847763198,0.013958327847763198,0.013958327847763198,0.23966502494411576,0.013958327847763198,0.013958327847763198,0.22519613993177992,0.013958327847763198,0.013958327847763198,0.013958327847763198,0.1727202099302177,0.23679367456401793,0.013958327847763198
1298,architecture_fans,high,47.96037312386131,transit,9.715116262647904,0.5387214754365776,0.10777334125675916,0.3466251199984822,False,La Barceloneta,41.3759513525519,2.1981889445436065,,0.25454200895972817,0.18748282829937687,0.20234424038822563,0.014940556790468655,0.014940556790468655,0.014940556790468655,0.014940556790468655,0.22116591123845142,0.014940556790468655,0.014940556790468655,0.014940556790468655,0.014940556790468655,0.014940556790468655
1299,food_local_markets,medium,19.813054517158104,bike,4.581955744673218,0.6958183188514483,0.691161250787229,0.7951142215770794,True,Sarria,41.395997171652496,2.118769426909583,,0.016479119762950183,0.016479119762950183,0.016479119762950183,0.016479119762950183,0.23841974511489777,0.17277186774276707,0.016479119762950183,0.016479119762950183,0.24548619438880584,0.016479119762950183,0.016479119762950183,0.016479119762950183,0.1950101148869776
1300,history_religion,high,48.34385231289048,transit,10.857378690911805,0.5597917892651627,0.22093411713868402,0.322295409711947,False,Poblenou,41.40513605487313,2.2080721199606286,,0.23793242921144742,0.18121782064123684,0.255393067139399,0.015254927690078478,0.015254927690078478,0.015254927690078478,0.015254927690078478,0.015254927690078478,0.015254927690078478,0.015254927690078478,0.015254927690078478,0.015254927690078478,0.18816233379721042
1301,museum_culture,medium,23.854303117169934,walk,2.261558253878302,0.720513132545839,0.45061364588219505,0.35910445512576894,False,Vila de Gracia,41.39997299427738,2.1574736366763365,,0.17307999738950136,0.015774341299381232,0.2508756803648735,0.015774341299381232,0.015774341299381232,0.015774341299381232,0.015774341299381232,0.015774341299381232,0.015774341299381232,0.015774341299381232,0.015774341299381232,0.19485143906931984,0.23922381148187413
1302,food_local_markets,high,34.07910842680934,walk,2.1410314921328237,0.5222158733422988,0.6201393886775179,0.22724884838551407,False,El Raval,41.38561201819799,2.165882725142228,,0.01793784640356102,0.01793784640356102,0.01793784640356102,0.01793784640356102,0.18588908771954699,0.19852877733768398,0.01793784640356102,0.01793784640356102,0.23739205043282724,0.01793784640356102,0.01793784640356102,0.01793784640356102,0.2167494668778927
1303,beach_nightlife,low,7.78763265987544,mixed,6.4582810024526225,0.1831109366913191,0.48871492023157165,0.5173350899522123,False,Sagrada Familia,41.407813987506245,2.173208579618309,,0.015888290617203427,0.015888290617203427,0.015888290617203427,0.015888290617203427,0.015888290617203427,0.18491708940730334,0.27004488148932393,0.015888290617203427,0.22603365832611205,0.17600975522242987,0.015888290617203427,0.015888290617203427,0.015888290617203427
1304,museum_culture,medium,20.242832376008902,transit,5.6604032826572865,0.20503973200454992,0.33352775799264883,0.2763147038151868,False,Les Corts,41.387418881664146,2.133153439712922,,0.24551656207407938,0.01516612669938804,0.20473915529838516,0.01516612669938804,0.01516612669938804,0.01516612669938804,0.01516612669938804,0.01516612669938804,0.01516612669938804,0.01516612669938804,0.01516612669938804,0.16171388813824747,0.25153525419479567
1305,family_green,high,50.42888242635596,transit,6.599345315617888,0.6240070521379323,0.718166628136425,0.6801344313747868,True,Sagrada Familia,41.40069134455731,2.1757399398026247,,0.01461129394634323,0.01461129394634323,0.01461129394634323,0.20966908788969432,0.01461129394634323,0.01461129394634323,0.14630865089348427,0.01461129394634323,0.01461129394634323,0.01461129394634323,0.25595529568330017,0.2565653200164322,0.01461129394634323
1306,architecture_fans,high,33.428648428105845,transit,9.222565259231395,0.3627366033861495,0.10628483275404288,0.0988162378891999,True,Vila de Gracia,41.40068310170893,2.153427354727434,,0.1789246353584417,0.21370405276560278,0.26774039687640555,0.016071927523290713,0.016071927523290713,0.016071927523290713,0.016071927523290713,0.1949835672899336,0.016071927523290713,0.016071927523290713,0.016071927523290713,0.016071927523290713,0.016071927523290713
1307,beach_nightlife,low,4.349024563517657,taxi,12.87030460961197,0.41211396670579076,0.3505072308873829,0.6585486633162649,False,Gotic,41.38779880068715,2.175946912001846,,0.01787666658958843,0.01787666658958843,0.01787666658958843,0.01787666658958843,0.01787666658958843,0.25489482880613246,0.18264325083514585,0.01787666658958843,0.17962766698221844,0.22194425407020738,0.01787666658958843,0.01787666658958843,0.01787666658958843
1308,museum_culture,high,34.33080378340892,transit,6.0871483592728595,0.7664080368601652,0.44097512701311237,0.4359376218423834,False,El Raval,41.382484460074046,2.1674591732360446,,0.23230138285413643,0.015174549197523876,0.25561990416776653,0.015174549197523876,0.015174549197523876,0.015174549197523876,0.015174549197523876,0.015174549197523876,0.015174549197523876,0.015174549197523876,0.015174549197523876,0.2009410358130553,0.17456673438732687
1309,food_local_markets,medium,15.86915050016969,transit,10.01718921110997,0.47330366376429744,0.8427052106703699,0.530778247974809,False,La Barceloneta,41.384174619941696,2.1949298345738533,,0.016901546920713457,0.016901546920713457,0.016901546920713457,0.016901546920713457,0.1841634385407397,0.19347922888928906,0.016901546920713457,0.016901546920713457,0.2247213361456172,0.016901546920713457,0.016901546920713457,0.016901546920713457,0.245522074137933
1310,food_local_markets,low,9.253739188069222,walk,1.8223428220399611,0.6083725333821559,0.8097117925516008,0.6319381065674972,False,Sagrada Familia,41.4058004913378,2.1687342390815223,,0.017115819646526274,0.017115819646526274,0.017115819646526274,0.017115819646526274,0.22682769190508206,0.2564331557013986,0.017115819646526274,0.017115819646526274,0.18242594115283256,0.017115819646526274,0.017115819646526274,0.017115819646526274,0.18027083442195035
1311,museum_culture,low,7.1059538144048435,transit,6.309740905690166,0.46413434310826,0.6839665179069488,0.13239761872303005,False,Gotic,41.388599216888316,2.1709508495622507,,0.21119692566762482,0.015121835464666538,0.2706682179810613,0.015121835464666538,0.015121835464666538,0.015121835464666538,0.015121835464666538,0.015121835464666538,0.015121835464666538,0.015121835464666538,0.015121835464666538,0.22475840453379012,0.15727993263552492
1312,beach_nightlife,medium,8.011430787599501,transit,6.636724517473507,0.439494944155869,0.7376622029791081,0.9115279628853925,False,La Barceloneta,41.38394185710676,2.190033603499027,,0.01696945242107578,0.01696945242107578,0.01696945242107578,0.01696945242107578,0.01696945242107578,0.25254684352956563,0.20734009964016173,0.01696945242107578,0.18003661623572528,0.20735136880486527,0.01696945242107578,0.01696945242107578,0.01696945242107578
1313,family_green,high,35.46245664629324,transit,7.3731594188809195,0.8618569333215634,0.7404749833287388,0.7180534869868008,True,Dreta Eixample,41.39743826629993,2.163954475939151,,0.01558970891120012,0.01558970891120012,0.01558970891120012,0.2527313173461133,0.01558970891120012,0.01558970891120012,0.18285328186834537,0.01558970891120012,0.01558970891120012,0.01558970891120012,0.26191773218874814,0.16219028839599212,0.01558970891120012
1314,architecture_fans,medium,12.938890372274793,bike,6.785390799251097,0.3509449060222043,0.27548094481156726,0.15605913553496678,False,Sarria,41.399041549902066,2.1218980006900003,,0.205692440244499,0.24925505838420534,0.17858520323850258,0.015355030103154844,0.015355030103154844,0.015355030103154844,0.015355030103154844,0.22827202720439946,0.015355030103154844,0.015355030103154844,0.015355030103154844,0.015355030103154844,0.015355030103154844
1315,architecture_fans,medium,15.14356154620597,transit,7.116674316764851,0.36789832115500976,0.2919643937687838,0.5789563065310559,False,Vila de Gracia,41.40021889078246,2.1493934653129063,,0.23150910205593955,0.24894773119528119,0.1577541378542982,0.013961486314734739,0.013961486314734739,0.013961486314734739,0.013961486314734739,0.23613565206186837,0.013961486314734739,0.013961486314734739,0.013961486314734739,0.013961486314734739,0.013961486314734739
1316,food_local_markets,medium,22.512275893316495,walk,2.346296007328127,0.503264518817464,0.6948802856225547,0.706582284059422,False,Dreta Eixample,41.395327514363466,2.1649639998183465,,0.015496130449916039,0.015496130449916039,0.015496130449916039,0.015496130449916039,0.26436697907743995,0.2760560286063866,0.015496130449916039,0.015496130449916039,0.16018215749169498,0.015496130449916039,0.015496130449916039,0.015496130449916039,0.15992966077523407
1317,family_green,medium,10.336729092581908,transit,7.458528078325948,0.7877872933013829,0.7681056293912054,0.9013710485321543,True,Gotic,41.38011556076339,2.1742123449170956,,0.014969934741377016,0.014969934741377016,0.014969934741377016,0.19608754934911457,0.014969934741377016,0.014969934741377016,0.21926096606973813,0.014969934741377016,0.014969934741377016,0.014969934741377016,0.18850417940490102,0.2614178925038531,0.014969934741377016
1318,food_local_markets,low,8.717400300634441,bike,7.1044143042700565,0.5052272229617648,0.7803018379923501,0.37358512712326447,False,Dreta Eixample,41.399242019942236,2.15445232741753,,0.01502889149637006,0.01502889149637006,0.01502889149637006,0.01502889149637006,0.18642987423346283,0.26167030060546714,0.01502889149637006,0.01502889149637006,0.20000698028805985,0.01502889149637006,0.01502889149637006,0.01502889149637006,0.21663282140567966
1319,food_local_markets,low,9.736088767683686,mixed,8.099131808092084,0.6253070398533666,0.7301083657946873,0.31510631300240055,False,Gotic,41.390006656976496,2.1756189270906066,,0.013872678967975293,0.013872678967975293,0.013872678967975293,0.013872678967975293,0.19905981924497804,0.24229576230007563,0.013872678967975293,0.013872678967975293,0.20642215639672698,0.013872678967975293,0.013872678967975293,0.013872678967975293,0.22736815134644167
1320,history_religion,medium,17.594307053260916,transit,7.38932285314212,0.3670162654675223,0.6267587622893898,0.3665612630877406,False,Dreta Eixample,41.38546829877279,2.1619095018175494,,0.20193444055368462,0.24196210795802486,0.21009833123074323,0.013659764658040235,0.013659764658040235,0.013659764658040235,0.013659764658040235,0.013659764658040235,0.013659764658040235,0.013659764658040235,0.013659764658040235,0.013659764658040235,0.22306723833518513
1321,architecture_fans,medium,15.32798734841015,walk,2.247677135878885,0.528241336187233,0.36666708184154256,0.2710130529166158,False,Gotic,41.38176687480541,2.177567034455525,,0.204839466051879,0.2360700596685838,0.20146403876321772,0.014038604885131381,0.014038604885131381,0.014038604885131381,0.014038604885131381,0.23127899155013706,0.014038604885131381,0.014038604885131381,0.014038604885131381,0.014038604885131381,0.014038604885131381
1322,food_local_markets,medium,14.416902500149689,transit,6.060673982725656,0.3389173695058205,0.810986315476438,0.589183570571994,False,El Raval,41.3822635303384,2.1676835612940177,,0.01677483157894091,0.01677483157894091,0.01677483157894091,0.01677483157894091,0.2252700589320689,0.258788690888782,0.01677483157894091,0.01677483157894091,0.17626324565644738,0.01677483157894091,0.01677483157894091,0.01677483157894091,0.18870452031223356
1323,family_green,medium,25.99795771657708,transit,5.6809325200407566,0.8968947799443684,0.7560430487104702,0.9439693310664489,True,Vila de Gracia,41.40330154992619,2.163670523849899,,0.015950222975912868,0.015950222975912868,0.015950222975912868,0.24027222446266616,0.015950222975912868,0.015950222975912868,0.19432344299530255,0.015950222975912868,0.015950222975912868,0.015950222975912868,0.23349529793928547,0.18835702781952998,0.015950222975912868
1324,architecture_fans,high,55.0,transit,6.961910813609173,0.29626165764320167,0.12408725639439387,0.34234692585444343,False,Les Corts,41.38624798116745,2.1335689930137804,,0.2256337592790367,0.24305889348200782,0.20079747748893012,0.014159997386685932,0.014159997386685932,0.014159997386685932,0.014159997386685932,0.20306989326985198,0.014159997386685932,0.014159997386685932,0.014159997386685932,0.014159997386685932,0.014159997386685932
1325,food_local_markets,low,4.471225702806321,transit,9.21098104957506,0.7725741776311753,0.32245477125331246,0.6382999301530431,False,Gotic,41.3810254095678,2.1762829538712847,,0.014477015882373587,0.014477015882373587,0.014477015882373587,0.014477015882373587,0.23060441739961066,0.16750780956815392,0.014477015882373587,0.014477015882373587,0.22590792810563462,0.014477015882373587,0.014477015882373587,0.014477015882373587,0.24568670198523856
1326,beach_nightlife,medium,18.34093462379674,taxi,8.644721268066158,0.3062266575698485,0.37331355058787474,0.5476491196558132,False,El Raval,41.373535225898486,2.1754754590696255,,0.01429321558521102,0.01429321558521102,0.01429321558521102,0.01429321558521102,0.01429321558521102,0.23210218971429214,0.18810333993787745,0.01429321558521102,0.24568319736340608,0.20547233271752516,0.01429321558521102,0.01429321558521102,0.01429321558521102
1327,architecture_fans,medium,23.311515951722438,mixed,8.639062513983323,0.568688922184318,0.4095200552355428,0.2970189437698787,False,Dreta Eixample,41.393442787611804,2.1666094985928974,,0.2288288326336361,0.17081604847446497,0.21090555812187625,0.015686733663510647,0.015686733663510647,0.015686733663510647,0.015686733663510647,0.24826895779842684,0.015686733663510647,0.015686733663510647,0.015686733663510647,0.015686733663510647,0.015686733663510647
1328,family_green,low,5.945708385583612,transit,9.430539340775457,0.3956361943966951,0.7584349928644925,0.9636473176360053,False,Dreta Eixample,41.389508771332856,2.162679501323619,,0.013745944511092314,0.013745944511092314,0.013745944511092314,0.21585470261552564,0.013745944511092314,0.013745944511092314,0.19354265011027172,0.013745944511092314,0.013745944511092314,0.013745944511092314,0.22308083999228934,0.24380830668208248,0.013745944511092314
1329,architecture_fans,low,8.745471771922077,walk,1.6979692116858767,0.27960840087371824,0.5270084685457964,0.41134958448731485,False,Vila de Gracia,41.398754945079475,2.162586539187345,,0.2554420971185712,0.20433824231376546,0.15407051231120428,0.014634697978358417,0.014634697978358417,0.014634697978358417,0.014634697978358417,0.25443686645123326,0.014634697978358417,0.014634697978358417,0.014634697978358417,0.014634697978358417,0.014634697978358417
1330,history_religion,high,33.143389491827456,mixed,3.2914042057643664,0.83392313133072,0.3898729905842893,0.3896532489339972,False,El Raval,41.38042474643188,2.1640735539146982,,0.24478141344880985,0.21680057092845048,0.18379785617760488,0.013649902669188805,0.013649902669188805,0.013649902669188805,0.013649902669188805,0.013649902669188805,0.013649902669188805,0.013649902669188805,0.013649902669188805,0.013649902669188805,0.23177103542243557
1331,family_green,low,7.28355085188886,transit,4.961769642723128,0.8990070499928245,0.546389635828065,0.9592918403133887,True,Gotic,41.381592719966164,2.1687314976446497,,0.014836473727307425,0.014836473727307425,0.014836473727307425,0.24929717873075757,0.014836473727307425,0.014836473727307425,0.18862716787682549,0.014836473727307425,0.014836473727307425,0.014836473727307425,0.17767042640351283,0.25087696344313726,0.014836473727307425
1332,museum_culture,low,7.099429734801994,transit,7.822933193893759,0.6147382580736632,0.5295786234412171,0.43989015866133746,False,La Barceloneta,41.374877131440805,2.1966606489412035,,0.15977837963230382,0.01466157341114259,0.2187269683130912,0.01466157341114259,0.01466157341114259,0.01466157341114259,0.01466157341114259,0.01466157341114259,0.01466157341114259,0.01466157341114259,0.01466157341114259,0.2526590886278579,0.23688140272646382
1333,beach_nightlife,medium,18.328381598852935,transit,6.734669520628597,0.40389817642291664,0.0359494691523877,0.5481854760292683,False,Gotic,41.391267467639196,2.172012301588443,,0.01540619966936169,0.01540619966936169,0.01540619966936169,0.01540619966936169,0.01540619966936169,0.16694251054516673,0.25093612353507744,0.01540619966936169,0.19797244538944922,0.24549312350605138,0.01540619966936169,0.01540619966936169,0.01540619966936169
1334,architecture_fans,high,29.565003282789522,transit,7.69438564832415,0.4922627205327716,0.4633577920892707,0.2778862321328771,True,Dreta Eixample,41.39580970970423,2.162984511192806,,0.2300914299486198,0.20340280267216704,0.19785731676757193,0.017303269447446708,0.017303269447446708,0.017303269447446708,0.017303269447446708,0.2129190255846208,0.017303269447446708,0.017303269447446708,0.017303269447446708,0.017303269447446708,0.017303269447446708
1335,food_local_markets,low,3.224021629146361,bike,6.329163560689621,0.7191320932922126,0.7243806830586816,0.7547300820077413,False,Gotic,41.38712404810419,2.180408776252923,,0.015361685179224394,0.015361685179224394,0.015361685179224394,0.015361685179224394,0.16127924990070058,0.2335705153338278,0.015361685179224394,0.015361685179224394,0.19486018043040576,0.015361685179224394,0.015361685179224394,0.015361685179224394,0.27203488772204637
1336,history_religion,low,9.245580210571385,transit,5.2909664199865425,0.6287061858582444,0.5354455603742542,0.4656537268301756,False,Gotic,41.380327119372836,2.1820001903867032,,0.261946751633668,0.19465897986871075,0.1812871575793004,0.01658619700627263,0.01658619700627263,0.01658619700627263,0.01658619700627263,0.01658619700627263,0.01658619700627263,0.01658619700627263,0.01658619700627263,0.01658619700627263,0.21283133786186725
1337,history_religion,low,5.154029029625687,walk,1.9125887643507027,0.7674167298714769,0.5644693944812601,0.6205007980870153,True,Sant Andreu,41.43933653597087,2.1954788030793213,,0.22968048719689005,0.17047373978804345,0.22045104743343957,0.015549664104427072,0.015549664104427072,0.015549664104427072,0.015549664104427072,0.015549664104427072,0.015549664104427072,0.015549664104427072,0.015549664104427072,0.015549664104427072,0.2394477486417833
1338,family_green,medium,10.73246507426077,taxi,12.66357333982257,0.5384343240595365,0.7429492891393116,0.8433683363580133,True,La Barceloneta,41.38134075243738,2.1908828172078776,,0.016289725603244272,0.016289725603244272,0.016289725603244272,0.16665238263242876,0.016289725603244272,0.016289725603244272,0.24992706014349284,0.016289725603244272,0.016289725603244272,0.016289725603244272,0.1777076565343918,0.2591053702604882,0.016289725603244272
1339,history_religion,medium,24.353774149214182,walk,2.2121455244458783,0.449603032827463,0.15935668200966713,0.6554714744278632,False,Montjuic,41.367411773274625,2.1598496479197444,,0.1776256415338073,0.20741764132623258,0.2554671671145104,0.015869600509078687,0.015869600509078687,0.015869600509078687,0.015869600509078687,0.015869600509078687,0.015869600509078687,0.015869600509078687,0.015869600509078687,0.015869600509078687,0.21666314544374152
1340,family_green,low,6.7794822710658496,walk,2.454067290851521,0.5978212589534478,0.7891858867918963,0.7415486775661186,True,Dreta Eixample,41.39386900433824,2.159342151075353,,0.015357343831370267,0.015357343831370267,0.015357343831370267,0.16778415281162137,0.015357343831370267,0.015357343831370267,0.24454604560295412,0.015357343831370267,0.015357343831370267,0.015357343831370267,0.24893981672074394,0.2005138903823482,0.015357343831370267
1341,museum_culture,medium,12.613643560582943,walk,1.7742091466742742,0.3451872707875653,0.47013737796635674,0.6613992968327956,False,Vila de Gracia,41.40223544197948,2.1617624103391293,,0.2521261708729815,0.01555004632800027,0.25154261529562333,0.01555004632800027,0.01555004632800027,0.01555004632800027,0.01555004632800027,0.01555004632800027,0.01555004632800027,0.01555004632800027,0.01555004632800027,0.20001694066547837,0.15636385621391435
1342,museum_culture,high,28.859716784973305,transit,10.585386962324353,0.4505997600674812,0.4667219590360943,0.49529055379057363,False,El Raval,41.38285562484571,2.1719972243687637,,0.2126104319597628,0.01584150125995578,0.23992786099920696,0.01584150125995578,0.01584150125995578,0.01584150125995578,0.01584150125995578,0.01584150125995578,0.01584150125995578,0.01584150125995578,0.01584150125995578,0.16248390562661919,0.24240429007480904
1343,history_religion,medium,14.617019958902429,walk,2.204223584246209,0.2880712989421355,0.33775325299893827,0.23086723705246115,False,Gotic,41.38630267633265,2.1805988139665886,,0.21068112120679167,0.2766526113333887,0.2010453806766737,0.015925435972516312,0.015925435972516312,0.015925435972516312,0.015925435972516312,0.015925435972516312,0.015925435972516312,0.015925435972516312,0.015925435972516312,0.015925435972516312,0.1682919630304991
1344,history_religion,low,4.1071880647334975,mixed,6.336364519837108,0.6116247310557587,0.5860945453592987,0.29130826464932114,False,Dreta Eixample,41.39634614981241,2.1640147127431586,,0.15862179979503913,0.258397675344141,0.24715799866461582,0.015048662323640289,0.015048662323640289,0.015048662323640289,0.015048662323640289,0.015048662323640289,0.015048662323640289,0.015048662323640289,0.015048662323640289,0.015048662323640289,0.20038456528344145
1345,food_local_markets,medium,21.767170612801575,mixed,3.8618452484470422,0.6159443076355579,0.8555936637068272,0.714874139316418,False,Gotic,41.38148747910424,2.174226851985475,,0.015904327547966658,0.015904327547966658,0.015904327547966658,0.015904327547966658,0.23114848054662546,0.18797811591113064,0.015904327547966658,0.015904327547966658,0.2652583702759589,0.015904327547966658,0.015904327547966658,0.015904327547966658,0.17247608533458508
1346,architecture_fans,medium,20.28915992480716,transit,10.30351711303595,0.6885155986889862,0.5789311689326596,0.21324027656002817,False,Dreta Eixample,41.398565228464804,2.170501726466447,,0.181429293064801,0.2755282473392254,0.22935810454948272,0.0164828306043881,0.0164828306043881,0.0164828306043881,0.0164828306043881,0.16533887960699792,0.0164828306043881,0.0164828306043881,0.0164828306043881,0.0164828306043881,0.0164828306043881
1347,architecture_fans,medium,18.193846883033586,transit,6.194418462706085,0.34653496534462924,0.4780113792336206,0.3652185902887147,False,Les Corts,41.37975074315111,2.1347355443181937,,0.23994616249852,0.24813007418443148,0.16076436695027962,0.015984759586485625,0.015984759586485625,0.015984759586485625,0.015984759586485625,0.20729656008839834,0.015984759586485625,0.015984759586485625,0.015984759586485625,0.015984759586485625,0.015984759586485625
1348,food_local_markets,medium,13.98786280730272,transit,5.774522902061229,0.5851681726134117,0.47387281839296713,0.9588958458395098,False,Gotic,41.39248978066835,2.180264888752198,,0.013400679153089737,0.013400679153089737,0.013400679153089737,0.013400679153089737,0.2223136730327806,0.23205184650534993,0.013400679153089737,0.013400679153089737,0.1968274036904053,0.013400679153089737,0.013400679153089737,0.013400679153089737,0.22820096439365656
1349,family_green,medium,16.623816684861627,mixed,4.527551321165021,0.8217706881430883,0.8558283510585664,0.791960235871911,True,Sarria,41.39174552131265,2.1246167504816245,,0.014274735959797863,0.014274735959797863,0.014274735959797863,0.20175270186234917,0.014274735959797863,0.014274735959797863,0.16762234850316782,0.014274735959797863,0.014274735959797863,0.014274735959797863,0.24717225967305198,0.2549800663232502,0.014274735959797863
1350,museum_culture,medium,18.098120246715286,transit,6.442404426662797,0.6349127902115431,0.5730917259343695,0.44218930809264023,False,La Barceloneta,41.37738330475918,2.194404453207276,,0.21709830770765118,0.016594670361435786,0.18659748820331468,0.016594670361435786,0.016594670361435786,0.016594670361435786,0.016594670361435786,0.016594670361435786,0.016594670361435786,0.016594670361435786,0.016594670361435786,0.22972289796963866,0.21722927286647348
1351,food_local_markets,medium,24.798012892623568,walk,2.618157889559304,0.4536677848357478,0.6470790939908894,0.5638307455556562,False,Dreta Eixample,41.388810423425056,2.1644274541007995,,0.014287636437281693,0.014287636437281693,0.014287636437281693,0.014287636437281693,0.19669769219559965,0.2276392624463752,0.014287636437281693,0.014287636437281693,0.23066610458676753,0.014287636437281693,0.014287636437281693,0.014287636437281693,0.2164082128357223
1352,food_local_markets,low,6.653334872772281,transit,6.897643565637338,0.7955362951713122,0.7266592553285399,0.18964593834436227,False,Gotic,41.3810254232086,2.1710147934554103,,0.01804792188162237,0.01804792188162237,0.01804792188162237,0.01804792188162237,0.2541465034494572,0.190597855509425,0.01804792188162237,0.01804792188162237,0.19023479413746827,0.01804792188162237,0.01804792188162237,0.01804792188162237,0.2025895499690481
1353,beach_nightlife,medium,17.345300809866316,taxi,12.748250911448167,0.3665172411922288,0.6389064002516514,0.8535413624841439,False,Gotic,41.37850540874308,2.172592558938286,,0.015383228857806923,0.015383228857806923,0.015383228857806923,0.015383228857806923,0.015383228857806923,0.19192066046502895,0.23423977402622354,0.015383228857806923,0.16962635274450508,0.26576415304398016,0.015383228857806923,0.015383228857806923,0.015383228857806923
1354,family_green,medium,19.53265635869433,transit,6.612761416953575,0.5947726648720801,0.6114406724751276,0.9380686089426028,True,Montjuic,41.363119372759805,2.153734041529908,,0.016634251431705136,0.016634251431705136,0.016634251431705136,0.19763086580844733,0.016634251431705136,0.016634251431705136,0.2846429605502441,0.016634251431705136,0.016634251431705136,0.016634251431705136,0.17962545729151974,0.18839245346444264,0.016634251431705136
1355,food_local_markets,low,8.777305214389841,walk,1.4417878270209343,0.6444910339288492,0.3470702538990394,0.18640461315594162,True,Sarria,41.404134230080246,2.123295641570109,,0.014589018402483552,0.014589018402483552,0.014589018402483552,0.014589018402483552,0.23190341858666788,0.2583093787131173,0.014589018402483552,0.014589018402483552,0.18008341987969378,0.014589018402483552,0.014589018402483552,0.014589018402483552,0.19840261719816912
1356,museum_culture,high,45.64920064579342,transit,5.904359946422549,0.5428537644384899,0.32010829573675764,0.6859759780192088,False,Dreta Eixample,41.388633833180556,2.1588332109556205,,0.2662164521812641,0.015106419589272179,0.16920576067719784,0.015106419589272179,0.015106419589272179,0.015106419589272179,0.015106419589272179,0.015106419589272179,0.015106419589272179,0.015106419589272179,0.015106419589272179,0.17971357242540895,0.2489064384126795
1357,beach_nightlife,low,3.737148541004077,transit,8.37806154312418,0.34762716259938675,0.1766674224980484,0.5325306932390471,False,Poblenou,41.40008651212427,2.208246018075631,,0.015752246470320072,0.015752246470320072,0.015752246470320072,0.015752246470320072,0.015752246470320072,0.1860742522119893,0.2707461200676825,0.015752246470320072,0.22523322641073618,0.17617618307671137,0.015752246470320072,0.015752246470320072,0.015752246470320072
1358,museum_culture,low,4.425157327344206,transit,8.634258683379343,0.8757470872896628,0.5694108592627808,0.31957559275524444,False,Gotic,41.38888654865812,2.172311053327914,,0.2159279998135021,0.014579909471338855,0.23483226125593784,0.014579909471338855,0.014579909471338855,0.014579909471338855,0.014579909471338855,0.014579909471338855,0.014579909471338855,0.014579909471338855,0.014579909471338855,0.1724637835868013,0.2455567701017091
1359,history_religion,medium,21.33805306816243,mixed,8.857518783626622,0.6227372824854063,0.3344577012131299,0.6267231570707843,False,El Raval,41.38258068917547,2.173218306395631,,0.17779309824002693,0.21917741678716007,0.2440308853190652,0.01422108183796471,0.01422108183796471,0.01422108183796471,0.01422108183796471,0.01422108183796471,0.01422108183796471,0.01422108183796471,0.01422108183796471,0.01422108183796471,0.23100886311206537
1360,food_local_markets,low,5.514894439852169,bike,4.549781639993723,0.3842076900250269,0.5304276610989119,0.5336292134976154,False,Les Corts,41.387684836463166,2.1342284611958053,,0.016807862943833695,0.016807862943833695,0.016807862943833695,0.016807862943833695,0.1821114213183583,0.21979691886937464,0.016807862943833695,0.016807862943833695,0.257996079096803,0.016807862943833695,0.016807862943833695,0.016807862943833695,0.18882481422096076
1361,family_green,high,35.52499775194592,mixed,6.073867243095051,0.73487160477496,0.7203179717974989,0.9781552883621839,True,El Raval,41.378869221560315,2.167415144304616,,0.014520892860131368,0.014520892860131368,0.014520892860131368,0.21271203735762967,0.014520892860131368,0.014520892860131368,0.2612684055658962,0.014520892860131368,0.014520892860131368,0.014520892860131368,0.2180277699819494,0.17730375135334236,0.014520892860131368
1362,architecture_fans,medium,17.49514294547757,transit,7.235549160631199,0.10479312089107652,0.2018067600172764,0.5645251916887548,False,Dreta Eixample,41.38836093782863,2.166729632495021,,0.22830327099211187,0.1839241544173982,0.2345785199099055,0.017015892132387262,0.017015892132387262,0.017015892132387262,0.017015892132387262,0.2000510254890991,0.017015892132387262,0.017015892132387262,0.017015892132387262,0.017015892132387262,0.017015892132387262
1363,museum_culture,medium,16.073445013569287,mixed,5.384971603493147,0.6552371148974396,0.662289783080584,0.3582042586552421,False,Sant Andreu,41.43113320658533,2.1904982312646264,,0.16341732513616294,0.014802796212580406,0.1842804837852534,0.014802796212580406,0.014802796212580406,0.014802796212580406,0.014802796212580406,0.014802796212580406,0.014802796212580406,0.014802796212580406,0.014802796212580406,0.2642188326380753,0.2548581925272847
1364,architecture_fans,medium,22.600224114214555,transit,4.530219333488679,0.21410249739509615,0.14325030792326324,0.4408311596904597,True,Sagrada Familia,41.398741082269446,2.172793544765724,,0.25776031584962245,0.18677354180953484,0.15120248753657903,0.014994646244642786,0.014994646244642786,0.014994646244642786,0.014994646244642786,0.26931183860247854,0.014994646244642786,0.014994646244642786,0.014994646244642786,0.014994646244642786,0.014994646244642786
1365,beach_nightlife,medium,23.83436917412702,walk,1.8628592139604447,0.1503167080306785,0.39672460218326355,0.5110337372015649,False,Montjuic,41.37352588008695,2.153378146269516,,0.014820598629860222,0.014820598629860222,0.014820598629860222,0.014820598629860222,0.014820598629860222,0.24198314385738165,0.25691244705292193,0.014820598629860222,0.18611483028953843,0.18160419113141593,0.014820598629860222,0.014820598629860222,0.014820598629860222
1366,family_green,medium,24.368322887699122,transit,5.009112946450341,0.5756821233173964,0.3734293331492294,0.8837142490969254,True,Montjuic,41.37646363905549,2.1498408957321944,,0.01807588313986532,0.01807588313986532,0.01807588313986532,0.20926860673352077,0.01807588313986532,0.01807588313986532,0.19345535753747367,0.01807588313986532,0.01807588313986532,0.01807588313986532,0.23407829229284216,0.20051479517737553,0.01807588313986532
1367,beach_nightlife,medium,21.056223403042136,walk,1.901897171192026,0.28989514563610336,0.2839436292037493,0.4807991381388488,False,Gotic,41.38064644584287,2.1783031398991897,,0.01498363271738336,0.01498363271738336,0.01498363271738336,0.01498363271738336,0.01498363271738336,0.24966525889482594,0.17674870504912257,0.01498363271738336,0.18010554847621385,0.25862779312338735,0.01498363271738336,0.01498363271738336,0.01498363271738336
1368,beach_nightlife,low,7.536017704580709,taxi,14.090805315138123,0.3414188098833753,0.3474542226031894,0.8203367615111299,False,Poblenou,41.395659601940096,2.2101553972685988,,0.01539552077091415,0.01539552077091415,0.01539552077091415,0.01539552077091415,0.01539552077091415,0.1655188009290944,0.20075231398220852,0.01539552077091415,0.22964503470930903,0.2655241634411607,0.01539552077091415,0.01539552077091415,0.01539552077091415
1369,food_local_markets,medium,28.474266244767247,mixed,5.414989572258115,0.46717613141683817,0.5552455545782939,0.4913095516969822,False,Gotic,41.390951835867284,2.171853385845803,,0.015737678596911723,0.015737678596911723,0.015737678596911723,0.015737678596911723,0.16146299894752458,0.2162946849599263,0.015737678596911723,0.015737678596911723,0.2674758046165144,0.015737678596911723,0.015737678596911723,0.015737678596911723,0.2131274041038293
1370,architecture_fans,medium,17.64808898102124,bike,6.07321234437355,0.13718602150011266,0.1404848220026234,0.2784785343684663,False,Montjuic,41.37158208519572,2.152001002240807,,0.1954184589966159,0.22216385540948094,0.22754136628439886,0.01335599936491002,0.01335599936491002,0.01335599936491002,0.01335599936491002,0.23467232502531418,0.01335599936491002,0.01335599936491002,0.01335599936491002,0.01335599936491002,0.01335599936491002
1371,food_local_markets,medium,10.932490243169458,transit,11.416065349245622,0.7863749375456666,0.5880007760340616,0.3217020902838028,False,La Barceloneta,41.38030946616686,2.1871244441674387,,0.014521301418110264,0.014521301418110264,0.014521301418110264,0.014521301418110264,0.24720033008796496,0.20001054209290248,0.014521301418110264,0.014521301418110264,0.21944645355547837,0.014521301418110264,0.014521301418110264,0.014521301418110264,0.20265096150066178
1372,family_green,medium,20.013279521045682,mixed,4.784695150699532,0.4633712467982537,0.7290349818111923,0.7161249512264701,True,Sagrada Familia,41.41061320554196,2.172058316350838,,0.015484285384504672,0.015484285384504672,0.015484285384504672,0.21411126363355337,0.015484285384504672,0.015484285384504672,0.24834973000574823,0.015484285384504672,0.015484285384504672,0.015484285384504672,0.16158087820909037,0.23659955969106608,0.015484285384504672
1373,architecture_fans,medium,22.88736999980739,transit,7.83611876971327,0.6928614219644456,0.18478787064922583,0.3031783082467848,False,Poblenou,41.39781072800886,2.2032771742143633,,0.24305627186640164,0.22420786296381687,0.188647775094555,0.014273107905081807,0.014273107905081807,0.014273107905081807,0.014273107905081807,0.2156301189294903,0.014273107905081807,0.014273107905081807,0.014273107905081807,0.014273107905081807,0.014273107905081807
1374,food_local_markets,low,9.467918477341325,walk,2.8182550905686163,0.32390288230724507,0.7128595568206855,0.4822558309039688,False,Vila de Gracia,41.40118739602386,2.152589033107212,,0.017142444424487667,0.017142444424487667,0.017142444424487667,0.017142444424487667,0.17579092382741854,0.2368310003279632,0.017142444424487667,0.017142444424487667,0.25912092284726573,0.017142444424487667,0.017142444424487667,0.017142444424487667,0.1739751531769635
1375,history_religion,medium,20.014696704806813,walk,1.8528196449799033,0.17279211817881424,0.6984737171054538,0.5993988204937365,False,Gotic,41.38244495531077,2.175825040304916,,0.24488525150182572,0.2360503827368024,0.2011507803268326,0.016350300224068113,0.016350300224068113,0.016350300224068113,0.016350300224068113,0.016350300224068113,0.016350300224068113,0.016350300224068113,0.016350300224068113,0.016350300224068113,0.1707608834179263
1376,museum_culture,low,9.191975697823992,transit,7.852647101227527,0.6125676260487867,0.547675423272382,0.3496832867639375,False,Vila de Gracia,41.401831226843726,2.1594668928144496,,0.2901728975556512,0.016865495903411857,0.1811930968020499,0.016865495903411857,0.016865495903411857,0.016865495903411857,0.016865495903411857,0.016865495903411857,0.016865495903411857,0.016865495903411857,0.016865495903411857,0.2020465162300978,0.17479802628149443
1377,food_local_markets,low,5.44512996226036,transit,7.762691682430771,0.8693708577599462,0.7630433156124704,0.7163858158718265,False,Montjuic,41.36822516272906,2.1524879962806063,,0.014326990027370997,0.014326990027370997,0.014326990027370997,0.014326990027370997,0.2459618647913486,0.1540769022567042,0.014326990027370997,0.014326990027370997,0.21986037743624645,0.014326990027370997,0.014326990027370997,0.014326990027370997,0.2511579452693618
1378,architecture_fans,medium,13.95411639627969,transit,5.2573480733706015,0.7151563763756239,0.3084884361442454,0.4998469806203355,False,Sagrada Familia,41.40865303413427,2.1736853102091986,,0.1926014067143579,0.2646455362229105,0.21934531005240404,0.01622468779469181,0.01622468779469181,0.01622468779469181,0.01622468779469181,0.17738555685810128,0.01622468779469181,0.01622468779469181,0.01622468779469181,0.01622468779469181,0.01622468779469181
1379,food_local_markets,low,7.257702581109627,transit,4.660399922620719,0.2378224068084999,0.6128137766261287,0.5716462903164596,True,Vila de Gracia,41.402525046911364,2.153066640041066,,0.014914101420228577,0.014914101420228577,0.014914101420228577,0.014914101420228577,0.18242669156390198,0.2665339436884127,0.014914101420228577,0.014914101420228577,0.21447561321925673,0.014914101420228577,0.014914101420228577,0.014914101420228577,0.20233683874637146
1380,food_local_markets,low,10.604137616534372,transit,11.608199388100982,0.7169615565816778,0.7934218651017308,0.6040499238422951,False,La Barceloneta,41.38387370664041,2.1850726019925744,,0.014070978325561785,0.014070978325561785,0.014070978325561785,0.014070978325561785,0.2371143057888988,0.24936874499600956,0.014070978325561785,0.014070978325561785,0.22551313200267262,0.014070978325561785,0.014070978325561785,0.014070978325561785,0.16136501228236297
1381,food_local_markets,high,50.354670483123904,walk,1.650727028976457,0.6191904560189111,0.5804124681286592,0.3667016039725027,False,Les Corts,41.381325830201234,2.1330036190773294,,0.01515399704866907,0.01515399704866907,0.01515399704866907,0.01515399704866907,0.1673474820835946,0.2226977457472941,0.01515399704866907,0.01515399704866907,0.2722085218569772,0.01515399704866907,0.01515399704866907,0.01515399704866907,0.20136027687411254
1382,family_green,medium,14.798189509027635,transit,7.154526950617174,0.7956523827274158,0.8731034581100859,0.8771996084808381,True,Montjuic,41.36589656395074,2.1550859086737524,,0.01585999919696438,0.01585999919696438,0.01585999919696438,0.17149132390971625,0.01585999919696438,0.01585999919696438,0.24271785283438158,0.01585999919696438,0.01585999919696438,0.01585999919696438,0.1935895928351601,0.24946123764806274,0.01585999919696438
1383,family_green,medium,13.433901622846106,mixed,8.221536145310273,0.678938315173597,0.7512350698263013,0.8092780046146139,False,Dreta Eixample,41.39226171703858,2.1735487171130794,,0.015533953239891514,0.015533953239891514,0.015533953239891514,0.2538087769475337,0.015533953239891514,0.015533953239891514,0.18757458514857972,0.015533953239891514,0.015533953239891514,0.015533953239891514,0.20058500627768752,0.21822605246717547,0.015533953239891514
1384,food_local_markets,medium,23.2928222514581,walk,2.314677482067994,0.17439473025358648,0.23174194879397791,0.44505470501524746,False,Dreta Eixample,41.38505845900634,2.1672983797601724,,0.0150562618290733,0.0150562618290733,0.0150562618290733,0.0150562618290733,0.16685057452125818,0.1888265763561355,0.0150562618290733,0.0150562618290733,0.24326371545487718,0.0150562618290733,0.0150562618290733,0.0150562618290733,0.2655527772060694
1385,family_green,medium,22.64069532245813,transit,8.49990662949769,0.5393055810192773,0.6282940326586073,0.7543574284852602,False,Sant Andreu,41.42795587129686,2.190412667761,,0.013833683011371872,0.013833683011371872,0.013833683011371872,0.22968978727813144,0.013833683011371872,0.013833683011371872,0.21347631730821298,0.013833683011371872,0.013833683011371872,0.013833683011371872,0.20355570030669312,0.22877504800461568,0.013833683011371872
1386,architecture_fans,medium,21.964790325407193,transit,7.701511968045588,0.37197814333414875,0.36729762949850003,0.1498500727559706,True,Sagrada Familia,41.39624015477455,2.1732926548369327,,0.22989247069514054,0.24870111679962256,0.17942489658189734,0.016885469000243097,0.016885469000243097,0.016885469000243097,0.016885469000243097,0.19001229492115174,0.016885469000243097,0.016885469000243097,0.016885469000243097,0.016885469000243097,0.016885469000243097
1387,museum_culture,low,5.474144590168339,transit,5.708156795431267,0.46451523378659487,0.24314349076243522,0.22781812078581126,False,Les Corts,41.387568136201104,2.1222860447098366,,0.16251368566791938,0.014778971094491708,0.21974285065611104,0.014778971094491708,0.014778971094491708,0.014778971094491708,0.014778971094491708,0.014778971094491708,0.014778971094491708,0.014778971094491708,0.014778971094491708,0.23568123872561111,0.24905148509993308
1388,history_religion,medium,19.675917289154736,transit,7.543391269710917,0.4975249197603439,0.5280249847815178,0.4796432146651197,False,Gotic,41.378893472765974,2.17153854801237,,0.22229305250760248,0.25103691511727044,0.15776771145423518,0.014851259810014183,0.014851259810014183,0.014851259810014183,0.014851259810014183,0.014851259810014183,0.014851259810014183,0.014851259810014183,0.014851259810014183,0.014851259810014183,0.2352409826307642
1389,food_local_markets,medium,18.526560314355066,walk,1.490483574864316,0.5477069882299889,0.46471663635579835,0.7705589484781217,False,Sagrada Familia,41.40668623215315,2.1723672233404643,,0.016638240033107488,0.016638240033107488,0.016638240033107488,0.016638240033107488,0.20899264668530956,0.1832817978805469,0.016638240033107488,0.016638240033107488,0.2515764639528576,0.016638240033107488,0.016638240033107488,0.016638240033107488,0.20640493118331849
1390,family_green,low,8.774031754908068,transit,9.280169251757842,0.8193729845094184,0.7599994538817046,0.9069214760546472,True,Vila de Gracia,41.40560518166994,2.1626012049688526,,0.016830131140227883,0.016830131140227883,0.016830131140227883,0.2094080615294845,0.016830131140227883,0.016830131140227883,0.17195206969382967,0.016830131140227883,0.016830131140227883,0.016830131140227883,0.17634129711226745,0.2908273914023674,0.016830131140227883
1391,history_religion,low,6.939230737382317,transit,9.34678334749616,0.5731156507320433,0.5327586256747294,0.11584607026081811,False,Dreta Eixample,41.39464535382334,2.164027733749651,,0.213496381318774,0.24358441828566163,0.2382134415416134,0.013683413530401362,0.013683413530401362,0.013683413530401362,0.013683413530401362,0.013683413530401362,0.013683413530401362,0.013683413530401362,0.013683413530401362,0.013683413530401362,0.18155503708033874
1392,history_religion,low,6.9643482292842345,bike,3.9301507868846115,0.2650323986571246,0.3158042215562362,0.4070802787617251,False,Gotic,41.374540122184335,2.1790735095633833,,0.2363070390944634,0.21070283957914437,0.251766621567708,0.01533006950099947,0.01533006950099947,0.01533006950099947,0.01533006950099947,0.01533006950099947,0.01533006950099947,0.01533006950099947,0.01533006950099947,0.01533006950099947,0.16325287424968893
1393,family_green,medium,11.996602514009352,walk,2.670737286419714,0.8297341514453763,0.629755018324673,0.6893239641791308,True,Gotic,41.38741510787564,2.1763977522046867,,0.015429795257324226,0.015429795257324226,0.015429795257324226,0.19225457697280107,0.015429795257324226,0.015429795257324226,0.23916351954354229,0.015429795257324226,0.015429795257324226,0.015429795257324226,0.17767290213839035,0.25204084402934823,0.015429795257324226
1394,museum_culture,medium,8.833537247299446,walk,3.1010287888338035,0.8000479303476878,0.6695469343816458,0.26648748174282727,False,Les Corts,41.391650454492,2.1308777168611637,,0.22430235893353825,0.015913395587707095,0.20166754874274334,0.015913395587707095,0.015913395587707095,0.015913395587707095,0.015913395587707095,0.015913395587707095,0.015913395587707095,0.015913395587707095,0.015913395587707095,0.2469520296106886,0.18385750242366602
1395,food_local_markets,high,31.747083238020167,bike,7.198651530741891,0.5602726374882964,0.7617805093081519,0.4755541789858066,False,Sagrada Familia,41.4081093451509,2.172870961496347,,0.016990325118377347,0.016990325118377347,0.016990325118377347,0.016990325118377347,0.1844397525179825,0.20081715151564813,0.016990325118377347,0.016990325118377347,0.19282774948825332,0.016990325118377347,0.016990325118377347,0.016990325118377347,0.2690024204127199
1396,family_green,high,34.64499722997609,transit,11.266370472272339,0.5524351858207981,0.704640077022205,0.8051454373618283,False,Gotic,41.38174636189401,2.1788356230833554,,0.01611576794208516,0.01611576794208516,0.01611576794208516,0.23456898449819136,0.01611576794208516,0.01611576794208516,0.16997655229619266,0.01611576794208516,0.01611576794208516,0.01611576794208516,0.2357610093135379,0.2146515424133116,0.01611576794208516
1397,family_green,medium,8.414075119004192,bike,4.662638573197973,0.4335391224754748,0.4352559034359272,0.5255437298360655,True,Sagrada Familia,41.405719865844894,2.1737521597451765,,0.017708631420816346,0.017708631420816346,0.017708631420816346,0.2562848110117509,0.017708631420816346,0.017708631420816346,0.203465835693025,0.017708631420816346,0.017708631420816346,0.017708631420816346,0.19536905330984147,0.18550261719803562,0.017708631420816346
1398,beach_nightlife,medium,20.00771741496527,bike,6.982882181429497,0.26738139741403644,0.617029820040817,0.8357797947264002,False,Gotic,41.38119801020695,2.170585337875529,,0.017290151204000754,0.017290151204000754,0.017290151204000754,0.017290151204000754,0.017290151204000754,0.22949711883024307,0.26371791498370123,0.017290151204000754,0.17826829434102726,0.1729053110090217,0.017290151204000754,0.017290151204000754,0.017290151204000754
1399,history_religion,high,27.654180715581234,transit,7.56796460572155,0.5850742508031503,0.44807736258258374,0.06684363933755884,False,Gotic,41.38808511205087,2.1781814001468525,,0.2218963665608586,0.2507690367846478,0.24096115606712715,0.014122820563321488,0.014122820563321488,0.014122820563321488,0.014122820563321488,0.014122820563321488,0.014122820563321488,0.014122820563321488,0.014122820563321488,0.014122820563321488,0.15926805551747303
1400,museum_culture,medium,17.956431603137244,walk,1.7823272711771119,0.5568488027671894,0.4113134810511377,0.47813328091893836,False,Dreta Eixample,41.38854174100973,2.157412370021836,,0.18595747336555096,0.015605776936018282,0.24185218937026318,0.015605776936018282,0.015605776936018282,0.015605776936018282,0.015605776936018282,0.015605776936018282,0.015605776936018282,0.015605776936018282,0.015605776936018282,0.2496302284621698,0.18210811637785154
1401,history_religion,low,5.653865863291492,transit,7.8288607221865885,0.5061550056901906,0.280611467818267,0.34445554341607476,True,Dreta Eixample,41.38651191906009,2.164222936072623,,0.2403269501060696,0.18140284271664425,0.24348763104635573,0.01645915575183045,0.01645915575183045,0.01645915575183045,0.01645915575183045,0.01645915575183045,0.01645915575183045,0.01645915575183045,0.01645915575183045,0.01645915575183045,0.1866501743644564
1402,food_local_markets,high,55.0,walk,1.7879457368508875,0.8484140322270021,0.6826269068776603,0.30927098129801295,False,Sagrada Familia,41.40340918914633,2.1725410510252665,,0.01454894314927398,0.01454894314927398,0.01454894314927398,0.01454894314927398,0.24306253709288222,0.2547034166650199,0.01454894314927398,0.01454894314927398,0.16881409448338672,0.01454894314927398,0.01454894314927398,0.01454894314927398,0.20247946341524536
1403,architecture_fans,high,38.267691042728416,bike,6.235611891616847,0.7727692348037305,0.1557005200144452,0.2536771937170988,False,Gotic,41.38280840825655,2.16972834258001,,0.21201605790853578,0.2320468642350142,0.21782253578668648,0.014325215390809772,0.014325215390809772,0.014325215390809772,0.014325215390809772,0.20918760355247565,0.014325215390809772,0.014325215390809772,0.014325215390809772,0.014325215390809772,0.014325215390809772
1404,family_green,medium,5.892478844068426,transit,10.434880604940142,0.8055099690629838,0.6213397675471719,0.8836446908176545,False,Sagrada Familia,41.4022537901626,2.1853110715714537,,0.01715736548021151,0.01715736548021151,0.01715736548021151,0.20131149632859183,0.01715736548021151,0.01715736548021151,0.20084413479571542,0.01715736548021151,0.01715736548021151,0.01715736548021151,0.18646928166868937,0.25695879788509973,0.01715736548021151
1405,family_green,high,41.51927138246742,mixed,7.091967581487938,0.6590366144811779,0.4240181827611113,0.9148660251989909,False,El Raval,41.374986000555566,2.1657323194197766,,0.013903892855042444,0.013903892855042444,0.013903892855042444,0.2267056013667158,0.013903892855042444,0.013903892855042444,0.23109340847860282,0.013903892855042444,0.013903892855042444,0.013903892855042444,0.2447507813031161,0.17231517315618333,0.013903892855042444
1406,food_local_markets,low,7.010426693947036,walk,2.9911700931906156,0.54404036656039,0.5447418804572265,0.2824398624566394,False,Vila de Gracia,41.40564500231714,2.155916277995424,,0.014155348372880176,0.014155348372880176,0.014155348372880176,0.014155348372880176,0.24232761486255147,0.23075207349616828,0.014155348372880176,0.014155348372880176,0.23127700091946685,0.014155348372880176,0.014155348372880176,0.014155348372880176,0.16824517536589187
1407,architecture_fans,low,9.839242337465512,transit,11.910104397164492,0.6741918412775891,0.6792587709419102,0.17186906580319494,False,Montjuic,41.3710048411129,2.157969537956571,,0.16520591215164443,0.26752059204589884,0.15462080742551274,0.01540973147490039,0.01540973147490039,0.01540973147490039,0.01540973147490039,0.27396510510284056,0.01540973147490039,0.01540973147490039,0.01540973147490039,0.01540973147490039,0.01540973147490039
1408,museum_culture,medium,15.25156543120118,transit,7.9983367535170435,0.5436168792904742,0.5263887060912312,0.44563892526116067,False,Poblenou,41.398151266291265,2.2060030176778023,,0.23896055477114406,0.016050189835563947,0.21829172742721437,0.016050189835563947,0.016050189835563947,0.016050189835563947,0.016050189835563947,0.016050189835563947,0.016050189835563947,0.016050189835563947,0.016050189835563947,0.163876287045094,0.23441972223647212
1409,history_religion,medium,17.989750936120302,walk,3.266639473134296,0.3972856928112105,0.7511922970225904,0.38633117781759774,False,Sagrada Familia,41.40521989523039,2.1706701587028503,,0.19345687035692627,0.2318137922169745,0.22189084435346662,0.015744648583469086,0.015744648583469086,0.015744648583469086,0.015744648583469086,0.015744648583469086,0.015744648583469086,0.015744648583469086,0.015744648583469086,0.015744648583469086,0.2111366558214108
1410,museum_culture,low,8.34413337236942,transit,8.812039635909793,0.5514187152794104,0.3016357853276153,0.2486885722705416,False,Les Corts,41.38608669803659,2.1301050330796394,,0.23499770801164277,0.015100385088711562,0.26071486703877805,0.015100385088711562,0.015100385088711562,0.015100385088711562,0.015100385088711562,0.015100385088711562,0.015100385088711562,0.015100385088711562,0.015100385088711562,0.17979373548461333,0.18859022366656183
1411,architecture_fans,medium,21.16814449136255,mixed,4.3230513907037675,0.9013121125193729,0.21754941190273822,0.31666706548198903,False,Vila de Gracia,41.39279218504337,2.1577176898610055,,0.2203829295812246,0.23909139921018302,0.23348737423149882,0.01570472733549625,0.01570472733549625,0.01570472733549625,0.01570472733549625,0.1656957509576274,0.01570472733549625,0.01570472733549625,0.01570472733549625,0.01570472733549625,0.01570472733549625
1412,history_religion,medium,12.985217005236331,transit,9.2385653254983,0.4199965058272766,0.571517352895082,0.4190484060741202,False,Dreta Eixample,41.38538654604456,2.1694696292503144,,0.1902263672538378,0.23030592805111028,0.18615753002943092,0.01739691454631538,0.01739691454631538,0.01739691454631538,0.01739691454631538,0.01739691454631538,0.01739691454631538,0.01739691454631538,0.01739691454631538,0.01739691454631538,0.23673794374878251
1413,family_green,medium,15.192738177359992,taxi,7.6278747631416,0.5444432599844929,0.6600231830546833,0.9057329277184816,True,Montjuic,41.37097347267223,2.154593278283671,,0.015328680078812294,0.015328680078812294,0.015328680078812294,0.21353734596674567,0.015328680078812294,0.015328680078812294,0.18524630924722618,0.015328680078812294,0.015328680078812294,0.015328680078812294,0.2334085962339407,0.22984962784277682,0.015328680078812294
1414,architecture_fans,high,40.74354272200373,walk,3.0866240023239992,0.27410706531716317,0.5916656571552121,0.2678738745596769,False,Sagrada Familia,41.399633869707834,2.177359845175069,,0.19003250667781382,0.22781842596521784,0.25251479690867656,0.014067824972581864,0.014067824972581864,0.014067824972581864,0.014067824972581864,0.20302384569505505,0.014067824972581864,0.014067824972581864,0.014067824972581864,0.014067824972581864,0.014067824972581864
1415,food_local_markets,medium,11.805387143044358,bike,5.171166825863725,0.22761209225716317,0.6116095243306443,0.5590483596078353,False,Sant Andreu,41.43473725109168,2.1890048254311596,,0.01639313817025135,0.01639313817025135,0.01639313817025135,0.01639313817025135,0.17537876271370129,0.1922996747749828,0.01639313817025135,0.01639313817025135,0.20984553166533232,0.01639313817025135,0.01639313817025135,0.01639313817025135,0.2749377873137215
1416,history_religion,low,8.206817052841194,transit,9.845286435635,0.3993037022406182,0.5981942298004097,0.2579472149239749,False,Poblenou,41.40357969283683,2.2022707604788043,,0.19259045584846513,0.1974051926689591,0.2552657915319306,0.014603126966908884,0.014603126966908884,0.014603126966908884,0.014603126966908884,0.014603126966908884,0.014603126966908884,0.014603126966908884,0.014603126966908884,0.014603126966908884,0.22331041724846523
1417,architecture_fans,medium,19.388169848255053,transit,5.06277639706436,0.756205348133129,0.31365451230655184,0.25283684875969503,False,Les Corts,41.37729271943467,2.1289701866351067,,0.21637830933080762,0.18865969528743204,0.2752156473026793,0.016315168723667364,0.016315168723667364,0.016315168723667364,0.016315168723667364,0.17290982956607479,0.016315168723667364,0.016315168723667364,0.016315168723667364,0.016315168723667364,0.016315168723667364
1418,beach_nightlife,high,19.7801951853919,walk,2.859006496890045,0.19823006847520275,0.3255956609085605,0.7871523464536676,False,La Barceloneta,41.383936389219805,2.2004187023195163,,0.016576198569721815,0.016576198569721815,0.016576198569721815,0.016576198569721815,0.016576198569721815,0.28222066745135876,0.16763253661491165,0.016576198569721815,0.18137500565481463,0.21958600315141863,0.016576198569721815,0.016576198569721815,0.016576198569721815
1419,family_green,high,22.786091787737995,transit,5.263632366671603,0.611064993861983,0.8046451102773888,0.8815960615530407,False,Dreta Eixample,41.38942280888401,2.164187807415807,,0.01615498348397419,0.01615498348397419,0.01615498348397419,0.28521755642746327,0.01615498348397419,0.01615498348397419,0.1756630068143182,0.01615498348397419,0.01615498348397419,0.01615498348397419,0.2316528973717886,0.16207168803066221,0.01615498348397419
1420,history_religion,low,8.770213595622968,bike,6.25255054551261,0.6121297446041991,0.5790196876318,0.45021751895022144,False,Vila de Gracia,41.39899202360427,2.147189052896377,,0.23224020658712807,0.17732263852168295,0.23588626122206233,0.01370530998959724,0.01370530998959724,0.01370530998959724,0.01370530998959724,0.01370530998959724,0.01370530998959724,0.01370530998959724,0.01370530998959724,0.01370530998959724,0.2312031037627515
1421,beach_nightlife,low,8.84258742586143,transit,11.470750686706301,0.14605512498795215,0.19968971676595196,0.7558245885531225,False,El Raval,41.38334385708171,2.1650553880668344,,0.017653303381598463,0.017653303381598463,0.017653303381598463,0.017653303381598463,0.017653303381598463,0.2403015726440276,0.21146648639053237,0.017653303381598463,0.19741298269277074,0.19193922783828316,0.017653303381598463,0.017653303381598463,0.017653303381598463
1422,architecture_fans,high,25.864697664993884,mixed,4.0247043472039294,0.3072222850068157,0.18102994557986207,0.3829347298867416,False,Gotic,41.38168821018781,2.1745563437708015,,0.20944048645311478,0.23466739348914367,0.19733351462478013,0.01567140307368566,0.01567140307368566,0.01567140307368566,0.01567140307368566,0.2175159777697905,0.01567140307368566,0.01567140307368566,0.01567140307368566,0.01567140307368566,0.01567140307368566
1423,architecture_fans,medium,14.272291999553143,transit,8.72982329252343,0.4468450452823195,0.6380564997598794,0.3659670724741955,False,Dreta Eixample,41.393303440863555,2.1645789521205328,,0.2241561730409996,0.18742277556055972,0.23852140099802224,0.013450809018145448,0.013450809018145448,0.013450809018145448,0.013450809018145448,0.2288423692371094,0.013450809018145448,0.013450809018145448,0.013450809018145448,0.013450809018145448,0.013450809018145448
1424,architecture_fans,medium,7.620114421162322,transit,8.152543291065552,0.5143444395871141,0.10850977365948676,0.07662104978155107,False,La Barceloneta,41.38096947938639,2.188859995460982,,0.18919549882602757,0.24438330276353856,0.2023051765915636,0.014339252616110893,0.014339252616110893,0.014339252616110893,0.014339252616110893,0.2350627482738722,0.014339252616110893,0.014339252616110893,0.014339252616110893,0.014339252616110893,0.014339252616110893
1425,architecture_fans,high,39.90036314418684,transit,10.869905544944558,0.22701366013221952,0.5334026013133684,0.4999378927746967,False,Sagrada Familia,41.406894438410916,2.175069132157985,,0.20531456025516717,0.24565351439184036,0.19843295750427048,0.014539254352064443,0.014539254352064443,0.014539254352064443,0.014539254352064443,0.21974567868014203,0.014539254352064443,0.014539254352064443,0.014539254352064443,0.014539254352064443,0.014539254352064443
1426,food_local_markets,medium,22.706946264273775,walk,2.1725448954785134,0.7021776664088982,0.712128713461969,0.8520514433002335,False,Sagrada Familia,41.40207999204256,2.1786575742024605,,0.014599908544876153,0.014599908544876153,0.014599908544876153,0.014599908544876153,0.18484394791499295,0.24749295447065592,0.014599908544876153,0.014599908544876153,0.19008321679292658,0.014599908544876153,0.014599908544876153,0.014599908544876153,0.24618070391753913
1427,architecture_fans,medium,14.897313920030195,transit,6.21386553675379,0.8132448408183124,0.34716094864673613,0.23173356138967996,False,Vila de Gracia,41.39962214345255,2.159580640898728,,0.26578179838785276,0.18554204628294088,0.23529437287496546,0.015536760576323645,0.015536760576323645,0.015536760576323645,0.015536760576323645,0.17355093726732812,0.015536760576323645,0.015536760576323645,0.015536760576323645,0.015536760576323645,0.015536760576323645
1428,beach_nightlife,medium,20.163897243415462,transit,5.884258543622167,0.3283117241353826,0.18047177384873714,0.8520478406782143,False,Les Corts,41.38334090943645,2.121451742303648,,0.014284915771079805,0.014284915771079805,0.014284915771079805,0.014284915771079805,0.014284915771079805,0.23945891253957924,0.245320204165308,0.014284915771079805,0.22918403861897868,0.15747260273641583,0.014284915771079805,0.014284915771079805,0.014284915771079805
1429,architecture_fans,high,37.17533773998804,bike,5.623637599841789,0.5767371985865166,0.3820163627467433,0.5373798287173999,False,Gotic,41.385739070780225,2.1781717829717553,,0.2338032461720719,0.2182901554440458,0.1843116963303988,0.01353843204981685,0.01353843204981685,0.01353843204981685,0.01353843204981685,0.24174901360513187,0.01353843204981685,0.01353843204981685,0.01353843204981685,0.01353843204981685,0.01353843204981685
1430,architecture_fans,medium,18.18852224367522,mixed,3.6084651787614144,0.13191448508551198,0.7641271943480927,0.3520257772515849,False,El Raval,41.384099319047394,2.160613195936719,,0.1807791630306165,0.2082042124320379,0.27599578669510283,0.01575990560482616,0.01575990560482616,0.01575990560482616,0.01575990560482616,0.19318168739880728,0.01575990560482616,0.01575990560482616,0.01575990560482616,0.01575990560482616,0.01575990560482616
1431,architecture_fans,high,36.306668872889006,walk,3.254759834345236,0.33014553728003854,0.21773177853714687,0.4942017169040206,False,Montjuic,41.36737089967619,2.147283139636842,,0.15797581912126218,0.22888237043375673,0.23780129734940947,0.01392614515562532,0.01392614515562532,0.01392614515562532,0.01392614515562532,0.25000520669494375,0.01392614515562532,0.01392614515562532,0.01392614515562532,0.01392614515562532,0.01392614515562532
1432,food_local_markets,low,7.396149392714372,transit,5.956173347179447,0.5504857767246408,0.6797211332617392,0.7149136484514661,False,Sarria,41.402876239883156,2.1299637397562163,,0.014696823925611755,0.014696823925611755,0.014696823925611755,0.014696823925611755,0.2562017662699932,0.21439555454938558,0.014696823925611755,0.014696823925611755,0.1831800121217726,0.014696823925611755,0.014696823925611755,0.014696823925611755,0.2139512517283429
1433,beach_nightlife,low,8.137518843398603,transit,5.485322946591329,0.3128334841409412,0.17070929682469962,0.8391008670991901,False,Dreta Eixample,41.392703058850024,2.162037596679806,,0.014959407417435679,0.014959407417435679,0.014959407417435679,0.014959407417435679,0.014959407417435679,0.22258683555122927,0.22814329850960285,0.014959407417435679,0.24024081225009206,0.17439438693215473,0.014959407417435679,0.014959407417435679,0.014959407417435679
1434,family_green,low,5.048958249988342,mixed,7.163251419014845,0.6241601951649491,0.29861595130396834,0.7377907011905611,True,Dreta Eixample,41.38880069517177,2.1621557012598656,,0.017603195927210356,0.017603195927210356,0.017603195927210356,0.21724039532388226,0.017603195927210356,0.017603195927210356,0.2580505167917633,0.017603195927210356,0.017603195927210356,0.017603195927210356,0.18978175562817037,0.17649856891129087,0.017603195927210356
1435,family_green,medium,5.760855371149333,taxi,9.632125819153666,0.4195458384906103,0.7970914870271476,0.6205665562556283,True,Poblenou,41.399176404068506,2.201977927100221,,0.014423152158123015,0.014423152158123015,0.014423152158123015,0.22591559419845325,0.014423152158123015,0.014423152158123015,0.19868458964582458,0.014423152158123015,0.014423152158123015,0.014423152158123015,0.23398613875207708,0.21160530798053803,0.014423152158123015
1436,family_green,low,6.056840018538221,bike,4.957796368585439,0.8393357836148586,0.1944033147489438,0.928314684437109,False,Dreta Eixample,41.38894264759194,2.1611471098511266,,0.014056844375875295,0.014056844375875295,0.014056844375875295,0.21159766204422864,0.014056844375875295,0.014056844375875295,0.2464443807680253,0.014056844375875295,0.014056844375875295,0.014056844375875295,0.20717614572597307,0.20827021207889537,0.014056844375875295
1437,museum_culture,medium,22.112099476368044,transit,8.728685854432594,0.5250467145004344,0.2681839071019398,0.6302783384614448,False,La Barceloneta,41.378025552716636,2.185710016966974,,0.25553020098060614,0.01587779640474865,0.21454039922823354,0.01587779640474865,0.01587779640474865,0.01587779640474865,0.01587779640474865,0.01587779640474865,0.01587779640474865,0.01587779640474865,0.01587779640474865,0.22227536896731934,0.16475386318110316
1438,food_local_markets,low,8.69682605938992,walk,3.3437272625598555,0.4250883335279321,0.46102383250175377,0.40579278387147555,False,Dreta Eixample,41.39382655313017,2.1634151631497436,,0.015980985143736175,0.015980985143736175,0.015980985143736175,0.015980985143736175,0.2137035569473943,0.19379043149801867,0.015980985143736175,0.015980985143736175,0.2656319273254718,0.015980985143736175,0.015980985143736175,0.015980985143736175,0.18304521793548964
1439,architecture_fans,medium,15.809986776474801,transit,9.250153912046718,0.23997899370415357,0.5058114964081678,0.40802503232441106,False,Gotic,41.38125773583353,2.17630067726551,,0.21987441632887816,0.19912301205880187,0.24098583252217198,0.01547348271784124,0.01547348271784124,0.01547348271784124,0.01547348271784124,0.20075539462957684,0.01547348271784124,0.01547348271784124,0.01547348271784124,0.01547348271784124,0.01547348271784124
1440,food_local_markets,medium,18.074789800296998,transit,5.3835816758248765,0.5339023448034039,0.5094573846788523,0.4376787627565441,False,Les Corts,41.37986250892852,2.1274074546475723,,0.017772203274871962,0.017772203274871962,0.017772203274871962,0.017772203274871962,0.2810304743289687,0.182419704396152,0.017772203274871962,0.017772203274871962,0.1884295071038098,0.017772203274871962,0.017772203274871962,0.017772203274871962,0.18817048469722175
1441,architecture_fans,high,43.33578241842456,transit,5.21569566764236,0.32445464116501127,0.10099133339464973,0.4755825149976496,False,Sarria,41.405809369012836,2.1199342627547377,,0.2266913563848668,0.17606367540070414,0.2316601224533669,0.016270586991402186,0.016270586991402186,0.016270586991402186,0.016270586991402186,0.21914956283844245,0.016270586991402186,0.016270586991402186,0.016270586991402186,0.016270586991402186,0.016270586991402186
1442,food_local_markets,high,32.53846619823622,walk,2.3407891169561683,0.5190003112980528,0.7981091814060277,0.667632128506771,False,Dreta Eixample,41.38997024616941,2.163341387436391,,0.01607506379352085,0.01607506379352085,0.01607506379352085,0.01607506379352085,0.2850898607778783,0.20060549917606052,0.01607506379352085,0.01607506379352085,0.18121067343190325,0.01607506379352085,0.01607506379352085,0.01607506379352085,0.18841839247247028
1443,architecture_fans,medium,27.678935299060125,transit,6.2056203934141125,0.2211335721539698,0.05187237945201024,0.47512251441648967,False,El Raval,41.38159564169934,2.1705353459522114,,0.26900254895177056,0.2368245833993844,0.15400892084152357,0.015263344011006222,0.015263344011006222,0.015263344011006222,0.015263344011006222,0.20279385070826544,0.015263344011006222,0.015263344011006222,0.015263344011006222,0.015263344011006222,0.015263344011006222
1444,architecture_fans,low,8.14177326901989,walk,3.168974904282055,0.5001496109670521,0.4069093984397401,0.12930494403878975,False,Dreta Eixample,41.3942231002909,2.1702640039406367,,0.24118148240043308,0.1952048454279065,0.18854943003260324,0.017569189563365856,0.017569189563365856,0.017569189563365856,0.017569189563365856,0.21694153606876448,0.017569189563365856,0.017569189563365856,0.017569189563365856,0.017569189563365856,0.017569189563365856
1445,history_religion,medium,15.189414317796148,walk,2.6242070038477068,0.09650051542859385,0.7077329656847985,0.824150017294423,False,Gotic,41.39097249170553,2.173146152690344,,0.22722628424051497,0.21693747962624757,0.1657809278192232,0.01577553811605873,0.01577553811605873,0.01577553811605873,0.01577553811605873,0.01577553811605873,0.01577553811605873,0.01577553811605873,0.01577553811605873,0.01577553811605873,0.24807546526948565
1446,architecture_fans,medium,19.728087258319995,taxi,15.78493025174832,0.22869454226866764,0.1812388365947533,0.3049314833478403,False,Sagrada Familia,41.40464245458983,2.172414987864687,,0.15553835672682106,0.24359286614099268,0.2134504930181631,0.014601831034874627,0.014601831034874627,0.014601831034874627,0.014601831034874627,0.25600180480015156,0.014601831034874627,0.014601831034874627,0.014601831034874627,0.014601831034874627,0.014601831034874627
1447,museum_culture,medium,13.941116801078149,walk,1.2050752570608108,0.6401019498909926,0.6617603125814167,0.2724440700902218,True,Poblenou,41.402049099782936,2.207361433323611,,0.18933619528691706,0.01464143218629248,0.2573841176216726,0.01464143218629248,0.01464143218629248,0.01464143218629248,0.01464143218629248,0.01464143218629248,0.01464143218629248,0.01464143218629248,0.01464143218629248,0.23666364385742936,0.1848431535573487
1448,history_religion,medium,10.066587333696267,transit,6.167613252019709,0.25696510683112683,0.15520555375271955,0.39828600307787126,True,Montjuic,41.36903886273674,2.15952103661398,,0.1936019500314062,0.19162203350828944,0.25907036539315176,0.01631434183802098,0.01631434183802098,0.01631434183802098,0.01631434183802098,0.01631434183802098,0.01631434183802098,0.01631434183802098,0.01631434183802098,0.01631434183802098,0.20887657452496383
1449,museum_culture,medium,20.95986565175478,transit,11.318692238362084,0.44564253094988804,0.6230218002184527,0.3997778416382564,False,El Raval,41.38169673449819,2.1702529527171275,,0.27075967601168976,0.015083137252951715,0.19059438434880685,0.015083137252951715,0.015083137252951715,0.015083137252951715,0.015083137252951715,0.015083137252951715,0.015083137252951715,0.015083137252951715,0.015083137252951715,0.1666759314792757,0.23622177288366225
1450,food_local_markets,low,10.348347186893713,mixed,7.445742420013961,0.2244808604049145,0.8480726133141809,0.45484093621004684,True,Gotic,41.382408439626204,2.169454138921653,,0.014835670861648612,0.014835670861648612,0.014835670861648612,0.014835670861648612,0.2506897115245735,0.22972721287278516,0.014835670861648612,0.014835670861648612,0.22567764884225847,0.014835670861648612,0.014835670861648612,0.014835670861648612,0.16038438900554536
1451,history_religion,high,26.396995922528646,transit,9.73719813942601,0.6583952017747576,0.6675443381582089,0.16366545161024162,False,Gotic,41.37676398202439,2.1758023931378445,,0.2218698889776558,0.21206307909143013,0.2203460245321423,0.014932266749356654,0.014932266749356654,0.014932266749356654,0.014932266749356654,0.014932266749356654,0.014932266749356654,0.014932266749356654,0.014932266749356654,0.014932266749356654,0.21133060665456185
1452,architecture_fans,low,5.070267362542067,transit,7.8708306084238036,0.3969855755666233,0.8049542201085587,0.29778996400426794,False,Gotic,41.382035693082464,2.1780294136686043,,0.2441725329485539,0.2121193397258915,0.23676111901881763,0.013593535267376151,0.013593535267376151,0.013593535267376151,0.013593535267376151,0.18460519090035157,0.013593535267376151,0.013593535267376151,0.013593535267376151,0.013593535267376151,0.013593535267376151
1453,architecture_fans,high,33.12063673840709,bike,6.863167768177798,0.4646869815780186,0.5472827559853141,0.5189219056095885,False,Poblenou,41.401887668708476,2.197108000199979,,0.2551437645916648,0.2195741784305116,0.17000566910162004,0.015440012332258527,0.015440012332258527,0.015440012332258527,0.015440012332258527,0.21631627688587676,0.015440012332258527,0.015440012332258527,0.015440012332258527,0.015440012332258527,0.015440012332258527
1454,food_local_markets,high,40.16192661007369,bike,6.925613534896986,0.5136794487467785,0.6878130728721275,0.49180628219928685,False,Dreta Eixample,41.38934415620985,2.1686704451948158,,0.014918732558210425,0.014918732558210425,0.014918732558210425,0.014918732558210425,0.23666720690212173,0.19827321587663696,0.014918732558210425,0.014918732558210425,0.2605127813045085,0.014918732558210425,0.014918732558210425,0.014918732558210425,0.17027820289283896
1455,architecture_fans,high,47.20102183701242,bike,4.223622961650021,0.22432416063475757,0.4847543268560551,0.3559090349913438,False,Gotic,41.38220450602835,2.179043709232997,,0.17303714164548498,0.23455307695920907,0.21478906971735778,0.015079247602627861,0.015079247602627861,0.015079247602627861,0.015079247602627861,0.24190748325429748,0.015079247602627861,0.015079247602627861,0.015079247602627861,0.015079247602627861,0.015079247602627861
1456,architecture_fans,high,54.62837603320029,transit,8.887877390431084,0.5028154776199204,0.4519082972068134,0.25258049175586816,False,Sant Andreu,41.43267890821435,2.187723105205083,,0.18252619665730582,0.3077346923568061,0.17370710700110825,0.017286963787476056,0.017286963787476056,0.017286963787476056,0.017286963787476056,0.18044932989749526,0.017286963787476056,0.017286963787476056,0.017286963787476056,0.017286963787476056,0.017286963787476056
1457,architecture_fans,high,54.74511985021685,mixed,3.837302716344836,0.46090479621773645,0.27305530176886594,0.5059978596496149,False,Vila de Gracia,41.402957952559255,2.1614163530091797,,0.1749372350313961,0.25970173907487043,0.22649570443808853,0.016779735155563857,0.016779735155563857,0.016779735155563857,0.016779735155563857,0.18784770505557025,0.016779735155563857,0.016779735155563857,0.016779735155563857,0.016779735155563857,0.016779735155563857
1458,history_religion,low,11.321249371374003,transit,8.63780722045427,0.62708396547605,0.7222545336721446,0.1367032863828759,False,Poblenou,41.39888205465861,2.200792100905876,,0.2307732244352696,0.23157146164316444,0.1875067166070443,0.013498123475874051,0.013498123475874051,0.013498123475874051,0.013498123475874051,0.013498123475874051,0.013498123475874051,0.013498123475874051,0.013498123475874051,0.013498123475874051,0.22866548603165524
1459,beach_nightlife,high,32.90580130701025,walk,3.3710263231869027,0.09913125862986738,0.2969779051956578,0.7702090410696274,False,Dreta Eixample,41.390687465186865,2.159456229331201,,0.015392358093330913,0.015392358093330913,0.015392358093330913,0.015392358093330913,0.015392358093330913,0.164016948926642,0.22091180462240365,0.015392358093330913,0.24521112427947123,0.23132889933150497,0.015392358093330913,0.015392358093330913,0.015392358093330913
1460,architecture_fans,medium,19.870262018220508,transit,9.826273974693839,0.07444017238520276,0.34226593223457236,0.5862985628050095,False,Sagrada Familia,41.400942360144434,2.179319527384961,,0.20363845857177357,0.25521348309732905,0.18194078785505705,0.016623330931353927,0.016623330931353927,0.016623330931353927,0.016623330931353927,0.20959729209365507,0.016623330931353927,0.016623330931353927,0.016623330931353927,0.016623330931353927,0.016623330931353927
1461,architecture_fans,medium,15.388260374404524,transit,11.316321702904784,0.3041882042977465,0.21000311305174976,0.5371842129438883,False,Montjuic,41.37145940009007,2.1515231198961957,,0.17463580703307,0.25574472965155504,0.18257671593745978,0.0166379573186025,0.0166379573186025,0.0166379573186025,0.0166379573186025,0.23730113151049267,0.0166379573186025,0.0166379573186025,0.0166379573186025,0.0166379573186025,0.0166379573186025
1462,family_green,medium,12.626224411821752,bike,4.826206103227022,0.9271280991584625,0.8837671564885446,0.8017891861950034,False,Sagrada Familia,41.40976077193946,2.1733376429779554,,0.014675316773651907,0.014675316773651907,0.014675316773651907,0.14892198965914,0.014675316773651907,0.014675316773651907,0.26273467147446267,0.014675316773651907,0.014675316773651907,0.014675316773651907,0.2613973985896729,0.19486808931385727,0.014675316773651907
1463,food_local_markets,medium,17.636585258057004,walk,2.2257323544217513,0.6908583919523229,0.32573508920880606,0.4000768862386167,False,Montjuic,41.3717651904949,2.1547977101214153,,0.016479554179894964,0.016479554179894964,0.016479554179894964,0.016479554179894964,0.1889968168773882,0.20351035967653378,0.016479554179894964,0.016479554179894964,0.2941736111506869,0.016479554179894964,0.016479554179894964,0.016479554179894964,0.16500322467633646
1464,food_local_markets,medium,13.228309552689051,taxi,14.877063675071813,0.45988547475356006,0.5235084316417262,0.8548011951243194,False,Sagrada Familia,41.40768379215008,2.1740982247552525,,0.014492370358485598,0.014492370358485598,0.014492370358485598,0.014492370358485598,0.21326379030451484,0.147370909455032,0.014492370358485598,0.014492370358485598,0.25614805814824076,0.014492370358485598,0.014492370358485598,0.014492370358485598,0.2527859088658421
1465,family_green,medium,17.248996677753013,transit,5.71196615747605,0.8211574628083912,0.8632808195391642,0.5856513755899257,True,Poblenou,41.39757740773798,2.204419370040917,,0.016435170243439417,0.016435170243439417,0.016435170243439417,0.19414457362900883,0.016435170243439417,0.016435170243439417,0.19851341646284082,0.016435170243439417,0.016435170243439417,0.016435170243439417,0.2558771686081803,0.2035483091090153,0.016435170243439417
1466,beach_nightlife,medium,23.189692253406754,walk,2.081283634728474,0.6071239429066763,0.421271159032389,0.7744036769113672,False,Poblenou,41.393289873907875,2.2074295377991207,,0.016366549650554733,0.016366549650554733,0.016366549650554733,0.016366549650554733,0.016366549650554733,0.19819343757550198,0.2026214727601105,0.016366549650554733,0.19444715589701486,0.25743898691238,0.016366549650554733,0.016366549650554733,0.016366549650554733
1467,family_green,low,9.069738756006792,transit,9.913621686899576,0.8616385424870425,0.9010258601992919,0.7859791999280754,True,Gotic,41.386747606191726,2.17634281930478,,0.014895667301515854,0.014895667301515854,0.014895667301515854,0.22250370783774262,0.014895667301515854,0.014895667301515854,0.20697066814507104,0.014895667301515854,0.014895667301515854,0.014895667301515854,0.2277486013028409,0.20871601700070272,0.014895667301515854
1468,architecture_fans,high,40.87608036180673,walk,2.8199555624301658,0.2548188877968596,0.6260043137159181,0.27207290551226315,False,Gotic,41.38741785459368,2.17088779289704,,0.20009880780214184,0.22604838185193013,0.21784429966662547,0.016497680806983002,0.016497680806983002,0.016497680806983002,0.016497680806983002,0.20752938341645558,0.016497680806983002,0.016497680806983002,0.016497680806983002,0.016497680806983002,0.016497680806983002
1469,history_religion,low,8.011375379519926,bike,6.277591253936676,0.5539840736585563,0.5922224338425947,0.12721101463298382,False,Vila de Gracia,41.399542128393605,2.1543029004178624,,0.17605766516875496,0.1871750641618464,0.2686600454277639,0.01583700647189501,0.01583700647189501,0.01583700647189501,0.01583700647189501,0.01583700647189501,0.01583700647189501,0.01583700647189501,0.01583700647189501,0.01583700647189501,0.22557416699457972
1470,family_green,low,9.195349252247489,taxi,11.365860616111558,0.7054597724136034,0.6136461524116511,0.8003784802009768,True,El Raval,41.38420902124959,2.1721738416148986,,0.014755596750515795,0.014755596750515795,0.014755596750515795,0.20883710912274436,0.014755596750515795,0.014755596750515795,0.17607551619103048,0.014755596750515795,0.014755596750515795,0.014755596750515795,0.24900036806388048,0.2332866358677025,0.014755596750515795
1471,museum_culture,medium,24.11531861323898,walk,2.7328760885909342,0.4602462545655693,0.6722701863123144,0.5970202210540768,False,Gotic,41.38777391262852,2.1728527469147942,,0.2360715296015266,0.015475878048761094,0.17724274966508946,0.015475878048761094,0.015475878048761094,0.015475878048761094,0.015475878048761094,0.015475878048761094,0.015475878048761094,0.015475878048761094,0.015475878048761094,0.2637162167327968,0.18368660156173722
1472,history_religion,low,5.815011872525929,walk,1.6562437550714872,0.4198172191647257,0.3204187953438321,0.36610700624322495,False,La Barceloneta,41.39157257040512,2.190563470652334,,0.24524237568029236,0.19638576724614631,0.19094585798250227,0.01381450432600959,0.01381450432600959,0.01381450432600959,0.01381450432600959,0.01381450432600959,0.01381450432600959,0.01381450432600959,0.01381450432600959,0.01381450432600959,0.24309546015697275
1473,family_green,high,43.16406039475261,mixed,8.120066846256154,0.8860654801990837,0.6062203644176826,0.9744609429385982,False,Les Corts,41.387592475972355,2.1342531218687237,,0.015061476156586972,0.015061476156586972,0.015061476156586972,0.2300640089125627,0.015061476156586972,0.015061476156586972,0.24264253272390507,0.015061476156586972,0.015061476156586972,0.015061476156586972,0.16599485573509584,0.22574531721915367,0.015061476156586972
1474,food_local_markets,low,7.72940360098092,mixed,6.229233237691968,0.302693800820247,0.34693749325279655,0.641354966670475,True,Sagrada Familia,41.411286228298465,2.1741197817221267,,0.018497353759323643,0.018497353759323643,0.018497353759323643,0.018497353759323643,0.19315468480055978,0.23196510005994966,0.018497353759323643,0.018497353759323643,0.21472945246167954,0.018497353759323643,0.018497353759323643,0.018497353759323643,0.19367457884389824
1475,architecture_fans,medium,11.683542090291194,transit,7.858738571531399,0.7361811472984681,0.5252680796143245,0.7382056391758579,False,Sarria,41.39158178821441,2.1230852169346592,,0.2000051243909014,0.1763960649550355,0.23893839506669742,0.01617649953485545,0.01617649953485545,0.01617649953485545,0.01617649953485545,0.23907191977366668,0.01617649953485545,0.01617649953485545,0.01617649953485545,0.01617649953485545,0.01617649953485545
1476,architecture_fans,high,17.60724601421758,walk,3.0047188414110004,0.29208296669247763,0.36125077899686153,0.23186514906534306,False,Vila de Gracia,41.39860827131977,2.1572532078084,,0.20583873274169417,0.2590707892017738,0.19320544355131514,0.01510878729065143,0.01510878729065143,0.01510878729065143,0.01510878729065143,0.205905948889354,0.01510878729065143,0.01510878729065143,0.01510878729065143,0.01510878729065143,0.01510878729065143
1477,architecture_fans,medium,17.011175530188652,transit,7.522231878443293,0.22585598159202233,0.22872664589328565,0.46063096199475606,False,Dreta Eixample,41.382798328430944,2.1696881280427993,,0.24025834940753166,0.16401536403835443,0.23312006753013384,0.014466226100108887,0.014466226100108887,0.014466226100108887,0.014466226100108887,0.23241018412300013,0.014466226100108887,0.014466226100108887,0.014466226100108887,0.014466226100108887,0.014466226100108887
1478,family_green,high,51.57434474637448,transit,7.9393429764642685,0.7821718274402762,0.4423682809531781,0.6077683106476461,True,Vila de Gracia,41.405534909925336,2.1544251102955743,,0.017026946441360366,0.017026946441360366,0.017026946441360366,0.2403013777113873,0.017026946441360366,0.017026946441360366,0.19003995398702686,0.017026946441360366,0.017026946441360366,0.017026946441360366,0.2305356327934415,0.18588051753590107,0.017026946441360366
1479,food_local_markets,low,4.451160182023988,transit,5.216776854131889,0.4407634864944785,0.4725521780231435,0.5356258411427756,True,La Barceloneta,41.382748942313704,2.1969879289441385,,0.016466916770562685,0.016466916770562685,0.016466916770562685,0.016466916770562685,0.25759452011945544,0.1732140002593167,0.016466916770562685,0.016466916770562685,0.22071262910233796,0.016466916770562685,0.016466916770562685,0.016466916770562685,0.20027659958382574
1480,museum_culture,low,6.916268074156287,transit,6.853394180186588,0.5015708603508651,0.7613939195914794,0.20678368603629202,True,Dreta Eixample,41.38433455246174,2.1653326031518563,,0.21753217813175726,0.01384194832433652,0.1828840722009683,0.01384194832433652,0.01384194832433652,0.01384194832433652,0.01384194832433652,0.01384194832433652,0.01384194832433652,0.01384194832433652,0.01384194832433652,0.23742884038784073,0.23757737436040502
1481,family_green,medium,21.518043089186296,transit,8.642050191421685,0.6395501935823724,0.498387941344986,0.8881350710317067,True,Montjuic,41.37223052001058,2.1584677673091224,,0.014541069453901337,0.014541069453901337,0.014541069453901337,0.14694126224254417,0.014541069453901337,0.014541069453901337,0.2390724833853063,0.014541069453901337,0.014541069453901337,0.014541069453901337,0.25725011116737234,0.2258665181196651,0.014541069453901337
1482,museum_culture,medium,21.06158345790511,walk,2.1070169479909997,0.4658455782203389,0.4737416208837313,0.39643049093036664,False,Gotic,41.386134972755734,2.177324028551028,,0.17914174430270013,0.0175068315562922,0.19590161978977105,0.0175068315562922,0.0175068315562922,0.0175068315562922,0.0175068315562922,0.0175068315562922,0.0175068315562922,0.0175068315562922,0.0175068315562922,0.2468082038164144,0.2205869480844846
1483,museum_culture,medium,18.892916780327223,transit,11.072745111514834,0.4920778680964387,0.6780794491353521,0.1877918140333313,False,Montjuic,41.36983115243712,2.1575324678976897,,0.2536336005118074,0.014474555823155787,0.18900940037049543,0.014474555823155787,0.014474555823155787,0.014474555823155787,0.014474555823155787,0.014474555823155787,0.014474555823155787,0.014474555823155787,0.014474555823155787,0.22481950553098062,0.2022664911783144
1484,beach_nightlife,high,35.438347922511966,walk,1.5452108621943659,0.741097347449565,0.5105297062272719,0.7728039645397853,False,Gotic,41.382920783134615,2.1839313868560235,,0.014430082321980377,0.014430082321980377,0.014430082321980377,0.014430082321980377,0.014430082321980377,0.15087793763148283,0.2515893382522604,0.014430082321980377,0.21545879578726182,0.2522031874311716,0.014430082321980377,0.014430082321980377,0.014430082321980377
1485,architecture_fans,medium,20.084143579411094,walk,3.3559293426453256,0.33620923616650633,0.32021042608097466,0.2604267886490001,False,La Barceloneta,41.37613188155671,2.1894808049285235,,0.2085786291819505,0.24336253314504136,0.19448213548329402,0.017665074187908605,0.017665074187908605,0.017665074187908605,0.017665074187908605,0.19459103449853668,0.017665074187908605,0.017665074187908605,0.017665074187908605,0.017665074187908605,0.017665074187908605
1486,history_religion,medium,16.659219128307974,transit,11.517616401276435,0.36098337767416455,0.3401021740361215,0.2664685504183028,False,La Barceloneta,41.3811657438353,2.1867082759632552,,0.22693752013436233,0.1568383654387268,0.23859765219844997,0.014479262657944865,0.014479262657944865,0.014479262657944865,0.014479262657944865,0.014479262657944865,0.014479262657944865,0.014479262657944865,0.014479262657944865,0.014479262657944865,0.24731309830695705
1487,architecture_fans,medium,25.01017968500801,mixed,5.890796239072202,0.7786436870767453,0.23176247876361608,0.325066643453233,False,Montjuic,41.37086678929611,2.1543118787688624,,0.2155546945515229,0.19394161911925117,0.2681650948720956,0.01695655369778575,0.01695655369778575,0.01695655369778575,0.01695655369778575,0.16972960817705862,0.01695655369778575,0.01695655369778575,0.01695655369778575,0.01695655369778575,0.01695655369778575
1488,architecture_fans,medium,27.161852423717864,transit,5.104766203587267,0.5845293963491996,0.2690895252824744,0.38345147644707345,False,Sagrada Familia,41.401775338758675,2.17456923753775,,0.23770424914426028,0.27609050859329526,0.1749319924154851,0.015896548725118524,0.015896548725118524,0.015896548725118524,0.015896548725118524,0.16820431132089275,0.015896548725118524,0.015896548725118524,0.015896548725118524,0.015896548725118524,0.015896548725118524
1489,family_green,medium,12.492902669130803,mixed,4.249377803740048,0.6777564072173423,0.6280721463809993,0.7852452709461616,True,Sant Andreu,41.41999672262835,2.1899729648416413,,0.017841671063163058,0.017841671063163058,0.017841671063163058,0.25711994493371876,0.017841671063163058,0.017841671063163058,0.20223912319581175,0.017841671063163058,0.017841671063163058,0.017841671063163058,0.1855690434605752,0.19449684884142676,0.017841671063163058
1490,history_religion,medium,20.154637165626088,transit,5.439269459696323,0.6329106588224983,0.33392490178730705,0.24775138377512596,False,Sagrada Familia,41.399957415994415,2.1697393510824305,,0.22326912803347032,0.21954712883417743,0.21333832699347235,0.013679616263189526,0.013679616263189526,0.013679616263189526,0.013679616263189526,0.013679616263189526,0.013679616263189526,0.013679616263189526,0.013679616263189526,0.013679616263189526,0.2207288697701742
1491,history_religion,medium,15.072241027881976,transit,9.180874545262437,0.4559561534161098,0.16783775764878864,0.6155688209232832,False,Montjuic,41.368103823264335,2.1502245875106203,,0.2674300914770432,0.1677122102299485,0.18307184498202955,0.015365894240177718,0.015365894240177718,0.015365894240177718,0.015365894240177718,0.015365894240177718,0.015365894240177718,0.015365894240177718,0.015365894240177718,0.015365894240177718,0.24349280514937918
1492,beach_nightlife,medium,19.876709452935877,transit,11.730998679926653,0.5986526548462856,0.505134874965631,0.9323384595009861,False,Vila de Gracia,41.400462252778105,2.1639563841067986,,0.015409946209093738,0.015409946209093738,0.015409946209093738,0.015409946209093738,0.015409946209093738,0.15878795905152518,0.23815717100686637,0.015409946209093738,0.2071455929745574,0.25721976108520744,0.015409946209093738,0.015409946209093738,0.015409946209093738
1493,architecture_fans,medium,20.460504757007683,transit,11.473378025965921,0.38098334088574554,0.6493920111299777,0.5351778715040073,False,Dreta Eixample,41.394587324799744,2.1685306272942553,,0.21266132915376346,0.2547419288591516,0.21748821213643593,0.014186986381126207,0.014186986381126207,0.014186986381126207,0.014186986381126207,0.18742565242051318,0.014186986381126207,0.014186986381126207,0.014186986381126207,0.014186986381126207,0.014186986381126207
1494,architecture_fans,low,7.131826805714217,transit,11.392145797733884,0.509920982751214,0.17715942567865917,0.5689113046671249,False,Dreta Eixample,41.385599831197375,2.1688925157447545,,0.2109370852703712,0.1785679653689127,0.24076431396872464,0.01484887664579483,0.01484887664579483,0.01484887664579483,0.01484887664579483,0.236090745579838,0.01484887664579483,0.01484887664579483,0.01484887664579483,0.01484887664579483,0.01484887664579483
1495,architecture_fans,high,47.518870812839566,bike,4.526816897199788,0.16707703905577956,0.27156036861619326,0.3914861136859133,False,Sagrada Familia,41.40743262657051,2.178406827800075,,0.1942348811857757,0.2613061987841854,0.1774868195741465,0.016281338440139254,0.016281338440139254,0.016281338440139254,0.016281338440139254,0.22044005449463916,0.016281338440139254,0.016281338440139254,0.016281338440139254,0.016281338440139254,0.016281338440139254
1496,food_local_markets,medium,18.393200130341086,walk,3.402801365339816,0.6322566248553142,0.49634189697974584,0.5768911040433204,False,La Barceloneta,41.37761243413677,2.17894808051378,,0.015681883930016408,0.015681883930016408,0.015681883930016408,0.015681883930016408,0.2790072215488627,0.1667320516721818,0.015681883930016408,0.015681883930016408,0.16934944441741337,0.015681883930016408,0.015681883930016408,0.015681883930016408,0.24377432699139445
1497,history_religion,low,5.292841176746888,transit,5.395864841490755,0.3579114997414902,0.3574438622919845,0.6967392850999946,False,Dreta Eixample,41.38353663774301,2.1651322860886486,,0.2493943035530443,0.16088584798603017,0.19865992825255901,0.015413242994705654,0.015413242994705654,0.015413242994705654,0.015413242994705654,0.015413242994705654,0.015413242994705654,0.015413242994705654,0.015413242994705654,0.015413242994705654,0.2523407332560157
1498,museum_culture,low,10.143455401719756,walk,1.8836349054817676,0.5838309213480904,0.6171069996863755,0.6933125185697304,False,Vila de Gracia,41.402333265376456,2.1573370099491656,,0.2643713170416355,0.015783016714206777,0.16960518857772122,0.015783016714206777,0.015783016714206777,0.015783016714206777,0.015783016714206777,0.015783016714206777,0.015783016714206777,0.015783016714206777,0.015783016714206777,0.2043129119805503,0.21966343197223195
1499,food_local_markets,low,3.020858061708501,taxi,10.557402135607289,0.6134192501863177,0.9369470177367321,0.4526725438146455,True,Dreta Eixample,41.38828400103047,2.1669573437565424,,0.01638083251528268,0.01638083251528268,0.01638083251528268,0.01638083251528268,0.17522427314828973,0.23020719451853552,0.01638083251528268,0.01638083251528268,0.16412700883002307,0.01638083251528268,0.01638083251528268,0.01638083251528268,0.2830140308656076
1500,architecture_fans,low,9.320435899948414,transit,6.372179838912299,0.39557941749624514,0.1828212263950576,0.23185896192999428,False,Dreta Eixample,41.39773496831361,2.1612968533652253,,0.2398516346505514,0.23849171472088174,0.18024372867411695,0.013837830639956472,0.013837830639956472,0.013837830639956472,0.013837830639956472,0.2168724461948417,0.013837830639956472,0.013837830639956472,0.013837830639956472,0.013837830639956472,0.013837830639956472
1501,family_green,medium,19.17380519653071,transit,10.452938556234178,0.5084770160531599,0.48018063611393336,0.7690243430284031,False,Dreta Eixample,41.39720957508657,2.1625039505055423,,0.014631999371871698,0.014631999371871698,0.014631999371871698,0.17661818280980546,0.014631999371871698,0.014631999371871698,0.22745666081797386,0.014631999371871698,0.014631999371871698,0.014631999371871698,0.25380700603296213,0.21043015599241324,0.014631999371871698
1502,family_green,low,6.395316908744339,transit,5.020619057953609,0.9464610311824645,0.505313166496205,0.6855834905805916,False,El Raval,41.378372493590035,2.1708371754225446,,0.015388499902014135,0.015388499902014135,0.015388499902014135,0.15591425929448977,0.015388499902014135,0.015388499902014135,0.16766064912493497,0.015388499902014135,0.015388499902014135,0.015388499902014135,0.2620145443783394,0.27591404808410863,0.015388499902014135
1503,architecture_fans,high,46.01403266581487,transit,5.758642739732073,0.20807041086347416,0.25556543752889305,0.2932874005594069,False,Sagrada Familia,41.403705414070416,2.1708061902978897,,0.2577925588412356,0.23474837765209855,0.19577382195089083,0.015287124235203538,0.015287124235203538,0.015287124235203538,0.015287124235203538,0.17410112343894318,0.015287124235203538,0.015287124235203538,0.015287124235203538,0.015287124235203538,0.015287124235203538
1504,museum_culture,medium,16.822158262689765,transit,11.583788293988798,0.8459705347699895,0.33525337201991284,0.24147607541884986,False,Gotic,41.38063178217712,2.1775631479154964,,0.2345276056741798,0.017166584875816345,0.18157035476371344,0.017166584875816345,0.017166584875816345,0.017166584875816345,0.017166584875816345,0.017166584875816345,0.017166584875816345,0.017166584875816345,0.017166584875816345,0.20338822229799494,0.22601455338176468
1505,museum_culture,low,6.184201045766724,mixed,3.793648007946384,0.5409768440991506,0.7760181252935162,0.7156464187405621,False,La Barceloneta,41.386849195490996,2.188700105138868,,0.2565604668183319,0.014918968730837846,0.15409311820249486,0.014918968730837846,0.014918968730837846,0.014918968730837846,0.014918968730837846,0.014918968730837846,0.014918968730837846,0.014918968730837846,0.014918968730837846,0.19893193744336615,0.2561437589582666
1506,beach_nightlife,high,38.36805567602195,transit,10.16004945328148,0.572185844988026,0.4465771286126798,0.6899003420952271,False,Les Corts,41.38204607705283,2.134769790479257,,0.015830155703096774,0.015830155703096774,0.015830155703096774,0.015830155703096774,0.015830155703096774,0.19634761735188025,0.20287675469657152,0.015830155703096774,0.2357173827418319,0.22258684388184544,0.015830155703096774,0.015830155703096774,0.015830155703096774
1507,architecture_fans,high,24.458483064818232,mixed,4.820608013380846,0.2151805182057656,0.20457411422821864,0.3001752322751248,False,Dreta Eixample,41.391184462195355,2.1678698607021056,,0.23467126266069718,0.20278974798725433,0.22936625465759578,0.01615282670983212,0.01615282670983212,0.01615282670983212,0.01615282670983212,0.1877972943059636,0.01615282670983212,0.01615282670983212,0.01615282670983212,0.01615282670983212,0.01615282670983212
1508,architecture_fans,high,30.490529014161087,transit,11.228704381684723,0.3873351806088703,0.4716393628878903,0.17609445406653662,False,El Raval,41.37612873379351,2.165219407003452,,0.2085981160657792,0.17199899033803814,0.1786150837491163,0.01682613387679961,0.01682613387679961,0.01682613387679961,0.01682613387679961,0.28935260495586984,0.01682613387679961,0.01682613387679961,0.01682613387679961,0.01682613387679961,0.01682613387679961
1509,food_local_markets,medium,27.764837998742156,transit,10.38482895807436,0.6881354476975959,0.45253820387055466,0.36798658496510334,False,La Barceloneta,41.381246649610674,2.1852298413945417,,0.01595760255950945,0.01595760255950945,0.01595760255950945,0.01595760255950945,0.18907925058708291,0.21904461966063007,0.01595760255950945,0.01595760255950945,0.2403917942837509,0.01595760255950945,0.01595760255950945,0.01595760255950945,0.20786591243295108
1510,museum_culture,medium,17.716350537224415,transit,8.304650884397237,0.5629669558487779,0.507416046618102,0.7643688222344323,False,Sagrada Familia,41.41347482268779,2.176777875124302,,0.26766359780879373,0.016867427542767606,0.2124928427698484,0.016867427542767606,0.016867427542767606,0.016867427542767606,0.016867427542767606,0.016867427542767606,0.016867427542767606,0.016867427542767606,0.016867427542767606,0.17771082613260306,0.19032588540384635
1511,architecture_fans,medium,13.911228952184166,walk,1.2767980993895716,0.3645504548906114,0.2133648045304259,0.6301188806409993,False,Dreta Eixample,41.38698584345467,2.168728797359558,,0.24316497433069487,0.2116837278024396,0.17880802283187341,0.015594112995895667,0.015594112995895667,0.015594112995895667,0.015594112995895667,0.2259962580719312,0.015594112995895667,0.015594112995895667,0.015594112995895667,0.015594112995895667,0.015594112995895667
1512,family_green,medium,16.844195148432092,mixed,8.73030657525318,0.724409944561541,0.6110292065714878,0.8451466370895271,False,Dreta Eixample,41.3908817694086,2.1610433350532445,,0.016080729306448407,0.016080729306448407,0.016080729306448407,0.20184529792630862,0.016080729306448407,0.016080729306448407,0.25452633501142874,0.016080729306448407,0.016080729306448407,0.016080729306448407,0.231623856051789,0.16727794725243808,0.016080729306448407
1513,museum_culture,medium,9.536466381755506,transit,6.527067107119163,0.4430595622156105,0.7385978359854578,0.4363619344215805,False,El Raval,41.37433425561838,2.169367775814138,,0.18240549338805684,0.017279123635493113,0.1840817362674581,0.017279123635493113,0.017279123635493113,0.017279123635493113,0.017279123635493113,0.017279123635493113,0.017279123635493113,0.017279123635493113,0.017279123635493113,0.28482871822402656,0.19317193940102043
1514,beach_nightlife,medium,17.383078745692828,bike,5.103634815622524,0.18814342172964693,0.38387623273160515,0.9473269656693684,False,Sagrada Familia,41.406562471558416,2.1755400655716803,,0.014834665566934926,0.014834665566934926,0.014834665566934926,0.014834665566934926,0.014834665566934926,0.21990952563675778,0.19280827923093696,0.014834665566934926,0.1881867350353501,0.26558346999454086,0.014834665566934926,0.014834665566934926,0.014834665566934926
1515,food_local_markets,medium,24.49640495078046,transit,5.016313638774207,0.7778751235936114,0.636987188800427,0.7657104087672321,False,Montjuic,41.366470824115325,2.1574918849987386,,0.01666493047296897,0.01666493047296897,0.01666493047296897,0.01666493047296897,0.2129593571977928,0.1876348583633381,0.01666493047296897,0.01666493047296897,0.2668365116350572,0.01666493047296897,0.01666493047296897,0.01666493047296897,0.1825848985470911
1516,family_green,medium,22.522311817800922,mixed,6.586310441575602,0.6934828823788523,0.5130733506352101,0.873168819347221,True,Gotic,41.38998217175613,2.1774774146059994,,0.016055693143693917,0.016055693143693917,0.016055693143693917,0.1929985977051105,0.016055693143693917,0.016055693143693917,0.25013014239196374,0.016055693143693917,0.016055693143693917,0.016055693143693917,0.17137652505661116,0.2409934965530693,0.016055693143693917
1517,family_green,high,37.83638259531812,transit,5.250697349971696,0.7633108960984829,0.9063365218948283,0.9672416705239539,True,Dreta Eixample,41.394678986316585,2.161693172712565,,0.016970969338931597,0.016970969338931597,0.016970969338931597,0.17782761544890752,0.016970969338931597,0.016970969338931597,0.2267138363573703,0.016970969338931597,0.016970969338931597,0.016970969338931597,0.24688163714327654,0.19583818700006123,0.016970969338931597
1518,beach_nightlife,high,30.088958999530092,walk,3.264605488060082,0.29680361390217924,0.5908618344189158,0.8589185671546179,False,Poblenou,41.403759837474965,2.1998492958032423,,0.016363605717734823,0.016363605717734823,0.016363605717734823,0.016363605717734823,0.016363605717734823,0.22015248889862057,0.1766778054463807,0.016363605717734823,0.22092529395008736,0.2349719602452979,0.016363605717734823,0.016363605717734823,0.016363605717734823
1519,museum_culture,medium,18.700294039562788,transit,6.256511925587777,0.24517296214968856,0.5491458147429532,0.43411007396973617,False,Les Corts,41.384409076288655,2.1389749499950543,,0.22206959824170538,0.01478434637165253,0.23633827834942558,0.01478434637165253,0.01478434637165253,0.01478434637165253,0.01478434637165253,0.01478434637165253,0.01478434637165253,0.01478434637165253,0.01478434637165253,0.2019353257530603,0.20659768031093592
1520,food_local_markets,low,2.9344133040172675,walk,1.4708662895587445,0.7996235011767823,0.7783098387959269,0.6910911422127305,False,Sant Andreu,41.42863604128206,2.190365825026871,,0.015804589196249635,0.015804589196249635,0.015804589196249635,0.015804589196249635,0.20871896173463897,0.169549608312455,0.015804589196249635,0.015804589196249635,0.25208898014706876,0.015804589196249635,0.015804589196249635,0.015804589196249635,0.22740114703959058
1521,history_religion,high,38.07607414279114,taxi,8.920442425580717,0.422783179447996,0.611674333791585,0.49944347394413824,False,Gotic,41.384613973785406,2.1685913431224915,,0.2007512816433609,0.24910291229211406,0.17777856729499342,0.014171703022883049,0.014171703022883049,0.014171703022883049,0.014171703022883049,0.014171703022883049,0.014171703022883049,0.014171703022883049,0.014171703022883049,0.014171703022883049,0.24482191156358413
1522,museum_culture,low,4.522300563863057,transit,5.778594652908184,0.3266286897196042,0.4868479746094419,0.4720368664457528,False,Gotic,41.38855081291821,2.178410382892204,,0.2642321601485752,0.014921991190276793,0.21675074192938448,0.014921991190276793,0.014921991190276793,0.014921991190276793,0.014921991190276793,0.014921991190276793,0.014921991190276793,0.014921991190276793,0.014921991190276793,0.17569962037107667,0.20901955683847248
1523,food_local_markets,medium,13.548151680269523,transit,11.636157535650645,0.5373072076822101,0.6619889285867256,0.3511288827868378,False,Sant Andreu,41.43557211154259,2.187516897272272,,0.013579452011881916,0.013579452011881916,0.013579452011881916,0.013579452011881916,0.22370970809492058,0.21485369347685243,0.013579452011881916,0.013579452011881916,0.23390133583955333,0.013579452011881916,0.013579452011881916,0.013579452011881916,0.20532019448173644
1524,beach_nightlife,low,10.169246609910264,transit,10.05312836247024,0.4188369988260184,0.6390185197343535,0.8869850511630397,False,Gotic,41.370808133812375,2.1811293436605195,,0.015213479130513767,0.015213479130513767,0.015213479130513767,0.015213479130513767,0.015213479130513767,0.1819212944812334,0.21329172783604838,0.015213479130513767,0.2406663330325609,0.22719933247553342,0.015213479130513767,0.015213479130513767,0.015213479130513767
1525,architecture_fans,low,9.02632214623119,transit,9.301463852085663,0.8290105956258573,0.4396893129431019,0.1548049567154844,True,Dreta Eixample,41.38789905865915,2.168450592395054,,0.24306930407862934,0.23242060472422593,0.19083874699195166,0.016464124556371952,0.016464124556371952,0.016464124556371952,0.016464124556371952,0.18549422319784545,0.016464124556371952,0.016464124556371952,0.016464124556371952,0.016464124556371952,0.016464124556371952
1526,museum_culture,low,5.665511436037626,walk,1.5598085842137122,0.7204854479726823,0.32641482688637763,0.5275643280004644,False,Gotic,41.38124880130621,2.179279783672324,,0.2664626431390541,0.015143981216786711,0.17995357786299868,0.015143981216786711,0.015143981216786711,0.015143981216786711,0.015143981216786711,0.015143981216786711,0.015143981216786711,0.015143981216786711,0.015143981216786711,0.24698112012559095,0.17030682792127583
1527,architecture_fans,high,41.18819797385099,bike,7.434456855346907,0.678905101455311,0.3967023370508984,0.38870104552987755,False,Montjuic,41.36842009503028,2.158232890756437,,0.21655814843899468,0.24246024196036595,0.20262043995905737,0.017209943766188125,0.017209943766188125,0.017209943766188125,0.017209943766188125,0.1834716757458889,0.017209943766188125,0.017209943766188125,0.017209943766188125,0.017209943766188125,0.017209943766188125
1528,food_local_markets,low,3.2579641777311075,transit,6.72564081309892,0.6606380590211681,0.6222647921128633,0.485599379843177,False,Dreta Eixample,41.400736756181125,2.1610520332730054,,0.013811621824206281,0.013811621824206281,0.013811621824206281,0.013811621824206281,0.22079391077429575,0.19335479121204432,0.013811621824206281,0.013811621824206281,0.23910444607496162,0.013811621824206281,0.013811621824206281,0.013811621824206281,0.22244225552084176
1529,museum_culture,low,5.384695580436658,transit,9.126315789963753,0.7234701949202819,0.2816460010779421,0.5333924156378974,False,Sagrada Familia,41.40897997735624,2.1739364082985486,,0.20726854123134925,0.016380502544579366,0.2622416565890791,0.016380502544579366,0.016380502544579366,0.016380502544579366,0.016380502544579366,0.016380502544579366,0.016380502544579366,0.016380502544579366,0.016380502544579366,0.19848718542875762,0.18457809384959975
1530,architecture_fans,medium,8.368360526801236,transit,9.005385550102929,0.11762594751749893,0.4208208037839656,0.2229145357163674,True,Montjuic,41.378199564167815,2.1565272632756725,,0.1618900381193164,0.24477108191717648,0.24648705015550382,0.014687040213839448,0.014687040213839448,0.014687040213839448,0.014687040213839448,0.21466846788344826,0.014687040213839448,0.014687040213839448,0.014687040213839448,0.014687040213839448,0.014687040213839448
1531,beach_nightlife,low,7.135452443605268,bike,5.994124798265462,0.52129496976388,0.6994392711339473,0.9182361671966338,False,El Raval,41.385931167462175,2.1715134519364754,,0.014147662901513043,0.014147662901513043,0.014147662901513043,0.014147662901513043,0.014147662901513043,0.24931251735780674,0.23119825466678456,0.014147662901513043,0.16679188499225547,0.22536837686953587,0.014147662901513043,0.014147662901513043,0.014147662901513043
1532,beach_nightlife,low,4.623947254967218,bike,7.481305691857598,0.09522253251768042,0.38196158548310616,0.8974270336527119,False,Sagrada Familia,41.40404521471966,2.17250913195186,,0.014463338584262023,0.014463338584262023,0.014463338584262023,0.014463338584262023,0.014463338584262023,0.1944175866070117,0.17534597453526451,0.014463338584262023,0.24326727789641758,0.256799113702948,0.014463338584262023,0.014463338584262023,0.014463338584262023
1533,architecture_fans,medium,13.346681405866216,transit,11.594698862086855,0.08694426430571148,0.36158880444917574,0.4073017371190954,False,Vila de Gracia,41.40569858718403,2.145256831435793,,0.1920612880649011,0.19932990845098758,0.22391851927606515,0.014641091596760575,0.014641091596760575,0.014641091596760575,0.014641091596760575,0.252920459837201,0.014641091596760575,0.014641091596760575,0.014641091596760575,0.014641091596760575,0.014641091596760575
1534,history_religion,medium,26.672913604084627,transit,11.214034878532102,0.4602709715128124,0.2559750853471203,0.29343870167175157,False,La Barceloneta,41.38289200820475,2.195160420982469,,0.1643746446381864,0.24444192868715722,0.25847541551302755,0.01506953093969902,0.01506953093969902,0.01506953093969902,0.01506953093969902,0.01506953093969902,0.01506953093969902,0.01506953093969902,0.01506953093969902,0.01506953093969902,0.19708223270433767
1535,family_green,low,9.239831032343481,transit,7.2033121768820845,0.5748929346564242,0.6264262025353872,0.9107143923257703,True,Sagrada Familia,41.39760599164118,2.1732153653885122,,0.014884688806553832,0.014884688806553832,0.014884688806553832,0.2602867711851873,0.014884688806553832,0.014884688806553832,0.25161384324058,0.014884688806553832,0.014884688806553832,0.014884688806553832,0.1504679593460839,0.20366922696916434,0.014884688806553832
1536,architecture_fans,medium,20.228659421815003,bike,4.190941836005573,0.46248462398833434,0.16639223549521306,0.1930431466482787,False,Vila de Gracia,41.39660718189594,2.1578328709926295,,0.2476284064477079,0.19922154326233713,0.22468771831789483,0.01649179734527988,0.01649179734527988,0.01649179734527988,0.01649179734527988,0.18003615586454125,0.01649179734527988,0.01649179734527988,0.01649179734527988,0.01649179734527988,0.01649179734527988
1537,beach_nightlife,high,55.0,transit,5.954308469761654,0.534647043207851,0.4940491544192675,0.8431363945533478,False,Sagrada Familia,41.40968429203715,2.1713877331135705,,0.015711390884128963,0.015711390884128963,0.015711390884128963,0.015711390884128963,0.015711390884128963,0.2809483968427895,0.17997701503888913,0.015711390884128963,0.22696252404409162,0.1707095461170691,0.015711390884128963,0.015711390884128963,0.015711390884128963
1538,history_religion,low,5.602545110052205,mixed,4.541732061851242,0.4320331884562366,0.6365946663458942,0.7536055780405602,False,La Barceloneta,41.37016240643441,2.1903125836313713,,0.169997375688905,0.2564298676225838,0.18158989277418708,0.0165932002388382,0.0165932002388382,0.0165932002388382,0.0165932002388382,0.0165932002388382,0.0165932002388382,0.0165932002388382,0.0165932002388382,0.0165932002388382,0.2426440617647802
1539,beach_nightlife,low,6.930686386609371,transit,7.805616059324856,0.3101804356368375,0.08379481891702528,0.8359801422864802,False,Dreta Eixample,41.3864688791881,2.165590924457333,,0.014505278744263298,0.014505278744263298,0.014505278744263298,0.014505278744263298,0.014505278744263298,0.20487468911825102,0.25992052835844304,0.014505278744263298,0.2536480772474059,0.1510091965775304,0.014505278744263298,0.014505278744263298,0.014505278744263298
1540,museum_culture,medium,12.905606826856632,transit,7.229702911548003,0.4765606695868272,0.48254018033820933,0.39806211833226485,False,Sagrada Familia,41.404745485790436,2.174896823338659,,0.18717824460704013,0.015060410131974063,0.2221079427707616,0.015060410131974063,0.015060410131974063,0.015060410131974063,0.015060410131974063,0.015060410131974063,0.015060410131974063,0.015060410131974063,0.015060410131974063,0.24706656587538292,0.20810355555904883
1541,history_religion,low,8.03341399389192,walk,1.917383771142718,0.23656552820071022,0.10504487235171191,0.40465638770472234,True,Dreta Eixample,41.386722926151414,2.1647363203844017,,0.2652132347864062,0.2131466354472257,0.15743039703599992,0.015243759381162845,0.015243759381162845,0.015243759381162845,0.015243759381162845,0.015243759381162845,0.015243759381162845,0.015243759381162845,0.015243759381162845,0.015243759381162845,0.2270158982999026
1542,beach_nightlife,medium,8.968250057328714,transit,5.4577970743780755,0.31805536544799645,0.46871928251889755,0.6123122751691288,False,Gotic,41.38751993338329,2.1773560853722795,,0.01656991159513412,0.01656991159513412,0.01656991159513412,0.01656991159513412,0.01656991159513412,0.26814744057820034,0.17464247406335887,0.01656991159513412,0.2381950813968863,0.16988579960534736,0.01656991159513412,0.01656991159513412,0.01656991159513412
1543,food_local_markets,low,6.209202362720754,walk,1.7101715490410538,0.8073547952299187,0.6216132963292085,0.8479975172360106,False,Vila de Gracia,41.40559386021391,2.1539258129342165,,0.01408255330723819,0.01408255330723819,0.01408255330723819,0.01408255330723819,0.23648044540658944,0.23461969373551203,0.01408255330723819,0.01408255330723819,0.18098697873769712,0.01408255330723819,0.01408255330723819,0.01408255330723819,0.2211699023550577
1544,family_green,medium,20.334178022079207,walk,2.7300713084491264,0.5906190593097301,0.6603344570193135,0.574358571875002,True,El Raval,41.380798509721174,2.1717462074829768,,0.014989669792863898,0.014989669792863898,0.014989669792863898,0.25094971871601046,0.014989669792863898,0.014989669792863898,0.22836595235807627,0.014989669792863898,0.014989669792863898,0.014989669792863898,0.19126869672725297,0.19450860406288523,0.014989669792863898
1545,family_green,high,45.375704894140334,transit,8.36641181587285,0.8465506770831644,0.5828755435605066,0.8807619493698159,True,El Raval,41.37630677109351,2.170619578481545,,0.015044259303890677,0.015044259303890677,0.015044259303890677,0.1795774845931702,0.015044259303890677,0.015044259303890677,0.1830164429206847,0.015044259303890677,0.015044259303890677,0.015044259303890677,0.23585939893898533,0.2661483398121437,0.015044259303890677
1546,family_green,high,30.51561447481173,mixed,7.551934667276098,0.7967405587533688,0.6899912262082823,0.8454933943428329,True,Dreta Eixample,41.38988362602403,2.1525352996800575,,0.012956141875523141,0.012956141875523141,0.012956141875523141,0.21394032324403886,0.012956141875523141,0.012956141875523141,0.23087334988630212,0.012956141875523141,0.012956141875523141,0.012956141875523141,0.2116207064684686,0.22696034352148217,0.012956141875523141
1547,food_local_markets,medium,21.134699754395232,transit,5.052110988857601,0.6152526076546098,0.7796960193060681,0.596475620321779,False,Les Corts,41.38372601106669,2.131674251235951,,0.01571808581800493,0.01571808581800493,0.01571808581800493,0.01571808581800493,0.20343219793833914,0.24066213617948318,0.01571808581800493,0.01571808581800493,0.2138361945776199,0.01571808581800493,0.01571808581800493,0.01571808581800493,0.20060669894251343
1548,food_local_markets,medium,15.704689137010853,transit,5.617640913595841,0.695436196896075,0.18605174440923114,0.36268605710553253,False,El Raval,41.38245776534669,2.1703817283482834,,0.014425364115195858,0.014425364115195858,0.014425364115195858,0.014425364115195858,0.1960012244943696,0.17429483528223438,0.014425364115195858,0.014425364115195858,0.25834988744530596,0.014425364115195858,0.014425364115195858,0.014425364115195858,0.2415257757413274
1549,beach_nightlife,medium,23.37390738751201,transit,5.794608042853747,0.23541782480095355,0.5073342148043093,0.7303029324276457,False,Les Corts,41.38302842673877,2.1280647271490714,,0.017183795564499095,0.017183795564499095,0.017183795564499095,0.017183795564499095,0.017183795564499095,0.23819374886558534,0.17342855314597577,0.017183795564499095,0.18896713889815125,0.24475639900979582,0.017183795564499095,0.017183795564499095,0.017183795564499095
1550,museum_culture,medium,11.515377429567202,transit,7.384435136083028,0.7451394528249854,0.4331781765978143,0.2114481952528441,False,Sagrada Familia,41.40422131820605,2.1703115805676703,,0.1545758742640643,0.014469939081997969,0.22142647373599028,0.014469939081997969,0.014469939081997969,0.014469939081997969,0.014469939081997969,0.014469939081997969,0.014469939081997969,0.014469939081997969,0.014469939081997969,0.241846217365777,0.25192198289618667
1551,food_local_markets,medium,7.72244154686069,transit,7.892675641656413,0.32055429251344875,0.5555658500713024,0.548804833055714,False,La Barceloneta,41.377775333671416,2.195272530789356,,0.014382966287809539,0.014382966287809539,0.014382966287809539,0.014382966287809539,0.15497605820764956,0.23134341331834013,0.014382966287809539,0.014382966287809539,0.2544850925266062,0.014382966287809539,0.014382966287809539,0.014382966287809539,0.22974873935711823
1552,beach_nightlife,high,33.132943372836266,transit,6.726637224299271,0.626834252643316,0.19924179828515642,0.6090510876941474,False,Vila de Gracia,41.39204703803275,2.1631281151346715,,0.01597733039953163,0.01597733039953163,0.01597733039953163,0.01597733039953163,0.01597733039953163,0.27147818553589764,0.2385795366661854,0.01597733039953163,0.17214609904612654,0.1740002051560057,0.01597733039953163,0.01597733039953163,0.01597733039953163
1553,food_local_markets,medium,25.081597658565105,walk,2.84009317228278,0.3245902252190515,0.48984702977374933,0.4596026625479173,False,El Raval,41.382853144523914,2.1671176128106,,0.016161071165821817,0.016161071165821817,0.016161071165821817,0.016161071165821817,0.2403836605691054,0.16247964778366497,0.016161071165821817,0.016161071165821817,0.19533625659500695,0.016161071165821817,0.016161071165821817,0.016161071165821817,0.25635079455982634
1554,museum_culture,low,7.631604496884531,mixed,4.025305663029709,0.9010194327421684,0.5777871932002249,0.359173178897239,False,Gotic,41.38318626230544,2.1807301876381477,,0.18065235838797264,0.015922471171057825,0.18853935412717127,0.015922471171057825,0.015922471171057825,0.015922471171057825,0.015922471171057825,0.015922471171057825,0.015922471171057825,0.015922471171057825,0.015922471171057825,0.2189471646986841,0.26855888224665153
1555,museum_culture,medium,16.65680867699485,walk,2.227563100872384,0.6301005218097053,0.7248379611547032,0.18983279968556435,False,Dreta Eixample,41.38668324994053,2.1581347664081028,,0.17484761537287308,0.015642674693228824,0.266320156548521,0.015642674693228824,0.015642674693228824,0.015642674693228824,0.015642674693228824,0.015642674693228824,0.015642674693228824,0.015642674693228824,0.015642674693228824,0.1835698309401961,0.2344783248993505
1556,food_local_markets,medium,9.197162035006517,walk,2.313336269093422,0.5437259404828199,0.7998487924993685,0.33093919840733355,False,Les Corts,41.38220508414745,2.1287705143099065,,0.01689508621461636,0.01689508621461636,0.01689508621461636,0.01689508621461636,0.1998842242294189,0.16965723009112668,0.01689508621461636,0.01689508621461636,0.2994813030080714,0.01689508621461636,0.01689508621461636,0.01689508621461636,0.1789214667398357
1557,beach_nightlife,low,8.03536703538929,mixed,7.83143855451177,0.26477426635380663,0.5891137900792829,0.7794830899390292,False,Dreta Eixample,41.397646522010746,2.1713245232519487,,0.016793547525063405,0.016793547525063405,0.016793547525063405,0.016793547525063405,0.016793547525063405,0.2358647747460764,0.22587159274405813,0.016793547525063405,0.20422645246492066,0.1828952523193741,0.016793547525063405,0.016793547525063405,0.016793547525063405
1558,architecture_fans,high,38.288857600592195,transit,9.354398755399227,0.555744913150867,0.22784822723304982,0.5267883180158963,False,Gotic,41.379243287782764,2.1746486038161086,,0.1959499475316092,0.17180354181829438,0.1801850927600418,0.016850921788694725,0.016850921788694725,0.016850921788694725,0.016850921788694725,0.3004031217918022,0.016850921788694725,0.016850921788694725,0.016850921788694725,0.016850921788694725,0.016850921788694725
1559,architecture_fans,high,35.771028437048805,walk,1.534192555079729,0.14827354903425696,0.30703135576737806,0.1595582606608837,False,Dreta Eixample,41.39438863430153,2.169589229016943,,0.2114465453060084,0.2208965503843772,0.18933253411564602,0.014774880934708167,0.014774880934708167,0.014774880934708167,0.014774880934708167,0.24535044178159482,0.014774880934708167,0.014774880934708167,0.014774880934708167,0.014774880934708167,0.014774880934708167
1560,history_religion,medium,16.82542596712574,walk,2.603844423724597,0.41376733763448015,0.2614419090581994,0.7786116969036696,False,Gotic,41.384093761292235,2.1752108627743243,,0.1884156863524437,0.2527127598632502,0.2416415751645984,0.014227603876937372,0.014227603876937372,0.014227603876937372,0.014227603876937372,0.014227603876937372,0.014227603876937372,0.014227603876937372,0.014227603876937372,0.014227603876937372,0.18918154372727136
1561,architecture_fans,medium,13.863465668476925,mixed,5.009185397333847,0.30483073601117133,0.3568740545102686,0.3924637373108932,False,Sagrada Familia,41.405042448534886,2.1795970479469675,,0.2311741453280059,0.203752344489983,0.2577394660574153,0.01607556082143826,0.01607556082143826,0.01607556082143826,0.01607556082143826,0.16265399673165148,0.01607556082143826,0.01607556082143826,0.01607556082143826,0.01607556082143826,0.01607556082143826
1562,beach_nightlife,medium,18.314707974225044,mixed,8.288631386588422,0.6048082911323315,0.16917931372655143,0.9639344996241271,False,Gotic,41.383984560376206,2.172665303745263,,0.016906521597752123,0.016906521597752123,0.016906521597752123,0.016906521597752123,0.016906521597752123,0.18119297539283816,0.22391254581622053,0.016906521597752123,0.24295631056467187,0.1997794738465003,0.016906521597752123,0.016906521597752123,0.016906521597752123
1563,architecture_fans,medium,20.55969435690347,mixed,6.965141514675038,0.28141106519589565,0.5902851737549979,0.12048424625466747,False,La Barceloneta,41.38666268725536,2.184474432805544,,0.22595092387667923,0.2109399986613639,0.2239804137551604,0.014101433420496922,0.014101433420496922,0.014101433420496922,0.014101433420496922,0.21221576292232422,0.014101433420496922,0.014101433420496922,0.014101433420496922,0.014101433420496922,0.014101433420496922
1564,family_green,medium,17.582610744064706,transit,9.259951359702919,0.8483144544109411,0.6754850085899804,0.619462301475589,True,Gotic,41.38107381898561,2.168355425273732,,0.015514039348733525,0.015514039348733525,0.015514039348733525,0.18455356783816976,0.015514039348733525,0.015514039348733525,0.24128929326332932,0.015514039348733525,0.015514039348733525,0.015514039348733525,0.2735095107192882,0.16102127404061095,0.015514039348733525
1565,beach_nightlife,low,6.573941468716766,taxi,8.361811410776776,0.09246428467523665,0.29454977642833857,0.6647571098290433,False,Vila de Gracia,41.40929220894213,2.149103988857391,,0.017643723062857282,0.017643723062857282,0.017643723062857282,0.017643723062857282,0.017643723062857282,0.18575024084674016,0.2226686765671864,0.017643723062857282,0.23375188853070758,0.1990356864896503,0.017643723062857282,0.017643723062857282,0.017643723062857282
1566,family_green,medium,21.905987995443866,transit,9.057036601295575,0.5853111264879397,0.3947770953980314,0.906274421377053,True,Sarria,41.398782603798544,2.1181337927192003,,0.01706800622972619,0.01706800622972619,0.01706800622972619,0.21839204043398622,0.01706800622972619,0.01706800622972619,0.18517864422085645,0.01706800622972619,0.01706800622972619,0.01706800622972619,0.18811178686173585,0.25470547241588576,0.01706800622972619
1567,architecture_fans,medium,20.886808327386433,transit,11.171554428096877,0.4919006041344813,0.5737344245319502,0.7196866177448332,False,Sagrada Familia,41.40164896425145,2.1790269668801474,,0.2639511313774575,0.15822146700600298,0.1788128555852699,0.014882806117299523,0.014882806117299523,0.014882806117299523,0.014882806117299523,0.2650692909755739,0.014882806117299523,0.014882806117299523,0.014882806117299523,0.014882806117299523,0.014882806117299523
1568,family_green,low,6.530492727583458,taxi,13.494087879975359,0.6246945266357262,0.796347866156412,0.6650369111797163,True,Poblenou,41.40717643669745,2.2025516311015743,,0.015374235943674739,0.015374235943674739,0.015374235943674739,0.19383247487460198,0.015374235943674739,0.015374235943674739,0.2199172000704119,0.015374235943674739,0.015374235943674739,0.015374235943674739,0.27064239373495835,0.17723980782695511,0.015374235943674739
1569,architecture_fans,medium,19.441183428991817,walk,2.81670792840379,0.5786910783878315,0.24172748230159496,0.20536931038752618,False,Sagrada Familia,41.40260523695669,2.177341165377004,,0.2614667265267374,0.20682324240944178,0.18267916059931577,0.015753304493011468,0.015753304493011468,0.015753304493011468,0.015753304493011468,0.20725113002740178,0.015753304493011468,0.015753304493011468,0.015753304493011468,0.015753304493011468,0.015753304493011468
1570,architecture_fans,low,11.32744771692203,mixed,8.711511902187603,0.4098490077692078,0.35579089465139063,0.2853301481242076,False,Sarria,41.393219085530696,2.120318051662599,,0.1955360992343809,0.2068362281532272,0.24152861138013312,0.014944965063887313,0.014944965063887313,0.014944965063887313,0.014944965063887313,0.22159437565727302,0.014944965063887313,0.014944965063887313,0.014944965063887313,0.014944965063887313,0.014944965063887313
1571,food_local_markets,low,5.483945106645805,mixed,4.651276099226046,0.3963365757684896,0.5202899681471825,0.5538133396582122,False,Gotic,41.383686120556625,2.182566362366037,,0.01565878434648491,0.01565878434648491,0.01565878434648491,0.01565878434648491,0.26239705464772217,0.17618781466901418,0.01565878434648491,0.01565878434648491,0.21509051256563932,0.01565878434648491,0.01565878434648491,0.01565878434648491,0.20539555899926012
1572,museum_culture,high,41.00267708086395,walk,3.284666346581358,0.7038464114730578,0.4905577108179465,0.5003480478646846,False,Dreta Eixample,41.392970805435546,2.169242599610389,,0.19501839980469918,0.0176058628288424,0.17706821676724727,0.0176058628288424,0.0176058628288424,0.0176058628288424,0.0176058628288424,0.0176058628288424,0.0176058628288424,0.0176058628288424,0.0176058628288424,0.27571665042304755,0.1937439675454245
1573,family_green,low,5.870977009272345,walk,1.6650599886309252,0.7876627681594622,0.8440668536967197,0.8491611036454576,False,Dreta Eixample,41.391097179208515,2.1604409989544604,,0.014130244285070028,0.014130244285070028,0.014130244285070028,0.1834477774328569,0.014130244285070028,0.014130244285070028,0.24169839071773383,0.014130244285070028,0.014130244285070028,0.014130244285070028,0.20259595916300957,0.24508567412076945,0.014130244285070028
1574,history_religion,low,9.313772212435538,walk,1.5989000588224103,0.5461250367833675,0.8056422433818387,0.26901898476357516,False,Dreta Eixample,41.39105125334215,2.160776396508043,,0.24153616767422065,0.24329293040912492,0.1934542537292973,0.014094204317668595,0.014094204317668595,0.014094204317668595,0.014094204317668595,0.014094204317668595,0.014094204317668595,0.014094204317668595,0.014094204317668595,0.014094204317668595,0.19486880932833978
1575,food_local_markets,low,7.099543869993524,transit,7.248163213514563,0.8547062461025419,0.732070285162397,0.47067524705791747,False,La Barceloneta,41.3836781342641,2.1950350731672663,,0.01344047674697827,0.01344047674697827,0.01344047674697827,0.01344047674697827,0.21129133647075188,0.22938506849228266,0.01344047674697827,0.01344047674697827,0.22770567352261975,0.01344047674697827,0.01344047674697827,0.01344047674697827,0.21065363079154129
1576,architecture_fans,medium,12.588177075378114,mixed,6.199986353710239,0.6227824489054138,0.6102420796449689,0.13408930237953742,False,El Raval,41.38697568678363,2.1763099453953285,,0.2345958325665601,0.2017762693317092,0.23221132092144414,0.013351177821951058,0.013351177821951058,0.013351177821951058,0.013351177821951058,0.2112559767827271,0.013351177821951058,0.013351177821951058,0.013351177821951058,0.013351177821951058,0.013351177821951058
1577,beach_nightlife,medium,4.392120318260406,walk,2.9470346888156618,0.3367243708505126,0.4294834003346475,0.9485935364839883,False,El Raval,41.374054819639476,2.1635780353072778,,0.014725243687345287,0.014725243687345287,0.014725243687345287,0.014725243687345287,0.014725243687345287,0.22125457865354767,0.18390434674316186,0.014725243687345287,0.2621162776304004,0.20019760378678247,0.014725243687345287,0.014725243687345287,0.014725243687345287
1578,beach_nightlife,medium,10.146687012121792,bike,3.776399061953912,0.1917686982288886,0.414308071256877,0.6885424161369991,False,Gotic,41.38056534979259,2.1710471154917514,,0.015702198393319204,0.015702198393319204,0.015702198393319204,0.015702198393319204,0.015702198393319204,0.1613786462126046,0.20982636349941633,0.015702198393319204,0.2182233099012387,0.2692518948468676,0.015702198393319204,0.015702198393319204,0.015702198393319204
1579,history_religion,medium,11.704957642485434,transit,7.84854077528916,0.2793171479718653,0.47030002860126496,0.23650158139049657,False,Sagrada Familia,41.402974754610106,2.1714230055338697,,0.25289220185851247,0.2107552279163668,0.20477878982694767,0.016606345310368382,0.016606345310368382,0.016606345310368382,0.016606345310368382,0.016606345310368382,0.016606345310368382,0.016606345310368382,0.016606345310368382,0.016606345310368382,0.18211667260485762
1580,architecture_fans,low,4.716179839640457,transit,7.248659834440655,0.3512821281960483,0.40661713412934464,0.1276408160351574,False,La Barceloneta,41.38352191578074,2.1871620788318933,,0.17433376518173235,0.18767324951589973,0.20348859168848454,0.016387758445601613,0.016387758445601613,0.016387758445601613,0.016387758445601613,0.2870145676034689,0.016387758445601613,0.016387758445601613,0.016387758445601613,0.016387758445601613,0.016387758445601613
1581,history_religion,medium,23.838850568661492,walk,2.206221469894714,0.5327597588554884,0.23933222203558374,0.46447829533617,False,Montjuic,41.37217567924355,2.1571925586098915,,0.23579840481555064,0.2237698513541775,0.19634647176046863,0.015776116752828095,0.015776116752828095,0.015776116752828095,0.015776116752828095,0.015776116752828095,0.015776116752828095,0.015776116752828095,0.015776116752828095,0.015776116752828095,0.2021002212943503
1582,food_local_markets,medium,11.366707371938624,transit,9.171054555561316,0.9182399962221455,0.7622998190151264,0.35908098019429147,False,Vila de Gracia,41.40220639833747,2.1550883492512356,,0.0172672847351816,0.0172672847351816,0.0172672847351816,0.0172672847351816,0.20637629815997566,0.19709791195792756,0.0172672847351816,0.0172672847351816,0.1802148776211522,0.0172672847351816,0.0172672847351816,0.0172672847351816,0.2609053496443101
1583,food_local_markets,low,8.288036979773748,transit,8.983495665186918,0.5391064959920224,0.6442374757533429,0.46941668343666126,False,El Raval,41.379885720778084,2.1670215615257877,,0.0149468176448641,0.0149468176448641,0.0149468176448641,0.0149468176448641,0.24920230775709812,0.24883221260115715,0.0149468176448641,0.0149468176448641,0.1551615252823763,0.0149468176448641,0.0149468176448641,0.0149468176448641,0.21228259555559145
1584,architecture_fans,low,8.182339141258073,transit,10.979214192757139,0.20295277762774608,0.49312439987790396,0.2735508488942025,False,La Barceloneta,41.371507779334486,2.1900653667676706,,0.19448975130746432,0.20580701695044504,0.23627473768363105,0.014080103673971167,0.014080103673971167,0.014080103673971167,0.014080103673971167,0.23670756099271903,0.014080103673971167,0.014080103673971167,0.014080103673971167,0.014080103673971167,0.014080103673971167
1585,architecture_fans,medium,16.091079932037584,mixed,7.689343170882902,0.3198585013090621,0.6338990139601255,0.2520310189075245,False,Sagrada Familia,41.39930709443451,2.1743203344076614,,0.1927321379086991,0.2636452725741541,0.17593192388017828,0.016773956117643807,0.016773956117643807,0.016773956117643807,0.016773956117643807,0.21672506057817423,0.016773956117643807,0.016773956117643807,0.016773956117643807,0.016773956117643807,0.016773956117643807
1586,family_green,low,6.904551094483887,transit,4.561593646854363,0.7627466368722285,0.6692199803341436,0.7470690683726652,True,Vila de Gracia,41.39982464193782,2.1604887978772607,,0.015671051941954266,0.015671051941954266,0.015671051941954266,0.21645886770784045,0.015671051941954266,0.015671051941954266,0.257377203219093,0.015671051941954266,0.015671051941954266,0.015671051941954266,0.20159468024252838,0.18352978135294976,0.015671051941954266
1587,beach_nightlife,medium,15.460159709454574,bike,7.246003329410398,0.32306632229017607,0.2668738760768407,0.896644925549607,False,Gotic,41.383755098935154,2.175058804182235,,0.01702644150095174,0.01702644150095174,0.01702644150095174,0.01702644150095174,0.01702644150095174,0.2266920410347958,0.24482266725855503,0.01702644150095174,0.18037424113841904,0.1948730770596644,0.01702644150095174,0.01702644150095174,0.01702644150095174
1588,food_local_markets,medium,21.624028670286407,transit,7.981902652691935,0.6723935059998966,0.7415981513933613,0.6599210071451365,False,Dreta Eixample,41.389363919137736,2.1727629956849994,,0.014475912246545484,0.014475912246545484,0.014475912246545484,0.014475912246545484,0.2521453574682326,0.21244691209266028,0.014475912246545484,0.014475912246545484,0.25686260621549223,0.014475912246545484,0.014475912246545484,0.014475912246545484,0.1482619140047056
1589,food_local_markets,medium,23.73082699713063,transit,11.163911793303493,0.8078322072650187,0.5643674086908074,0.8504759990287362,False,Vila de Gracia,41.395437603794825,2.156776401775058,,0.015585980097644048,0.015585980097644048,0.015585980097644048,0.015585980097644048,0.1931967292390435,0.16485686178713116,0.015585980097644048,0.015585980097644048,0.2608700188039934,0.015585980097644048,0.015585980097644048,0.015585980097644048,0.24080256929103552
1590,museum_culture,medium,17.48632777487271,transit,11.487110134186162,0.8027422479731141,0.24427224764707617,0.3415119731288364,False,Sagrada Familia,41.40583434600708,2.175424105447781,,0.2457529237061092,0.013690744185464428,0.2365137041518944,0.013690744185464428,0.013690744185464428,0.013690744185464428,0.013690744185464428,0.013690744185464428,0.013690744185464428,0.013690744185464428,0.013690744185464428,0.18399626177043346,0.2105204127023831
1591,family_green,low,6.928409039467471,walk,1.6506654020132863,0.7471955129662811,0.8333452878067434,0.6893357409891147,True,Vila de Gracia,41.409799722685875,2.1508466840353178,,0.015702414665510863,0.015702414665510863,0.015702414665510863,0.2571033237037872,0.015702414665510863,0.015702414665510863,0.24777010311331982,0.015702414665510863,0.015702414665510863,0.015702414665510863,0.1871491198305128,0.1666557213627824,0.015702414665510863
1592,beach_nightlife,low,6.151710028829705,walk,2.065624191239459,0.39189191910097704,0.26441914250959375,0.6123562633280506,False,El Raval,41.38671890711744,2.1701235162301526,,0.016268979575462476,0.016268979575462476,0.016268979575462476,0.016268979575462476,0.016268979575462476,0.2600399932416928,0.18447307860929718,0.016268979575462476,0.1885882091246427,0.22047790284520508,0.016268979575462476,0.016268979575462476,0.016268979575462476
1593,history_religion,medium,16.901144418175505,mixed,6.853737069099658,0.6335696104243583,0.23893057224226838,0.6251935705936359,False,Montjuic,41.37267080831734,2.1522012508448793,,0.16851098666747105,0.2383615520550232,0.24610184287529469,0.01643835540275853,0.01643835540275853,0.01643835540275853,0.01643835540275853,0.01643835540275853,0.01643835540275853,0.01643835540275853,0.01643835540275853,0.01643835540275853,0.19908041977738433
1594,food_local_markets,low,10.88685529424782,walk,2.158950749280753,0.4558025436577538,0.4029214395458115,0.3943160031992078,False,Sagrada Familia,41.40070792707409,2.1766197433242733,,0.016224417475845253,0.016224417475845253,0.016224417475845253,0.016224417475845253,0.20806795837845501,0.24280473102055716,0.016224417475845253,0.016224417475845253,0.23914284854274104,0.016224417475845253,0.016224417475845253,0.016224417475845253,0.16396470477563946
1595,family_green,low,8.398861331102955,walk,1.5812729700961436,0.5503867360333046,0.859545120821907,0.9002143527773276,True,Vila de Gracia,41.40733203962059,2.1595674888762075,,0.015824293732334647,0.015824293732334647,0.015824293732334647,0.22295961143634246,0.015824293732334647,0.015824293732334647,0.2010238653054031,0.015824293732334647,0.015824293732334647,0.015824293732334647,0.1609760880431838,0.2726217916240588,0.015824293732334647
1596,food_local_markets,medium,13.232206947533845,bike,4.418827879216712,0.38578886525280476,0.664530935217616,0.4652602443326167,False,Poblenou,41.40011046257977,2.200144042488848,,0.014655027286607902,0.014655027286607902,0.014655027286607902,0.014655027286607902,0.23768497912492964,0.21242495296731095,0.014655027286607902,0.014655027286607902,0.20445487504333204,0.014655027286607902,0.014655027286607902,0.014655027286607902,0.2135399472849562
1597,architecture_fans,medium,13.222688118686637,taxi,12.868499095187955,0.10363313001565734,0.44357674976771644,0.39982269099944256,False,El Raval,41.383467073014224,2.1624669202530398,,0.20747868895781468,0.1786739124573403,0.21191066776368314,0.017239190536799367,0.017239190536799367,0.017239190536799367,0.017239190536799367,0.2467840159899675,0.017239190536799367,0.017239190536799367,0.017239190536799367,0.017239190536799367,0.017239190536799367
1598,architecture_fans,high,38.09671821941286,bike,5.635114309393529,0.5417364791389846,0.37358384617672097,0.4990021274247584,False,La Barceloneta,41.383585239149426,2.1861805835571704,,0.18584911059388395,0.20899922514236002,0.22470937433999177,0.01615579105301261,0.01615579105301261,0.01615579105301261,0.01615579105301261,0.2350401704466507,0.01615579105301261,0.01615579105301261,0.01615579105301261,0.01615579105301261,0.01615579105301261
1599,history_religion,high,20.399952483987438,transit,9.923284059174618,0.578589653179274,0.5622070716688697,0.4310524623539625,False,Dreta Eixample,41.38808332871432,2.168642129549724,,0.1997891216980105,0.2268650218319787,0.25369587996794063,0.015540601170846558,0.015540601170846558,0.015540601170846558,0.015540601170846558,0.015540601170846558,0.015540601170846558,0.015540601170846558,0.015540601170846558,0.015540601170846558,0.17978456596445108
1600,architecture_fans,medium,20.997357350185126,transit,6.887113321534233,0.20565787453848194,0.4372330811532226,0.3561771850906666,False,Gotic,41.38217028008442,2.177663489528903,,0.27998302466571495,0.23010766128981344,0.16525709530758756,0.015563724739310362,0.015563724739310362,0.015563724739310362,0.015563724739310362,0.18457869608309074,0.015563724739310362,0.015563724739310362,0.015563724739310362,0.015563724739310362,0.015563724739310362
1601,museum_culture,high,39.81934444284008,transit,9.769041888871376,0.48938204750558617,0.7301397482498683,0.45747136050353854,False,Dreta Eixample,41.389924057978206,2.1642739196037972,,0.2019462171942085,0.01702084834750145,0.2449988015920353,0.01702084834750145,0.01702084834750145,0.01702084834750145,0.01702084834750145,0.01702084834750145,0.01702084834750145,0.01702084834750145,0.01702084834750145,0.22652391262260485,0.17334343346363829
1602,beach_nightlife,low,9.872655577030484,transit,6.351920824134027,0.36486441983898077,0.2934482467323932,0.7077685956643791,True,Dreta Eixample,41.39065865372001,2.1654896451085555,,0.014009706077032094,0.014009706077032094,0.014009706077032094,0.014009706077032094,0.014009706077032094,0.20970936432676343,0.20243290500165959,0.014009706077032094,0.23207323508235983,0.2296971408959283,0.014009706077032094,0.014009706077032094,0.014009706077032094
1603,history_religion,medium,17.74962679388617,transit,6.255767545056216,0.37909814891861066,0.5890155118772027,0.2637525342459249,False,Poblenou,41.3983536767506,2.20365548212085,,0.1994415969539927,0.2172322783843839,0.2370440851956072,0.014650972034459616,0.014650972034459616,0.014650972034459616,0.014650972034459616,0.014650972034459616,0.014650972034459616,0.014650972034459616,0.014650972034459616,0.014650972034459616,0.21442329115587963
1604,beach_nightlife,medium,11.75233340146498,mixed,6.932632355162541,0.22530575775702558,0.3516260527491642,0.9656705163951004,False,Sarria,41.39528354025453,2.1155945729399934,,0.014486928978629025,0.014486928978629025,0.014486928978629025,0.014486928978629025,0.014486928978629025,0.20229058200401054,0.2134333300925365,0.014486928978629025,0.19422752545907454,0.2596662016367172,0.014486928978629025,0.014486928978629025,0.014486928978629025
1605,museum_culture,high,45.135329121151386,transit,6.89626736326192,0.7429342963448566,0.6602748054613742,0.42844756824372965,False,Poblenou,41.39539305914649,2.205732810936838,,0.16120396685451352,0.015521833712866336,0.2184611742150758,0.015521833712866336,0.015521833712866336,0.015521833712866336,0.015521833712866336,0.015521833712866336,0.015521833712866336,0.015521833712866336,0.015521833712866336,0.2744293060015126,0.20620904951310112
1606,family_green,low,4.99111805545211,bike,4.5871588684637095,0.7931698476919128,0.5950861143584485,0.9579591495744137,True,Les Corts,41.38983301538065,2.130386217057185,,0.01487943310933427,0.01487943310933427,0.01487943310933427,0.2000165047425232,0.01487943310933427,0.01487943310933427,0.20448973896802716,0.01487943310933427,0.01487943310933427,0.01487943310933427,0.198181650534461,0.26339720777098025,0.01487943310933427
1607,history_religion,medium,12.891163827403464,walk,1.864175751651793,0.7184635992203,0.3789125414006604,0.0941337691531679,False,La Barceloneta,41.37974593317484,2.1833837434130428,,0.257312492887907,0.2253979696484465,0.1569246600488937,0.01470816872439782,0.01470816872439782,0.01470816872439782,0.01470816872439782,0.01470816872439782,0.01470816872439782,0.01470816872439782,0.01470816872439782,0.01470816872439782,0.22799135889517247
1608,beach_nightlife,medium,13.641360087106062,walk,1.6458585239836496,0.24030862236418876,0.5132830072455341,0.8717959256553304,False,La Barceloneta,41.374435758511325,2.1832472975674295,,0.016458781464832574,0.016458781464832574,0.016458781464832574,0.016458781464832574,0.016458781464832574,0.1952777721921653,0.26724908660783775,0.016458781464832574,0.18059248163430236,0.20875162638220138,0.016458781464832574,0.016458781464832574,0.016458781464832574
1609,beach_nightlife,medium,12.515933301351014,transit,11.021963106456138,0.07531457291349422,0.5120464739818745,0.7641235331996542,False,La Barceloneta,41.37812131934839,2.1920840653355125,,0.01639506788063006,0.01639506788063006,0.01639506788063006,0.01639506788063006,0.01639506788063006,0.17965973104069297,0.20508946795961452,0.01639506788063006,0.24926696794347983,0.2184282221305421,0.01639506788063006,0.01639506788063006,0.01639506788063006
1610,history_religion,medium,12.91461104882743,transit,6.873663209537342,0.611235301759669,0.5401761451183161,0.4178659286942553,False,La Barceloneta,41.38582914422315,2.192053061191433,,0.24336980325538124,0.23292856503437334,0.23242575981416408,0.014943615867820824,0.014943615867820824,0.014943615867820824,0.014943615867820824,0.014943615867820824,0.014943615867820824,0.014943615867820824,0.014943615867820824,0.014943615867820824,0.15678332908569387
1611,museum_culture,medium,16.545545549285517,mixed,4.227017724784362,0.3237295526605945,0.7944639645971673,0.3272643357691862,False,Montjuic,41.36876290313325,2.156062918405741,,0.1881552169861519,0.015750109995777133,0.23529276817763928,0.015750109995777133,0.015750109995777133,0.015750109995777133,0.015750109995777133,0.015750109995777133,0.015750109995777133,0.015750109995777133,0.015750109995777133,0.2242061633274914,0.21059486154672324
1612,beach_nightlife,medium,12.587088651040942,transit,7.068659072431656,0.3381298182966688,0.3331932766959459,0.7422438488400106,False,Dreta Eixample,41.39331761340973,2.1638216315677057,,0.014358313413577605,0.014358313413577605,0.014358313413577605,0.014358313413577605,0.014358313413577605,0.17375299459415441,0.23069730813995043,0.014358313413577605,0.21053392075703764,0.255790955786659,0.014358313413577605,0.014358313413577605,0.014358313413577605
1613,history_religion,low,5.675577107145973,walk,3.198320411332587,0.34762126082595424,0.5128317696619769,0.31588825862718317,False,La Barceloneta,41.37119560021789,2.1849473260272747,,0.25270222824294664,0.26451736974566425,0.16812774835396024,0.015361024351089912,0.015361024351089912,0.015361024351089912,0.015361024351089912,0.015361024351089912,0.015361024351089912,0.015361024351089912,0.015361024351089912,0.015361024351089912,0.1764034344976197
1614,food_local_markets,low,6.529116795477988,transit,11.131553905493554,0.4926766857943416,0.8503967047649664,0.43705502540599195,False,Montjuic,41.367640566210504,2.150023513218064,,0.016932595750938747,0.016932595750938747,0.016932595750938747,0.016932595750938747,0.27343801317657945,0.1856960618518396,0.016932595750938747,0.016932595750938747,0.17102991165543108,0.016932595750938747,0.016932595750938747,0.016932595750938747,0.2174426515577011
1615,family_green,medium,25.38128464568714,taxi,11.691592055874853,0.857827236051583,0.8564731871953665,0.7634559837851329,False,Sagrada Familia,41.409706469485066,2.170758231807509,,0.013487173001607013,0.013487173001607013,0.013487173001607013,0.23318163786442123,0.013487173001607013,0.013487173001607013,0.23423247179781242,0.013487173001607013,0.013487173001607013,0.013487173001607013,0.23317034211881832,0.17803099120448498,0.013487173001607013
1616,food_local_markets,medium,9.089010938252898,walk,2.8219782326619085,0.4497066129688991,0.235970359788638,0.5583150073002189,True,Dreta Eixample,41.396441139555385,2.1633288022608492,,0.01440300435823384,0.01440300435823384,0.01440300435823384,0.01440300435823384,0.15148961861749707,0.23857401959619373,0.01440300435823384,0.01440300435823384,0.23943999692104367,0.01440300435823384,0.01440300435823384,0.01440300435823384,0.24086932564116098
1617,beach_nightlife,medium,11.685289919650772,walk,2.0827508684245366,0.21458835198218748,0.3000004138617929,0.8940053401664089,False,Sagrada Familia,41.40201622320205,2.1679045114745974,,0.015234344640616007,0.015234344640616007,0.015234344640616007,0.015234344640616007,0.015234344640616007,0.23369944014406385,0.18837221917084057,0.015234344640616007,0.1957428010396282,0.2450764378799233,0.015234344640616007,0.015234344640616007,0.015234344640616007
1618,architecture_fans,high,42.950754214400746,transit,7.452386025160059,0.24719188097008948,0.4142660924998227,0.22044533199873131,False,Gotic,41.39120592364669,2.184421769768643,,0.1510454380176598,0.24077620339418085,0.2444374930592982,0.014410518790173627,0.014410518790173627,0.014410518790173627,0.014410518790173627,0.23404619641729843,0.014410518790173627,0.014410518790173627,0.014410518790173627,0.014410518790173627,0.014410518790173627
1619,food_local_markets,medium,20.923825890196838,bike,6.636000906819729,0.5784750468026915,0.6848524187084354,0.3750199398985622,False,El Raval,41.387183927140335,2.1639164098180483,,0.014052388114770293,0.014052388114770293,0.014052388114770293,0.014052388114770293,0.24839587823668277,0.23806578165348352,0.014052388114770293,0.014052388114770293,0.23314124227861696,0.014052388114770293,0.014052388114770293,0.014052388114770293,0.1539256047982841
1620,family_green,medium,14.058897976069574,transit,5.49304537113128,0.6259645273981274,0.2828305887801883,0.8218789081319376,True,El Raval,41.37382583625696,2.170297661821433,,0.015180761451405686,0.015180761451405686,0.015180761451405686,0.23713144962518687,0.015180761451405686,0.015180761451405686,0.1794200967684099,0.015180761451405686,0.015180761451405686,0.015180761451405686,0.1900595317062006,0.2567620688375515,0.015180761451405686
1621,architecture_fans,low,3.260088305143344,transit,11.062987937467964,0.06412251073111871,0.45717444926190803,0.4683759949694059,False,Gotic,41.38858203555287,2.178402890379673,,0.20888495539885749,0.21493597029265196,0.21346591061981804,0.014662800945577927,0.014662800945577927,0.014662800945577927,0.014662800945577927,0.23074795517847124,0.014662800945577927,0.014662800945577927,0.014662800945577927,0.014662800945577927,0.014662800945577927
1622,architecture_fans,high,39.68605665315078,walk,1.2823575217137133,0.46586947471431994,0.36433750131431447,0.44660440949434527,False,Dreta Eixample,41.39652963108776,2.161949067508699,,0.239607012005636,0.15440571946128545,0.2157034992086703,0.014705239035468217,0.014705239035468217,0.014705239035468217,0.014705239035468217,0.2579366180051943,0.014705239035468217,0.014705239035468217,0.014705239035468217,0.014705239035468217,0.014705239035468217
1623,family_green,medium,19.498659242699492,transit,6.471116369954646,0.7507887830133132,0.30862871862124364,0.6190806529396476,True,Dreta Eixample,41.39423950771591,2.1688393047489227,,0.017480438091248128,0.017480438091248128,0.017480438091248128,0.2582728444198632,0.017480438091248128,0.017480438091248128,0.1959430326252444,0.017480438091248128,0.017480438091248128,0.017480438091248128,0.200443073540366,0.18801710659329327,0.017480438091248128
1624,food_local_markets,medium,25.7597568572551,transit,10.592167316513946,0.7527197341399684,0.6047975359157466,0.4490813018189136,False,Sagrada Familia,41.409768495774436,2.1708468751856618,,0.015070166462871045,0.015070166462871045,0.015070166462871045,0.015070166462871045,0.1525532679124647,0.26317468343324835,0.015070166462871045,0.015070166462871045,0.2299251950888019,0.015070166462871045,0.015070166462871045,0.015070166462871045,0.2187153553996456
1625,beach_nightlife,medium,14.971138361966814,bike,6.782168515771841,0.3702833402213431,0.41857730519663594,0.8938455963634172,False,La Barceloneta,41.38420170938699,2.1885404741565044,,0.015499698944627159,0.015499698944627159,0.015499698944627159,0.015499698944627159,0.015499698944627159,0.20090990025562744,0.16484910709952075,0.015499698944627159,0.26407830447691527,0.23066539766629215,0.015499698944627159,0.015499698944627159,0.015499698944627159
1626,architecture_fans,medium,21.48380888886064,transit,9.76496503473337,0.20365265525169676,0.4629325567502573,0.1837550362804018,False,Vila de Gracia,41.40393880387582,2.159206792962028,,0.17128774100115687,0.2466078345548386,0.18817261191074464,0.014902460398163498,0.014902460398163498,0.014902460398163498,0.014902460398163498,0.2598096689497884,0.014902460398163498,0.014902460398163498,0.014902460398163498,0.014902460398163498,0.014902460398163498
1627,architecture_fans,low,8.576687306804367,transit,5.021055539515556,0.42445968457062583,0.3104747315711409,0.4185034185577717,False,Gotic,41.38888336175924,2.1729981644544774,,0.20647274694787449,0.26830298536012553,0.21246678609786113,0.016169012506930838,0.016169012506930838,0.016169012506930838,0.016169012506930838,0.16723636903176134,0.016169012506930838,0.016169012506930838,0.016169012506930838,0.016169012506930838,0.016169012506930838
1628,family_green,medium,25.82733817376128,transit,4.855828688902673,0.8249831350211788,0.7005346980010568,0.9812291861116587,True,La Barceloneta,41.38284805378919,2.180104064957504,,0.01705328559961591,0.01705328559961591,0.01705328559961591,0.17087916604792222,0.01705328559961591,0.01705328559961591,0.20980422264041018,0.01705328559961591,0.01705328559961591,0.01705328559961591,0.2633573518424627,0.20247968907266176,0.01705328559961591
1629,history_religion,low,9.274255963771418,transit,9.345628475056381,0.4011563880973673,0.3295348447361066,0.3232872458877307,True,Poblenou,41.402027991516604,2.200511377964997,,0.24450631095057462,0.19044027935791435,0.2262427360989145,0.01766006045333168,0.01766006045333168,0.01766006045333168,0.01766006045333168,0.01766006045333168,0.01766006045333168,0.01766006045333168,0.01766006045333168,0.01766006045333168,0.17987012951261147
1630,museum_culture,medium,19.833903350817348,transit,6.884196911891714,0.5800634278365852,0.1745835008700564,0.1726222923111957,False,Vila de Gracia,41.407867960979466,2.156599350057714,,0.25377195290664706,0.015823168793463755,0.15987630135545292,0.015823168793463755,0.015823168793463755,0.015823168793463755,0.015823168793463755,0.015823168793463755,0.015823168793463755,0.015823168793463755,0.015823168793463755,0.26294064087867114,0.1810025857180551
1631,architecture_fans,medium,12.983347086843407,walk,2.941245243115926,0.5263130179196657,0.09538454040931914,0.2440161993131642,False,Gotic,41.381057651020235,2.178670203286651,,0.20768848639122436,0.2326341659503587,0.1691159434702271,0.014654246912376755,0.014654246912376755,0.014654246912376755,0.014654246912376755,0.258673181976799,0.014654246912376755,0.014654246912376755,0.014654246912376755,0.014654246912376755,0.014654246912376755
1632,food_local_markets,high,36.423505513162596,walk,2.6594833207472566,0.6851184267772009,0.5893783522249548,0.6830194379290452,True,Dreta Eixample,41.390778477153155,2.159969046379315,,0.01483311218442737,0.01483311218442737,0.01483311218442737,0.01483311218442737,0.1790679215893608,0.21586382661870318,0.01483311218442737,0.01483311218442737,0.2598006542238421,0.01483311218442737,0.01483311218442737,0.01483311218442737,0.2117695879082476
1633,architecture_fans,medium,13.457226540989636,mixed,3.0426193466462297,0.4410850766145897,0.505002679938307,0.5599694959344219,True,Dreta Eixample,41.390032942971736,2.165254535755517,,0.21754610699698454,0.19855829248839268,0.23465739753455303,0.015594268317316721,0.015594268317316721,0.015594268317316721,0.015594268317316721,0.20888978812421932,0.015594268317316721,0.015594268317316721,0.015594268317316721,0.015594268317316721,0.015594268317316721
1634,history_religion,medium,20.155296893452043,mixed,7.975706931979717,0.5453224410811994,0.4080162785314481,0.5734662387640321,False,Les Corts,41.389185904494525,2.1309697772898804,,0.17038077459224746,0.2765137679447131,0.21505448028939878,0.015547803020199416,0.015547803020199416,0.015547803020199416,0.015547803020199416,0.015547803020199416,0.015547803020199416,0.015547803020199416,0.015547803020199416,0.015547803020199416,0.19812074999184595
1635,history_religion,medium,7.784069804349906,taxi,10.11745342885036,0.4728249412762894,0.38692470801933476,0.3184331265557643,False,El Raval,41.38379591530541,2.172259718651587,,0.22528510025499934,0.17555981393557527,0.23335985367748432,0.016726061212383007,0.016726061212383007,0.016726061212383007,0.016726061212383007,0.016726061212383007,0.016726061212383007,0.016726061212383007,0.016726061212383007,0.016726061212383007,0.21526068122049402
1636,food_local_markets,medium,24.17162609285499,transit,6.470856509603089,0.42928456005263477,0.3356878551060577,0.5778799376368019,False,Poblenou,41.40218299534293,2.205914540064953,,0.014278665758339354,0.014278665758339354,0.014278665758339354,0.014278665758339354,0.23558859851969854,0.23978375407725944,0.014278665758339354,0.014278665758339354,0.2422948018245438,0.014278665758339354,0.014278665758339354,0.014278665758339354,0.1538248537534441
1637,architecture_fans,high,37.274713008593096,transit,11.446136035496577,0.3954663779907352,0.1996743554010144,0.2100644716059766,False,Dreta Eixample,41.38835685509379,2.1627294811940185,,0.23869643905723148,0.22568322364607704,0.17983095523036377,0.013539524568915924,0.013539524568915924,0.013539524568915924,0.013539524568915924,0.23393366094608442,0.013539524568915924,0.013539524568915924,0.013539524568915924,0.013539524568915924,0.013539524568915924
1638,history_religion,medium,18.423656373440263,walk,3.053073508939913,0.4565891062047331,0.41281957869551683,0.43015040560342993,False,Sagrada Familia,41.4035923288397,2.16637419082984,,0.18980314773487014,0.16957825614760122,0.2147180587543056,0.016356815563945925,0.016356815563945925,0.016356815563945925,0.016356815563945925,0.016356815563945925,0.016356815563945925,0.016356815563945925,0.016356815563945925,0.016356815563945925,0.27868919728770974
1639,architecture_fans,high,44.844585515454334,walk,1.9659215270509514,0.12389874668697724,0.2925112714236887,0.27823112989208193,False,Les Corts,41.39403903947454,2.1307024138973127,,0.2044449391104184,0.23457783936185006,0.23935450286626112,0.01431957056524077,0.01431957056524077,0.01431957056524077,0.01431957056524077,0.19274658357430355,0.01431957056524077,0.01431957056524077,0.01431957056524077,0.01431957056524077,0.01431957056524077
1640,family_green,medium,18.68161865591232,walk,1.4316186672599802,0.4173756082250039,0.545833314762936,0.881211419152978,False,Sant Andreu,41.44118837248955,2.1902025671267187,,0.014449968206395188,0.014449968206395188,0.014449968206395188,0.20485297718761813,0.014449968206395188,0.014449968206395188,0.2567912919853972,0.014449968206395188,0.014449968206395188,0.014449968206395188,0.15129946924950766,0.2570065477199204,0.014449968206395188
1641,architecture_fans,high,34.879317206962035,mixed,3.2611088996251487,0.31500037239703893,0.5538505863242482,0.3111804613923818,False,Poblenou,41.392818042762066,2.1983894313637204,,0.18301158328073044,0.19465015769589214,0.2524173766079655,0.015531695934439751,0.015531695934439751,0.015531695934439751,0.015531695934439751,0.23013561900545418,0.015531695934439751,0.015531695934439751,0.015531695934439751,0.015531695934439751,0.015531695934439751
1642,museum_culture,medium,12.354239565432511,transit,10.098949785839782,0.6592263122760945,0.38555065867978133,0.410893287368871,False,Dreta Eixample,41.39175558526085,2.1670509676607566,,0.1881025063217635,0.015088331144019845,0.2571587806087441,0.015088331144019845,0.015088331144019845,0.015088331144019845,0.015088331144019845,0.015088331144019845,0.015088331144019845,0.015088331144019845,0.015088331144019845,0.18812533314985422,0.23081839962345962
1643,museum_culture,medium,17.979670667666255,walk,2.0504929974235435,0.6243260837668159,0.6490151123638649,0.5858263659454455,False,Vila de Gracia,41.403861822722256,2.1603875004607223,,0.261603480978809,0.014681216066768785,0.15405609778537982,0.014681216066768785,0.014681216066768785,0.014681216066768785,0.014681216066768785,0.014681216066768785,0.014681216066768785,0.014681216066768785,0.014681216066768785,0.24720972123559332,0.2049997553992988
1644,food_local_markets,medium,24.177075841658766,bike,5.672747798168143,0.6563190348347016,0.5638606092961459,0.727476754073217,True,Sagrada Familia,41.4023210620736,2.1773234428649757,,0.015707252425403512,0.015707252425403512,0.015707252425403512,0.015707252425403512,0.16248115376456543,0.16154131924874016,0.015707252425403512,0.015707252425403512,0.26643027824138593,0.015707252425403512,0.015707252425403512,0.015707252425403512,0.2681819769166769
1645,food_local_markets,low,8.793834212622043,bike,6.383561345637277,0.7253733281533259,0.47562842674338246,0.3342150041805966,False,Dreta Eixample,41.38938053138931,2.1579901653932105,,0.01426000303104002,0.01426000303104002,0.01426000303104002,0.01426000303104002,0.19233394686063107,0.2373773352175757,0.01426000303104002,0.01426000303104002,0.24777331249653542,0.01426000303104002,0.01426000303104002,0.01426000303104002,0.1941753781458976
1646,family_green,medium,14.604782130166614,transit,7.699097423736142,0.8327878180776961,0.5021044352153277,0.8363561721113743,True,La Barceloneta,41.382105086546446,2.189587730504253,,0.017188737898851645,0.017188737898851645,0.017188737898851645,0.2065243867919872,0.017188737898851645,0.017188737898851645,0.17759139035712948,0.017188737898851645,0.017188737898851645,0.017188737898851645,0.20443640393129608,0.2567491778299224,0.017188737898851645
1647,beach_nightlife,low,8.937685395872535,transit,11.952038347479485,0.48047631295260734,0.32904325981758176,0.9013331473919736,False,Les Corts,41.388206604208385,2.1310572992655956,,0.014563036856642118,0.014563036856642118,0.014563036856642118,0.014563036856642118,0.014563036856642118,0.1698954341878259,0.23188184891063757,0.014563036856642118,0.25321369960317497,0.21394168558858245,0.014563036856642118,0.014563036856642118,0.014563036856642118
1648,history_religion,low,7.740522305998084,transit,8.810631269869193,0.5044917782651195,0.24551334184724624,0.3408519083533725,False,Gotic,41.39173322092204,2.172610188624226,,0.15934785488048916,0.2191450028594855,0.24575669537180528,0.01503448691049677,0.01503448691049677,0.01503448691049677,0.01503448691049677,0.01503448691049677,0.01503448691049677,0.01503448691049677,0.01503448691049677,0.01503448691049677,0.24044006469374918
1649,family_green,medium,17.59929221149353,mixed,7.520141318834204,0.6236292558143881,0.6270625011978381,0.4695792792451457,True,Gotic,41.384936912545825,2.1786212488463654,,0.016340149342348828,0.016340149342348828,0.016340149342348828,0.16899628154238894,0.016340149342348828,0.016340149342348828,0.22208741821159464,0.016340149342348828,0.016340149342348828,0.016340149342348828,0.24622236640238782,0.2156325897624892,0.016340149342348828
1650,beach_nightlife,low,7.342502486120731,mixed,7.0109923847829645,0.40726890276658895,0.33369265793483666,0.8984952811908473,False,Vila de Gracia,41.40342762425271,2.1556600149798135,,0.014455030677671466,0.014455030677671466,0.014455030677671466,0.014455030677671466,0.014455030677671466,0.22788878007945396,0.2157820952666481,0.014455030677671466,0.21451732283545438,0.21171652571940042,0.014455030677671466,0.014455030677671466,0.014455030677671466
1651,history_religion,medium,16.75826798601961,bike,4.801865930230384,0.26297492765041214,0.39047061298395497,0.2502629126935743,True,Poblenou,41.40199743072367,2.197627884163378,,0.17137895971618114,0.1900138703900752,0.2424212127473635,0.015129613339755885,0.015129613339755885,0.015129613339755885,0.015129613339755885,0.015129613339755885,0.015129613339755885,0.015129613339755885,0.015129613339755885,0.015129613339755885,0.2600194370885772
1652,history_religion,medium,9.947371147225951,mixed,6.501636833372798,0.31285363157337936,0.6994040686829183,0.22842936600407834,False,La Barceloneta,41.37961189899654,2.1884793185586053,,0.2093900360128361,0.23707994941146718,0.24256004207379014,0.015351506614041272,0.015351506614041272,0.015351506614041272,0.015351506614041272,0.015351506614041272,0.015351506614041272,0.015351506614041272,0.015351506614041272,0.015351506614041272,0.17280641297553517
1653,museum_culture,medium,17.860088067990255,transit,10.605633122739805,0.3830149345074921,0.9331137952353218,0.35433457334610474,False,Gotic,41.39120979111363,2.174740059431983,,0.17373608669758037,0.015922873611668983,0.26151062577747425,0.015922873611668983,0.015922873611668983,0.015922873611668983,0.015922873611668983,0.015922873611668983,0.015922873611668983,0.015922873611668983,0.015922873611668983,0.22712706299375798,0.19432036202616648
1654,food_local_markets,medium,15.412990253612996,transit,5.9308621755923285,0.6954475163230177,0.8290932434031819,0.366888050716608,True,Dreta Eixample,41.38598719723499,2.1692745331323176,,0.01798151165199051,0.01798151165199051,0.01798151165199051,0.01798151165199051,0.24218108567137847,0.19450608035730968,0.01798151165199051,0.01798151165199051,0.2064367471148515,0.01798151165199051,0.01798151165199051,0.01798151165199051,0.19504248198854574
1655,museum_culture,low,9.21549521053017,taxi,11.43623887531767,0.7300743499168673,0.7034270670577877,0.6581717187479854,False,La Barceloneta,41.38208913403462,2.191331113930023,,0.21521295581482386,0.013182853154072445,0.23069963769575919,0.013182853154072445,0.013182853154072445,0.013182853154072445,0.013182853154072445,0.013182853154072445,0.013182853154072445,0.013182853154072445,0.013182853154072445,0.2120974973635644,0.2233442307392005
1656,food_local_markets,low,5.262135073809912,transit,10.408739113913226,0.455141825971508,0.686464191047143,0.47765645265942275,False,El Raval,41.38375136468172,2.1628040703096674,,0.016534580552167905,0.016534580552167905,0.016534580552167905,0.016534580552167905,0.16838317527286695,0.27149737893884274,0.016534580552167905,0.016534580552167905,0.17933611751187412,0.016534580552167905,0.016534580552167905,0.016534580552167905,0.2319721033069051
1657,family_green,low,5.7193252734144275,mixed,7.226993867118236,0.6994070820719489,0.5498487169518514,0.6000804160527465,True,Dreta Eixample,41.388688120762694,2.160321091043346,,0.014926836418452343,0.014926836418452343,0.014926836418452343,0.17122795351508385,0.014926836418452343,0.014926836418452343,0.17361592558509475,0.014926836418452343,0.014926836418452343,0.014926836418452343,0.25822425790741926,0.2625903352263311,0.014926836418452343
1658,architecture_fans,medium,19.128011694499037,transit,10.4616836225109,0.7101139628749665,0.19001100903396204,0.11114991411587646,False,Gotic,41.387440150806356,2.1724638779887546,,0.1695624537929611,0.2522303356240509,0.2251792814861304,0.014819315243417414,0.014819315243417414,0.014819315243417414,0.014819315243417414,0.21965409190610088,0.014819315243417414,0.014819315243417414,0.014819315243417414,0.014819315243417414,0.014819315243417414
1659,family_green,medium,21.946806248976596,walk,1.9440334982188316,0.7699878470833356,0.6426468853911469,0.6098436681625894,True,Vila de Gracia,41.410758251482896,2.1561847081738876,,0.01619971513856277,0.01619971513856277,0.01619971513856277,0.21917522217183827,0.01619971513856277,0.01619971513856277,0.2762345421370596,0.01619971513856277,0.01619971513856277,0.01619971513856277,0.19172575732818675,0.1670670421158504,0.01619971513856277
1660,food_local_markets,medium,21.051864088553312,transit,4.666274362753567,0.9800490331608406,0.6272703664703972,0.8313995778370138,True,Dreta Eixample,41.38948458558149,2.1700729750731234,,0.014668710451921481,0.014668710451921481,0.014668710451921481,0.014668710451921481,0.237405221713891,0.2499319942386906,0.014668710451921481,0.014668710451921481,0.16729414622879474,0.014668710451921481,0.014668710451921481,0.014668710451921481,0.21335024375133038
1661,family_green,medium,13.624363051865105,taxi,15.941043291380307,0.7110663884273484,0.6966325972557531,0.9443658428960662,False,Vila de Gracia,41.40474374024805,2.154737240267723,,0.016862603889654337,0.016862603889654337,0.016862603889654337,0.2496353770221542,0.016862603889654337,0.016862603889654337,0.20011300004156918,0.016862603889654337,0.016862603889654337,0.016862603889654337,0.1850497321435755,0.21343845578581214,0.016862603889654337
1662,museum_culture,low,6.376028177992553,transit,7.435514567018643,0.6420980709998901,0.5129315225090372,0.6485816711417417,False,El Raval,41.38007279510342,2.1669476839576256,,0.15755811415612592,0.0151438843899599,0.253367285314926,0.0151438843899599,0.0151438843899599,0.0151438843899599,0.0151438843899599,0.0151438843899599,0.0151438843899599,0.0151438843899599,0.0151438843899599,0.2707748864581081,0.18200475456120085
1663,family_green,medium,23.799194081131933,mixed,8.551836269024415,0.7949122658350946,0.6955083107304791,0.9400308162733695,False,Gotic,41.38533536010834,2.173234719385219,,0.015981515215377034,0.015981515215377034,0.015981515215377034,0.2588719561517145,0.015981515215377034,0.015981515215377034,0.21193526584167888,0.015981515215377034,0.015981515215377034,0.015981515215377034,0.1607762608276051,0.22458288024060827,0.015981515215377034
1664,museum_culture,high,38.74352074743146,transit,8.59160012615542,0.5854284178541472,0.4392920136961347,0.3432382017137138,False,Dreta Eixample,41.384198216547766,2.150832577831321,,0.25477931410010407,0.014440042800280566,0.20763571902654335,0.014440042800280566,0.014440042800280566,0.014440042800280566,0.014440042800280566,0.014440042800280566,0.014440042800280566,0.014440042800280566,0.014440042800280566,0.16973533390599088,0.23788924776483655
1665,architecture_fans,high,26.069775976086127,transit,6.638717256383638,0.1418006721800617,0.1429659592030827,0.17270858775183182,False,Dreta Eixample,41.3882300831223,2.16635992520031,,0.20447160378043744,0.25007175738600085,0.18880463043536033,0.01536401374857803,0.01536401374857803,0.01536401374857803,0.01536401374857803,0.21837588466099905,0.01536401374857803,0.01536401374857803,0.01536401374857803,0.01536401374857803,0.01536401374857803
1666,food_local_markets,low,7.996206059979185,bike,5.009520183965099,0.8206637388131673,0.8116886631804093,0.8643795204161608,False,Sant Andreu,41.43251965523424,2.187225239897097,,0.017359068696247298,0.017359068696247298,0.017359068696247298,0.017359068696247298,0.18629876679090585,0.2907334458530287,0.017359068696247298,0.017359068696247298,0.17617884762241265,0.017359068696247298,0.017359068696247298,0.017359068696247298,0.19055732146742718
1667,architecture_fans,high,42.74267303864394,transit,6.729814251079032,0.4472968731440421,0.6107512498390534,0.46627701045402886,False,Poblenou,41.40128638533188,2.203599973255651,,0.2581628665087045,0.17968523419202287,0.21739485228811015,0.014552134281494829,0.014552134281494829,0.014552134281494829,0.014552134281494829,0.21378783847770902,0.014552134281494829,0.014552134281494829,0.014552134281494829,0.014552134281494829,0.014552134281494829
1668,architecture_fans,medium,21.676809311668173,transit,7.710692567717698,0.3816860964969083,0.5434361699516843,0.23837281522297443,False,Montjuic,41.3745727610651,2.1520899815021197,,0.21205950119739847,0.18388349963022196,0.27932864527947254,0.015944610292087522,0.015944610292087522,0.015944610292087522,0.015944610292087522,0.18122686126411927,0.015944610292087522,0.015944610292087522,0.015944610292087522,0.015944610292087522,0.015944610292087522
1669,family_green,medium,13.961159558293122,transit,11.556722984508783,0.4849597584072549,0.7394235855638595,0.7379010577619124,False,Gotic,41.38400652488704,2.176275143511014,,0.015539923469193227,0.015539923469193227,0.015539923469193227,0.26633038751417515,0.015539923469193227,0.015539923469193227,0.22536364387451693,0.015539923469193227,0.015539923469193227,0.015539923469193227,0.1594598241442091,0.2089868332443598,0.015539923469193227
1670,architecture_fans,medium,20.308724918815596,transit,6.324501787514158,0.3513642128568039,0.45005162604830884,0.2078939221811644,False,Gotic,41.39179952284771,2.1753598995328693,,0.17558069476709118,0.17468320465011367,0.23715733814710588,0.015807687309521624,0.015807687309521624,0.015807687309521624,0.015807687309521624,0.2703095766499946,0.015807687309521624,0.015807687309521624,0.015807687309521624,0.015807687309521624,0.015807687309521624
1671,beach_nightlife,medium,31.078487156616255,taxi,14.825309884193182,0.0902399468798158,0.49592841626637585,0.717574411231509,False,Dreta Eixample,41.38543345913084,2.160061009831472,,0.015067077127315774,0.015067077127315774,0.015067077127315774,0.015067077127315774,0.015067077127315774,0.2200777267623062,0.1851152812706953,0.015067077127315774,0.19981310598647237,0.2593901918346842,0.015067077127315774,0.015067077127315774,0.015067077127315774
1672,history_religion,low,4.168857995167376,transit,10.042900115397183,0.5829362110316912,0.700532052588357,0.16836588659120724,False,La Barceloneta,41.379636241614676,2.1906378085824576,,0.18583931959736744,0.2245826978566743,0.27142154786464334,0.016611310122243324,0.016611310122243324,0.016611310122243324,0.016611310122243324,0.016611310122243324,0.016611310122243324,0.016611310122243324,0.016611310122243324,0.016611310122243324,0.168654643581125
1673,food_local_markets,low,6.017228873313282,transit,5.17482644776971,0.7147635752691291,0.5536042296629883,0.39543881591773616,True,Sagrada Familia,41.40749635083929,2.173211447821506,,0.014801713014828119,0.014801713014828119,0.014801713014828119,0.014801713014828119,0.1908949945884487,0.22841817775201503,0.014801713014828119,0.014801713014828119,0.21500262047269394,0.014801713014828119,0.014801713014828119,0.014801713014828119,0.23246879005338922
1674,family_green,medium,16.695353259999845,transit,4.554971186891816,0.5522930896494187,0.6190721593256148,0.7358655421904856,True,Sagrada Familia,41.402426857428146,2.171204102850279,,0.014703729881846735,0.014703729881846735,0.014703729881846735,0.23372023731107416,0.014703729881846735,0.014703729881846735,0.21860147198978921,0.014703729881846735,0.014703729881846735,0.014703729881846735,0.22852178659059705,0.18682293517191892,0.014703729881846735
1675,museum_culture,medium,15.918165461345724,mixed,8.611332911372376,0.6149005724417902,0.7595552110342194,0.42842243696376553,False,Sagrada Familia,41.41164310530252,2.1767791399183753,,0.1755610774461307,0.01632113349646034,0.21667259650256668,0.01632113349646034,0.01632113349646034,0.01632113349646034,0.01632113349646034,0.01632113349646034,0.01632113349646034,0.01632113349646034,0.01632113349646034,0.20165947514956373,0.2592166494335958
1676,architecture_fans,low,5.334274009240465,transit,5.268773921562753,0.13127325517702473,0.4712746240293647,0.8301472878524319,False,Montjuic,41.37774130771731,2.1534016677582013,,0.27094345508548534,0.1642387505729742,0.16899909176616518,0.016228639635392415,0.016228639635392415,0.016228639635392415,0.016228639635392415,0.24976094585684358,0.016228639635392415,0.016228639635392415,0.016228639635392415,0.016228639635392415,0.016228639635392415
1677,architecture_fans,medium,17.369229121496222,walk,1.6799095165240234,0.37061670485299164,0.3851822482755029,0.22101008178334675,False,Dreta Eixample,41.388896008127055,2.165711862810893,,0.24454887221285249,0.17326870518116558,0.19369652263518555,0.015322356404459515,0.015322356404459515,0.015322356404459515,0.015322356404459515,0.2505846923306608,0.015322356404459515,0.015322356404459515,0.015322356404459515,0.015322356404459515,0.015322356404459515
1678,museum_culture,low,6.352468058856342,transit,6.10631779801083,0.523364263496832,0.4113611114840685,0.21199777085984864,True,Vila de Gracia,41.40198026391271,2.1535071099224345,,0.2109930264778449,0.017934223213800074,0.18475210186089056,0.017934223213800074,0.017934223213800074,0.017934223213800074,0.017934223213800074,0.017934223213800074,0.017934223213800074,0.017934223213800074,0.017934223213800074,0.25500254907728104,0.18784431365978282
1679,architecture_fans,medium,19.07015262425785,mixed,5.417148013189992,0.5993265888109028,0.6365715794130844,0.28384007756284396,True,Sagrada Familia,41.403407655207076,2.1698394215757624,,0.22385536158672306,0.16997707209951807,0.24338265593359362,0.014033682441026072,0.014033682441026072,0.014033682441026072,0.014033682441026072,0.23648176841093063,0.014033682441026072,0.014033682441026072,0.014033682441026072,0.014033682441026072,0.014033682441026072
1680,family_green,medium,23.548222241654827,mixed,7.2874770564526425,0.845497554442497,0.4837604507525968,0.9701085244718436,True,Gotic,41.38263452530356,2.1799805099607754,,0.013786579694773735,0.013786579694773735,0.013786579694773735,0.18661616804403078,0.013786579694773735,0.013786579694773735,0.20727262585680822,0.013786579694773735,0.013786579694773735,0.013786579694773735,0.24044745480683546,0.2415845340393619,0.013786579694773735
1681,family_green,high,49.49321364022503,walk,1.7944753170026253,0.7478745169590985,0.3995246653369539,0.8800394505550376,False,Montjuic,41.365514100228395,2.156154371868754,,0.01435795570237586,0.01435795570237586,0.01435795570237586,0.22716469925697153,0.01435795570237586,0.01435795570237586,0.19382743495615468,0.01435795570237586,0.01435795570237586,0.01435795570237586,0.2443875653707246,0.20539869909476643,0.01435795570237586
1682,food_local_markets,medium,10.36514347824361,transit,5.330131670238464,0.6545019840443199,0.6253217453696133,0.37249620845041875,False,Dreta Eixample,41.387736564822646,2.1671039077455667,,0.015460047612436273,0.015460047612436273,0.015460047612436273,0.015460047612436273,0.2268651666644346,0.20376890064889772,0.015460047612436273,0.015460047612436273,0.1877430111929998,0.015460047612436273,0.015460047612436273,0.015460047612436273,0.24248249298174138
1683,architecture_fans,medium,20.63650209527685,mixed,4.8494378539190715,0.370619519682183,0.21088072564344992,0.6067301585440645,False,Dreta Eixample,41.38319873137552,2.1700980960264302,,0.2177394351500277,0.25556643308648636,0.21989590858510383,0.01579876286507144,0.01579876286507144,0.01579876286507144,0.01579876286507144,0.16460935739273908,0.01579876286507144,0.01579876286507144,0.01579876286507144,0.01579876286507144,0.01579876286507144
1684,family_green,medium,23.21121641361584,bike,6.947021222668743,0.815526041637843,0.8625080786930491,0.7410119383295046,False,Gotic,41.38100734609804,2.1805417834969236,,0.01608083318724257,0.01608083318724257,0.01608083318724257,0.1748978469890025,0.01608083318724257,0.01608083318724257,0.2805728317668553,0.01608083318724257,0.01608083318724257,0.01608083318724257,0.17690844784781373,0.2228933747111453,0.01608083318724257
1685,museum_culture,medium,26.55468714552414,transit,5.476545537739577,0.5230526139304674,0.6781289839175216,0.3134756318843603,False,Les Corts,41.38545676416709,2.1310619102515207,,0.2549690196852413,0.016468283518196885,0.21930026466516744,0.016468283518196885,0.016468283518196885,0.016468283518196885,0.016468283518196885,0.016468283518196885,0.016468283518196885,0.016468283518196885,0.016468283518196885,0.20590485028040784,0.1716113137054115
1686,beach_nightlife,medium,22.756436058980242,walk,2.867891972866348,0.14545007259451975,0.2174670252222983,0.7596258057935286,False,Gotic,41.37933904889224,2.1711917734291935,,0.015308252186982362,0.015308252186982362,0.015308252186982362,0.015308252186982362,0.015308252186982362,0.23949565788171745,0.20665886673984732,0.015308252186982362,0.19253030101595975,0.22354090467963428,0.015308252186982362,0.015308252186982362,0.015308252186982362
1687,museum_culture,medium,21.54716405677083,mixed,7.482523311585357,0.6957705561633835,0.2418511761445579,0.45098805519735435,False,Dreta Eixample,41.39111062244053,2.1630146095845255,,0.16808918047465216,0.015318563179858748,0.2756043491914513,0.015318563179858748,0.015318563179858748,0.015318563179858748,0.015318563179858748,0.015318563179858748,0.015318563179858748,0.015318563179858748,0.015318563179858748,0.2181620380587655,0.20027736365640228
1688,beach_nightlife,low,6.503758684011478,mixed,6.182226157851232,0.2427576120598786,0.18598599275528338,0.8016714032176384,False,Gotic,41.38586097952485,2.1746182473261904,,0.014494516756154888,0.014494516756154888,0.014494516756154888,0.014494516756154888,0.014494516756154888,0.20194210115583003,0.193660297451614,0.014494516756154888,0.23026664613474132,0.24368030445242067,0.014494516756154888,0.014494516756154888,0.014494516756154888
1689,museum_culture,medium,17.222887479437713,transit,11.507038941757003,0.36084881778955485,0.5761512999025953,0.3125637948618252,False,El Raval,41.389016640321074,2.170707181214115,,0.23547480623150294,0.01606110255503236,0.1706573988597676,0.01606110255503236,0.01606110255503236,0.01606110255503236,0.01606110255503236,0.01606110255503236,0.01606110255503236,0.01606110255503236,0.01606110255503236,0.27614862467964063,0.17316924723379756
1690,museum_culture,medium,16.829771653411274,mixed,5.926904108278169,0.5197700543396634,0.7118542243787171,0.18209200231177927,False,Dreta Eixample,41.39522166407329,2.1685465147593797,,0.15959530150912413,0.015637309724611855,0.22646751306590612,0.015637309724611855,0.015637309724611855,0.015637309724611855,0.015637309724611855,0.015637309724611855,0.015637309724611855,0.015637309724611855,0.015637309724611855,0.21786037819631135,0.2553410197071517
1691,architecture_fans,high,46.600637537956274,taxi,10.249745920854945,0.676491075857387,0.9269502458866196,0.3961897123861622,False,La Barceloneta,41.381562568674205,2.1848562629473247,,0.23066135914522698,0.25486240140743105,0.18032041773378701,0.016360864436938537,0.016360864436938537,0.016360864436938537,0.016360864436938537,0.18690804178110812,0.016360864436938537,0.016360864436938537,0.016360864436938537,0.016360864436938537,0.016360864436938537
1692,food_local_markets,high,38.831685788212575,transit,7.730269619539991,0.8359178276991901,0.27107518414503107,0.468867681202838,True,Dreta Eixample,41.39484679304375,2.1688500323682343,,0.014726581529676444,0.014726581529676444,0.014726581529676444,0.014726581529676444,0.2233885042077107,0.15379302589732893,0.014726581529676444,0.014726581529676444,0.2335937113094751,0.014726581529676444,0.014726581529676444,0.014726581529676444,0.2566855248183973
1693,architecture_fans,low,5.550033809919208,bike,3.0687451855911143,0.6551451723392455,0.35373117909433804,0.4869437182767855,True,Dreta Eixample,41.39222509123347,2.167948930928361,,0.17763166051992438,0.2470872013278091,0.2203844417354687,0.01706760785534589,0.01706760785534589,0.01706760785534589,0.01706760785534589,0.20128822571868482,0.01706760785534589,0.01706760785534589,0.01706760785534589,0.01706760785534589,0.01706760785534589
1694,food_local_markets,medium,14.245393147471296,mixed,4.575067794336723,0.6499882362026619,0.5570230520619434,0.3665224403037482,False,Dreta Eixample,41.393864445392744,2.1726771071748248,,0.01761957360848544,0.01761957360848544,0.01761957360848544,0.01761957360848544,0.1903878187271302,0.19590987768529425,0.01761957360848544,0.01761957360848544,0.1933199644863756,0.01761957360848544,0.01761957360848544,0.01761957360848544,0.26180617662483097
1695,family_green,high,27.077979335883082,transit,11.470823999534465,0.5033883413551232,0.6361039036268669,0.623003578054906,False,Gotic,41.38637641729954,2.185867339106913,,0.016842739809360987,0.016842739809360987,0.016842739809360987,0.25052373953146384,0.016842739809360987,0.016842739809360987,0.21129504146661413,0.016842739809360987,0.016842739809360987,0.016842739809360987,0.17856414380280655,0.20803241691486665,0.016842739809360987
1696,history_religion,medium,14.507289184180452,transit,6.25271462541175,0.4796443034762061,0.5020372373959145,0.4284669895823807,False,Gotic,41.383323566145485,2.1776549425938154,,0.28252174810967773,0.1744538895125797,0.17633736372191644,0.016176142049266498,0.016176142049266498,0.016176142049266498,0.016176142049266498,0.016176142049266498,0.016176142049266498,0.016176142049266498,0.016176142049266498,0.016176142049266498,0.2211017202124276
1697,history_religion,medium,27.02448081191202,transit,6.567844913303405,0.5191844080271174,0.5927707967596139,0.1961753868527082,False,Les Corts,41.387887036530415,2.1302596091656287,,0.21555428320688705,0.22194803860355208,0.23361875982099597,0.014061172149302697,0.014061172149302697,0.014061172149302697,0.014061172149302697,0.014061172149302697,0.014061172149302697,0.014061172149302697,0.014061172149302697,0.014061172149302697,0.20232836902484064
1698,architecture_fans,medium,16.96264400230153,transit,11.677461503179869,0.4547205497640384,0.6390597750497768,0.2185937349242781,False,La Barceloneta,41.381082558324145,2.186973500336683,,0.21431289908337,0.17542674728732907,0.18304148447086652,0.016801616894985678,0.016801616894985678,0.016801616894985678,0.016801616894985678,0.2760043171035633,0.016801616894985678,0.016801616894985678,0.016801616894985678,0.016801616894985678,0.016801616894985678
1699,food_local_markets,medium,14.553229366020746,transit,10.31138402994465,0.18079980069886695,0.23704159759942758,0.8381112024038654,False,Sagrada Familia,41.40144675346752,2.171579960583422,,0.01644977059265861,0.01644977059265861,0.01644977059265861,0.01644977059265861,0.18112295169104395,0.1660510109485687,0.01644977059265861,0.01644977059265861,0.28882825964555053,0.01644977059265861,0.01644977059265861,0.01644977059265861,0.21594984238090936
1700,family_green,high,37.24407698060805,transit,9.489310681702186,0.9061371417257763,0.8731586841612357,0.8758027416234022,False,Sagrada Familia,41.409787960948535,2.1695705007746016,,0.015150831585019743,0.015150831585019743,0.015150831585019743,0.20014978960197222,0.015150831585019743,0.015150831585019743,0.18783830602607096,0.015150831585019743,0.015150831585019743,0.015150831585019743,0.23921541658607132,0.2364390035207078,0.015150831585019743
1701,food_local_markets,medium,15.215315864612954,bike,4.825782548104093,0.6324080884019073,0.6133878128794314,0.5593450937471023,True,Dreta Eixample,41.38610643041982,2.1646988964006724,,0.016079952195942857,0.016079952195942857,0.016079952195942857,0.016079952195942857,0.20530385145439006,0.20375261716999823,0.016079952195942857,0.016079952195942857,0.2779254469416575,0.016079952195942857,0.016079952195942857,0.016079952195942857,0.16829851467046852
1702,food_local_markets,low,6.973234868672149,transit,8.22797898193108,0.4609002714782608,0.47332192655894295,0.4363150140920761,False,El Raval,41.38335022652265,2.158886242955951,,0.016855224624874144,0.016855224624874144,0.016855224624874144,0.016855224624874144,0.2389455286017432,0.1758003740647303,0.016855224624874144,0.016855224624874144,0.19496097866132653,0.016855224624874144,0.016855224624874144,0.016855224624874144,0.2385960970483326
1703,history_religion,medium,17.396383553768285,mixed,7.636632067161235,0.5023980277068083,0.46477742499863517,0.3633437956431573,False,Sagrada Familia,41.408082249789494,2.1750892375794524,,0.19011712564036928,0.20738200396826123,0.21833821864440195,0.014748954322644425,0.014748954322644425,0.014748954322644425,0.014748954322644425,0.014748954322644425,0.014748954322644425,0.014748954322644425,0.014748954322644425,0.014748954322644425,0.2514220628431677
1704,museum_culture,medium,17.346301009400257,transit,10.404049428312295,0.619266122522283,0.6573816955941765,0.3311733872155153,False,Vila de Gracia,41.39942744716578,2.150110963833949,,0.2100448177572475,0.016201838330939383,0.20639829902495105,0.016201838330939383,0.016201838330939383,0.016201838330939383,0.016201838330939383,0.016201838330939383,0.016201838330939383,0.016201838330939383,0.016201838330939383,0.26238754789927526,0.17535279034007176
1705,architecture_fans,medium,17.58582614899611,walk,2.1916024763472755,0.3601891522890135,0.43008864755351317,0.23557107231737123,False,El Raval,41.37397582553426,2.172943490649985,,0.20846251014327852,0.17855759549181974,0.21707729698186592,0.01643145755124378,0.01643145755124378,0.01643145755124378,0.01643145755124378,0.24801947942184177,0.01643145755124378,0.01643145755124378,0.01643145755124378,0.01643145755124378,0.01643145755124378
1706,architecture_fans,high,29.675473878442826,transit,6.149631896580242,0.5126110084695137,0.30176489116376853,0.16862578262384662,False,Vila de Gracia,41.39189555254167,2.1569450856168007,,0.196948238831981,0.24073770225633018,0.1745073193607911,0.01688290945242407,0.01688290945242407,0.01688290945242407,0.01688290945242407,0.23586055447908102,0.01688290945242407,0.01688290945242407,0.01688290945242407,0.01688290945242407,0.01688290945242407
1707,museum_culture,medium,20.554465568404577,transit,9.624345659052507,0.520890812391924,0.5453181321434502,0.5229536658763172,False,Sagrada Familia,41.40383746563798,2.169166736978522,,0.19564768168453292,0.014770186933859609,0.21645108700309038,0.014770186933859609,0.014770186933859609,0.014770186933859609,0.014770186933859609,0.014770186933859609,0.014770186933859609,0.014770186933859609,0.014770186933859609,0.19111492761515123,0.263854621292489
1708,museum_culture,high,31.930759420953585,transit,10.752214569652041,0.5417059803834022,0.4738559532102491,0.5126216282519073,False,Dreta Eixample,41.38989911008098,2.1646613017457756,,0.187006567641602,0.015638805214118687,0.21275470404741112,0.015638805214118687,0.015638805214118687,0.015638805214118687,0.015638805214118687,0.015638805214118687,0.015638805214118687,0.015638805214118687,0.015638805214118687,0.2733185021654494,0.1861709792184693
1709,beach_nightlife,medium,20.577765324310807,transit,11.639610683277526,0.46337086498829255,0.3444602445560519,0.7253833500323521,False,Vila de Gracia,41.40288210904905,2.145933032470747,,0.013990971518396927,0.013990971518396927,0.013990971518396927,0.013990971518396927,0.013990971518396927,0.2466782080150688,0.19830466678067032,0.013990971518396927,0.2155228314606399,0.21357555007804865,0.013990971518396927,0.013990971518396927,0.013990971518396927
1710,architecture_fans,medium,27.018552410220224,walk,2.3312202718299906,0.5621700134326822,0.39980554506273536,0.15957696552577857,False,El Raval,41.37704609744418,2.1641580969698677,,0.23788386702476588,0.18976125477748917,0.19744260261942903,0.01735727982333313,0.01735727982333313,0.01735727982333313,0.01735727982333313,0.2186967571683178,0.01735727982333313,0.01735727982333313,0.01735727982333313,0.01735727982333313,0.01735727982333313
1711,food_local_markets,medium,12.806335087285287,mixed,5.743179346445989,0.4951943017431052,0.6658696675187239,0.31144457998015906,False,Dreta Eixample,41.39659749804521,2.163452808893774,,0.01575570504990563,0.01575570504990563,0.01575570504990563,0.01575570504990563,0.15970450335289973,0.2743540560744601,0.01575570504990563,0.01575570504990563,0.19116613306056632,0.01575570504990563,0.01575570504990563,0.01575570504990563,0.23297396206292317
1712,history_religion,low,5.5214747335680805,transit,5.815403610222068,0.3593055720295883,0.6872403360782546,0.5232491283859265,False,Dreta Eixample,41.38787683779192,2.1672840931957214,,0.18781791261193828,0.19038009182932034,0.23665659962860255,0.014420305417817162,0.014420305417817162,0.014420305417817162,0.014420305417817162,0.014420305417817162,0.014420305417817162,0.014420305417817162,0.014420305417817162,0.014420305417817162,0.2553626471697844
1713,architecture_fans,medium,16.333995123858426,bike,4.341460200648642,0.2802874352010195,0.5758616584799868,0.1375453115365154,True,Gotic,41.38228533073379,2.1796324709932016,,0.273323145311408,0.17014684039060024,0.19980568347547198,0.01519983796217116,0.01519983796217116,0.01519983796217116,0.01519983796217116,0.21992578916297936,0.01519983796217116,0.01519983796217116,0.01519983796217116,0.01519983796217116,0.01519983796217116
1714,architecture_fans,medium,16.7079254657491,transit,7.9673818615156495,0.4606725664600866,0.6082897579437639,0.2570286138651703,True,Sagrada Familia,41.40532736917,2.175969342250749,,0.18594771124931653,0.22419085427754387,0.20820365368565702,0.014441471274960966,0.014441471274960966,0.014441471274960966,0.014441471274960966,0.2516845393128339,0.014441471274960966,0.014441471274960966,0.014441471274960966,0.014441471274960966,0.014441471274960966
1715,food_local_markets,medium,16.521953950310046,walk,1.2492994387292757,0.8712002240016256,0.47900791427258455,0.7517633289503477,False,Sagrada Familia,41.39920619783918,2.17769965185184,,0.016874599855503526,0.016874599855503526,0.016874599855503526,0.016874599855503526,0.1924411550573726,0.21435763849050452,0.016874599855503526,0.016874599855503526,0.2139080986161357,0.016874599855503526,0.016874599855503526,0.016874599855503526,0.22742170913645543
1716,history_religion,low,10.544913440083734,walk,2.4320569238176644,0.5114024270376089,0.3568151501938914,0.3244890699908159,False,Sagrada Familia,41.40213350875513,2.181555816274331,,0.2034496495855422,0.24666672935249923,0.15874014992714477,0.01545023837944067,0.01545023837944067,0.01545023837944067,0.01545023837944067,0.01545023837944067,0.01545023837944067,0.01545023837944067,0.01545023837944067,0.01545023837944067,0.2520913257198477
1717,museum_culture,medium,23.43917312252371,transit,8.884877603884252,0.5722465024986034,0.7178607620777793,0.5030967796649192,False,La Barceloneta,41.37891378256612,2.19324046958967,,0.20843677856723777,0.014336586962285867,0.2542769620761588,0.014336586962285867,0.014336586962285867,0.014336586962285867,0.014336586962285867,0.014336586962285867,0.014336586962285867,0.014336586962285867,0.014336586962285867,0.2532031463420477,0.1550538303539829
1718,history_religion,medium,17.688153123111764,mixed,8.754436591886574,0.653226811887819,0.30831480736547884,0.39749110498089324,False,Gotic,41.385989870880664,2.1744525289970498,,0.23832292168987232,0.21627444884097397,0.20345105080452902,0.016830927828923238,0.016830927828923238,0.016830927828923238,0.016830927828923238,0.016830927828923238,0.016830927828923238,0.016830927828923238,0.016830927828923238,0.016830927828923238,0.19047322820431564
1719,history_religion,low,6.234471637060845,walk,3.390821805182772,0.6860120324646439,0.3583403526531715,0.35866404456617385,False,Gotic,41.380932573555086,2.175698875481897,,0.19059289068510313,0.15925629791125026,0.25720920482073356,0.015799510923775767,0.015799510923775767,0.015799510923775767,0.015799510923775767,0.015799510923775767,0.015799510923775767,0.015799510923775767,0.015799510923775767,0.015799510923775767,0.2507460082689312
1720,family_green,high,49.52213801950924,transit,8.065061280248742,0.7211149417680153,0.366127980075383,0.8836437130934205,True,El Raval,41.382324997186444,2.1702498296826587,,0.014533619294185772,0.014533619294185772,0.014533619294185772,0.25117142497086586,0.014533619294185772,0.014533619294185772,0.18024596009491245,0.014533619294185772,0.014533619294185772,0.014533619294185772,0.20842130543788603,0.22935873584866362,0.014533619294185772
1721,family_green,medium,23.595966521669578,walk,1.089208202455822,0.7736292336657333,0.8165138517397026,0.9615206804257899,True,Montjuic,41.368479733845795,2.152017533677562,,0.01368438811239556,0.01368438811239556,0.01368438811239556,0.20365895820585345,0.01368438811239556,0.01368438811239556,0.23999850560916539,0.01368438811239556,0.01368438811239556,0.01368438811239556,0.2389322857458997,0.19425075742752143,0.01368438811239556
1722,beach_nightlife,low,8.098659229078374,bike,6.413720746595059,0.4315303634209014,0.36556618009682584,0.8329924952352841,False,Vila de Gracia,41.402648483012676,2.149676612404134,,0.017965019082512062,0.017965019082512062,0.017965019082512062,0.017965019082512062,0.017965019082512062,0.20647796269657503,0.2073916091272115,0.017965019082512062,0.18274355474629758,0.24170170168730737,0.017965019082512062,0.017965019082512062,0.017965019082512062
1723,food_local_markets,low,4.555053032345622,mixed,3.737678430266091,0.3280922960634437,0.707635056487631,0.17662993240802227,False,Sagrada Familia,41.413675739402194,2.174234459421317,,0.015897056075047857,0.015897056075047857,0.015897056075047857,0.015897056075047857,0.18901662333857844,0.16618782130594206,0.015897056075047857,0.015897056075047857,0.23468702138018674,0.015897056075047857,0.015897056075047857,0.015897056075047857,0.267035029299862
1724,food_local_markets,medium,15.232217982648448,walk,3.1906660605949773,0.4883159525609882,0.4892202153884366,0.6221846329763456,False,Sarria,41.39999681262722,2.1150351001685044,,0.015606021534244964,0.015606021534244964,0.015606021534244964,0.015606021534244964,0.16706067378082282,0.19688146913049015,0.015606021534244964,0.015606021534244964,0.24574568618544348,0.015606021534244964,0.015606021534244964,0.015606021534244964,0.24985797709503885
1725,architecture_fans,high,39.98407525271733,bike,4.704133309544749,0.7278432945883238,0.6670121578237137,0.1738737015729264,False,Poblenou,41.400067933607986,2.1960332126671673,,0.16894466173479142,0.2839975962730858,0.20200356367798117,0.015866316048066174,0.015866316048066174,0.015866316048066174,0.015866316048066174,0.20225733388154604,0.015866316048066174,0.015866316048066174,0.015866316048066174,0.015866316048066174,0.015866316048066174
1726,family_green,high,33.91479531328733,walk,1.310384565840357,0.8673165589257771,0.5384810114165376,0.744573133178419,True,Poblenou,41.40534585172936,2.2057706802204997,,0.014471081048659283,0.014471081048659283,0.014471081048659283,0.20286635758496552,0.014471081048659283,0.014471081048659283,0.2459116318487541,0.014471081048659283,0.014471081048659283,0.014471081048659283,0.2105093006983759,0.21047298042997095,0.014471081048659283
1727,history_religion,medium,21.2994322759483,walk,1.8587948536290613,0.50639442314168,0.7378373518706279,0.5491079002190782,False,Poblenou,41.40400505237397,2.197102754885661,,0.1908690799242343,0.2538576304659107,0.19033638145100282,0.018344779074646555,0.018344779074646555,0.018344779074646555,0.018344779074646555,0.018344779074646555,0.018344779074646555,0.018344779074646555,0.018344779074646555,0.018344779074646555,0.1998338964870331
1728,history_religion,high,35.97091584668133,bike,5.304568836285158,0.6603357224963129,0.3201857373142045,0.20960134506755995,False,La Barceloneta,41.380885975937304,2.18924018515744,,0.1824251293837315,0.2078061629101876,0.23503139200400136,0.013891615908502325,0.013891615908502325,0.013891615908502325,0.013891615908502325,0.013891615908502325,0.013891615908502325,0.013891615908502325,0.013891615908502325,0.013891615908502325,0.2497127725255586
1729,beach_nightlife,medium,18.396317473871665,walk,2.30813030134298,0.8193759651555278,0.2423689467223473,0.9344821785471027,False,La Barceloneta,41.37847642080911,2.189868694716153,,0.013964682458546901,0.013964682458546901,0.013964682458546901,0.013964682458546901,0.013964682458546901,0.1963607583157656,0.221454040319532,0.013964682458546901,0.24989923914933823,0.20660382008844203,0.013964682458546901,0.013964682458546901,0.013964682458546901
1730,food_local_markets,medium,20.95434605060229,walk,1.9556166711907919,0.7825588903815891,0.7610367510884349,0.6480964141789328,False,Montjuic,41.376252869215946,2.1583966015047595,,0.015818249410683213,0.015818249410683213,0.015818249410683213,0.015818249410683213,0.1990749947461661,0.21225619486877223,0.015818249410683213,0.015818249410683213,0.219405684593102,0.015818249410683213,0.015818249410683213,0.015818249410683213,0.22689888109581066
1731,architecture_fans,medium,21.831691569479776,mixed,3.3553077273797163,0.3567531430421549,0.4317756849275679,0.6320996999983971,False,Poblenou,41.401018721038795,2.2088952025514006,,0.1895190162852437,0.20479444845449227,0.24627811871956942,0.015685985468296425,0.015685985468296425,0.015685985468296425,0.015685985468296425,0.21823454732602687,0.015685985468296425,0.015685985468296425,0.015685985468296425,0.015685985468296425,0.015685985468296425
1732,architecture_fans,low,6.291205191898588,walk,3.0195304482727705,0.46998540951542306,0.18976457031462504,0.4067035299642657,False,Les Corts,41.391763493551686,2.1276327018247514,,0.21948356114682047,0.24984880110822513,0.1813131827410943,0.015231980430837325,0.015231980430837325,0.015231980430837325,0.015231980430837325,0.21226663112632424,0.015231980430837325,0.015231980430837325,0.015231980430837325,0.015231980430837325,0.015231980430837325
1733,museum_culture,high,40.4832938119038,walk,2.6256642523251594,0.5538969398872013,0.5163102172510857,0.3218388276057233,False,El Raval,41.3792835186587,2.170808980815736,,0.17560846487736112,0.015422162666744382,0.24333696117491815,0.015422162666744382,0.015422162666744382,0.015422162666744382,0.015422162666744382,0.015422162666744382,0.015422162666744382,0.015422162666744382,0.015422162666744382,0.2700978742744693,0.17215723567255206
1734,food_local_markets,low,7.555988112534283,walk,1.3469543256200567,0.40392798536598357,0.4876618893871755,0.24379425446304157,False,Vila de Gracia,41.39896084587591,2.1625900152484387,,0.0162662434880831,0.0162662434880831,0.0162662434880831,0.0162662434880831,0.16285021339246605,0.22017063244940488,0.0162662434880831,0.0162662434880831,0.1852253064982827,0.0162662434880831,0.0162662434880831,0.0162662434880831,0.28535765626709847
1735,architecture_fans,medium,15.689998653785038,mixed,6.0708565148273665,0.4779434135326186,0.2478791795675728,0.07480215286513707,False,Dreta Eixample,41.393424730023,2.1671726462043917,,0.21202196882678867,0.16327762686556654,0.25361667357002665,0.014593382101996004,0.014593382101996004,0.014593382101996004,0.014593382101996004,0.23974329181965412,0.014593382101996004,0.014593382101996004,0.014593382101996004,0.014593382101996004,0.014593382101996004
1736,architecture_fans,low,11.058922889065798,transit,7.035874417798486,0.37314059844439046,0.581968499421795,0.0899926643703018,False,La Barceloneta,41.37252012605623,2.1894938758613383,,0.21295848408995488,0.2171338243486636,0.1760273354263445,0.015235209888795707,0.015235209888795707,0.015235209888795707,0.015235209888795707,0.25676346713587567,0.015235209888795707,0.015235209888795707,0.015235209888795707,0.015235209888795707,0.015235209888795707
1737,beach_nightlife,high,47.30470906305523,transit,11.289582494808123,0.31165781199555065,0.38132766797900325,0.5959162620744932,False,Sant Andreu,41.44056047832047,2.1904690788248495,,0.017108586605255494,0.017108586605255494,0.017108586605255494,0.017108586605255494,0.017108586605255494,0.18063534571883627,0.20214989055300323,0.017108586605255494,0.1724727374841287,0.29076474679673237,0.017108586605255494,0.017108586605255494,0.017108586605255494
1738,museum_culture,medium,17.849394802493727,taxi,11.644479776594773,0.4849942839015092,0.8305014467540776,0.28551603600685843,True,Dreta Eixample,41.38210474945925,2.1678048913343693,,0.217227168409539,0.014778872320331551,0.209409391582693,0.014778872320331551,0.014778872320331551,0.014778872320331551,0.014778872320331551,0.014778872320331551,0.014778872320331551,0.014778872320331551,0.014778872320331551,0.18843622911028168,0.25191736001450227
1739,architecture_fans,high,33.72908681377671,transit,6.1071062902711954,0.7038473425767269,0.20439956053606573,0.17626745150305756,False,Les Corts,41.38366994363626,2.1309681609679223,,0.26775339876223814,0.18606952064394802,0.25028228922458134,0.014971365086684419,0.014971365086684419,0.014971365086684419,0.014971365086684419,0.1611525055890728,0.014971365086684419,0.014971365086684419,0.014971365086684419,0.014971365086684419,0.014971365086684419
1740,food_local_markets,low,6.147032856724345,mixed,6.921321267133013,0.7785448844178575,0.8706881464295535,0.6083913658203451,False,Sagrada Familia,41.40524245344482,2.177020531499296,,0.015652172230786156,0.015652172230786156,0.015652172230786156,0.015652172230786156,0.22017357305237886,0.2570251611697607,0.015652172230786156,0.015652172230786156,0.17813441893505247,0.015652172230786156,0.015652172230786156,0.015652172230786156,0.2037972967657326
1741,architecture_fans,medium,23.616152557133397,walk,3.383019877965914,0.48371913084382506,0.5022678985196726,0.2718106267610185,False,Dreta Eixample,41.38184499931223,2.1695056084360513,,0.2155171861477737,0.1629895245237952,0.24049894562241556,0.01528385125372117,0.01528385125372117,0.01528385125372117,0.01528385125372117,0.24343968242252503,0.01528385125372117,0.01528385125372117,0.01528385125372117,0.01528385125372117,0.01528385125372117
1742,family_green,low,7.297218419839696,transit,6.726131564196604,0.8698030211366486,0.4629052028218108,0.9330786775625384,True,Gotic,41.38532722883938,2.164118986857468,,0.014701448656341863,0.014701448656341863,0.014701448656341863,0.24381494839812476,0.014701448656341863,0.014701448656341863,0.24254438379725365,0.014701448656341863,0.014701448656341863,0.014701448656341863,0.2340573653210678,0.14727026457647704,0.014701448656341863
1743,beach_nightlife,medium,19.20037210427884,taxi,10.861732833353255,0.5350434903235681,0.5531664293281151,0.7702949733440453,False,Dreta Eixample,41.39098902775238,2.164765749538291,,0.0155690956422744,0.0155690956422744,0.0155690956422744,0.0155690956422744,0.0155690956422744,0.26796888858882517,0.23025267269146082,0.0155690956422744,0.17979539091014513,0.18186118702909923,0.0155690956422744,0.0155690956422744,0.0155690956422744
1744,museum_culture,high,28.81767231130126,transit,5.962399170398593,0.872641011070262,0.416248994319577,0.2935644370089812,False,Dreta Eixample,41.391206310432295,2.168654013370422,,0.1690873514830875,0.016089928827170422,0.26221252683202156,0.016089928827170422,0.016089928827170422,0.016089928827170422,0.016089928827170422,0.016089928827170422,0.016089928827170422,0.016089928827170422,0.016089928827170422,0.17172471098379605,0.2521660512565611
1745,architecture_fans,medium,5.911528800530854,transit,10.419693258593396,0.4187174713132285,0.5175466552667739,0.6178084186533849,False,Vila de Gracia,41.39957393174846,2.1507652423678882,,0.2259372370458498,0.16570109457050047,0.2464769594356813,0.014603245033388827,0.014603245033388827,0.014603245033388827,0.014603245033388827,0.23045550364746895,0.014603245033388827,0.014603245033388827,0.014603245033388827,0.014603245033388827,0.014603245033388827
1746,architecture_fans,medium,23.937722025001023,mixed,7.455306899303236,0.5161600123044731,0.2688761391503795,0.19721699035626142,False,Vila de Gracia,41.402963422577336,2.154618061253972,,0.18257731020074916,0.2290356631789104,0.17510652619956998,0.015581018334394143,0.015581018334394143,0.015581018334394143,0.015581018334394143,0.2730513354112231,0.015581018334394143,0.015581018334394143,0.015581018334394143,0.015581018334394143,0.015581018334394143
1747,family_green,medium,13.79199194790874,mixed,6.287275397548598,0.7398733660848161,0.7113007202118516,0.9126815610812342,True,Sagrada Familia,41.40515332349725,2.1713869952901583,,0.01569098480659808,0.01569098480659808,0.01569098480659808,0.21686561871353255,0.01569098480659808,0.01569098480659808,0.26667465153805486,0.01569098480659808,0.01569098480659808,0.01569098480659808,0.20847335524889982,0.16676751124013003,0.01569098480659808
1748,food_local_markets,low,5.7543795733414145,transit,9.687963491514124,0.5219402595596696,0.7652318979829894,0.43669970904663347,False,Les Corts,41.38216906358658,2.135156017124545,,0.015046588657119948,0.015046588657119948,0.015046588657119948,0.015046588657119948,0.16438262375184687,0.21642986602031025,0.015046588657119948,0.015046588657119948,0.25323229708434347,0.015046588657119948,0.015046588657119948,0.015046588657119948,0.23053591522941982
1749,museum_culture,medium,13.169736226390624,mixed,7.641477886735854,0.3906986018716927,0.3772032085860226,0.3007978058248783,True,Gotic,41.38892505500826,2.1707567446588496,,0.2667066886930083,0.015061660617828057,0.2141778483958516,0.015061660617828057,0.015061660617828057,0.015061660617828057,0.015061660617828057,0.015061660617828057,0.015061660617828057,0.015061660617828057,0.015061660617828057,0.1628505602376029,0.2207099571130847
1750,food_local_markets,high,41.749430379574015,mixed,6.185301940623257,0.6443477923207905,0.4237354658809573,0.34689440588001524,False,Vila de Gracia,41.3945249490137,2.1633500046804204,,0.01452629703052852,0.01452629703052852,0.01452629703052852,0.01452629703052852,0.16545647855942047,0.2603881886451368,0.01452629703052852,0.01452629703052852,0.253482619300573,0.01452629703052852,0.01452629703052852,0.01452629703052852,0.18993604022011312
1751,family_green,low,7.214590738226577,bike,4.547243849948275,0.8148269494498844,0.36694622993051207,0.9430082659292449,False,Vila de Gracia,41.40039308975928,2.1567226109268334,,0.015282742674778015,0.015282742674778015,0.015282742674778015,0.18519446821852908,0.015282742674778015,0.015282742674778015,0.2273553225932772,0.015282742674778015,0.015282742674778015,0.015282742674778015,0.18074342878413796,0.2691620963310536,0.015282742674778015
1752,food_local_markets,medium,17.428075598857088,mixed,4.717983209991234,0.5636027171722663,0.7194999224559555,0.5785612519507743,False,Les Corts,41.38774758041236,2.1294855576117726,,0.015528341499896223,0.015528341499896223,0.015528341499896223,0.015528341499896223,0.20778088410950066,0.2097491569509503,0.015528341499896223,0.015528341499896223,0.17020676901093637,0.015528341499896223,0.015528341499896223,0.015528341499896223,0.27250811642954664
1753,architecture_fans,medium,12.438609185570883,transit,11.684389582032109,0.6367639355108291,0.5184193320660365,0.09723888454081987,False,Gotic,41.38173158257574,2.1807807145601994,,0.1704531451154975,0.26503197656440886,0.17060216341451004,0.015887795102303336,0.015887795102303336,0.015887795102303336,0.015887795102303336,0.25092255898485355,0.015887795102303336,0.015887795102303336,0.015887795102303336,0.015887795102303336,0.015887795102303336
1754,architecture_fans,medium,22.365292604361205,walk,3.131939828148856,0.6082018544383546,0.2237750131227954,0.20381094434862823,False,La Barceloneta,41.379725030040944,2.1882668953299174,,0.16695952833919275,0.2726005222648348,0.19102122784208328,0.01541474221721392,0.01541474221721392,0.01541474221721392,0.01541474221721392,0.23068604159896394,0.01541474221721392,0.01541474221721392,0.01541474221721392,0.01541474221721392,0.01541474221721392
1755,architecture_fans,low,10.020793917377954,walk,1.8220550814779337,0.08386395558765077,0.6180745734259651,0.23508503783860502,False,Sagrada Familia,41.40918685467999,2.1720285155693815,,0.1810777641289993,0.24809762907860267,0.19186967740621474,0.015343143659624804,0.015343143659624804,0.015343143659624804,0.015343143659624804,0.2408666364495601,0.015343143659624804,0.015343143659624804,0.015343143659624804,0.015343143659624804,0.015343143659624804
1756,history_religion,medium,14.279984326290005,mixed,6.969036037543272,0.3585597633782157,0.7202390396024376,0.2202444430259002,False,Poblenou,41.40195046532668,2.206549672956917,,0.2738805946704383,0.2086811008204527,0.21504533939840223,0.015751291733868765,0.015751291733868765,0.015751291733868765,0.015751291733868765,0.015751291733868765,0.015751291733868765,0.015751291733868765,0.015751291733868765,0.015751291733868765,0.16063133950588793
1757,food_local_markets,medium,23.649133384621535,bike,3.7957438571207027,0.5276052341199402,0.6249854410444,0.3799885044489554,False,La Barceloneta,41.38443873121417,2.1949137452136855,,0.015973329414271445,0.015973329414271445,0.015973329414271445,0.015973329414271445,0.21312877474671788,0.27372609880061716,0.015973329414271445,0.015973329414271445,0.19117068323641434,0.015973329414271445,0.015973329414271445,0.015973329414271445,0.17821447848780758
1758,beach_nightlife,medium,18.522275867425357,walk,2.541336950066839,0.41173825528349106,0.44480354212557743,0.6453999557248751,False,Les Corts,41.38830847112123,2.1308337688982686,,0.01354137285026112,0.01354137285026112,0.01354137285026112,0.01354137285026112,0.01354137285026112,0.23658193991893997,0.21988075245687894,0.01354137285026112,0.21226448727997274,0.2094004646918583,0.01354137285026112,0.01354137285026112,0.01354137285026112
1759,architecture_fans,medium,15.603088548603134,transit,9.430673941377368,0.25994250329258833,0.28860363257798377,0.17163975604048445,False,Vila de Gracia,41.39995661520983,2.1555325082269228,,0.1834229775008477,0.27955794913145654,0.22364128690393936,0.01608261573281539,0.01608261573281539,0.01608261573281539,0.01608261573281539,0.16863424486841785,0.01608261573281539,0.01608261573281539,0.01608261573281539,0.01608261573281539,0.01608261573281539
1760,museum_culture,low,4.316225511569947,walk,2.832698209788701,0.4747537901863357,0.535158159658392,0.3606964822246326,False,Dreta Eixample,41.39494889090545,2.173744276575287,,0.2632034073971578,0.014996473218949759,0.2256765471558234,0.014996473218949759,0.014996473218949759,0.014996473218949759,0.014996473218949759,0.014996473218949759,0.014996473218949759,0.014996473218949759,0.014996473218949759,0.18363145285442684,0.1925203336220441
1761,architecture_fans,high,34.54866767061247,mixed,5.069458579215004,0.4442516708219532,0.4398775841675808,0.4887455008909981,False,Poblenou,41.38659451835818,2.1999305798956383,,0.26991301493202874,0.21729274397023107,0.1600913502078228,0.015823822894863452,0.015823822894863452,0.015823822894863452,0.015823822894863452,0.21028848483614637,0.015823822894863452,0.015823822894863452,0.015823822894863452,0.015823822894863452,0.015823822894863452
1762,museum_culture,low,6.610221101121573,transit,9.375132564632766,0.4680013807323963,0.46281017733406415,0.3958699550760392,False,Sagrada Familia,41.40196066826684,2.169846372135839,,0.21703647832639192,0.014856869842042706,0.23499506179383564,0.014856869842042706,0.014856869842042706,0.014856869842042706,0.014856869842042706,0.014856869842042706,0.014856869842042706,0.014856869842042706,0.014856869842042706,0.19138109480602994,0.22287553649535813
1763,history_religion,medium,24.106314504460034,transit,11.268832886190916,0.38944686768535036,0.2711896094766389,0.11551391294017571,False,Dreta Eixample,41.395200627887654,2.16174273202005,,0.16896260433756108,0.25800970709227455,0.25278938708512905,0.014379957857055174,0.014379957857055174,0.014379957857055174,0.014379957857055174,0.014379957857055174,0.014379957857055174,0.014379957857055174,0.014379957857055174,0.014379957857055174,0.19081868077153874
1764,food_local_markets,medium,29.734861102182226,walk,2.064877714459507,0.5884090201494954,0.5866849613979536,0.544429514077592,False,Vila de Gracia,41.39410226075986,2.1607465347449413,,0.017622984058098694,0.017622984058098694,0.017622984058098694,0.017622984058098694,0.19066334396121876,0.19026667064540234,0.017622984058098694,0.017622984058098694,0.24293033714903658,0.017622984058098694,0.017622984058098694,0.017622984058098694,0.217532791721454
1765,architecture_fans,low,4.353056194820283,transit,9.407284167099357,0.53807144999564,0.46764330913049534,0.6801684048384349,False,Dreta Eixample,41.38867705338574,2.1651822399562004,,0.24098154129185953,0.18345901134448223,0.2142058975111397,0.013714535102793945,0.013714535102793945,0.013714535102793945,0.013714535102793945,0.23792273392737312,0.013714535102793945,0.013714535102793945,0.013714535102793945,0.013714535102793945,0.013714535102793945
1766,museum_culture,medium,18.888238169177036,transit,9.261838810408092,0.6061282562438061,0.6206858107092201,0.4144191010194461,False,Gotic,41.37447399147418,2.178996861326199,,0.194277476006078,0.01309106904782651,0.2349112858861208,0.01309106904782651,0.01309106904782651,0.01309106904782651,0.01309106904782651,0.01309106904782651,0.01309106904782651,0.01309106904782651,0.01309106904782651,0.23403375367750237,0.21895786299986023
1767,architecture_fans,high,49.13228166389279,transit,11.641547843842211,0.621556363461599,0.4657767859985932,0.2987583770939514,False,Dreta Eixample,41.394257609915734,2.159293734462624,,0.20758230464112654,0.18684071613644745,0.17609834505456545,0.01734477914867705,0.01734477914867705,0.01734477914867705,0.01734477914867705,0.2733756218297671,0.01734477914867705,0.01734477914867705,0.01734477914867705,0.01734477914867705,0.01734477914867705
1768,food_local_markets,medium,17.11613462558552,bike,5.9954500379798,0.5586456651058661,0.4581088324253825,0.5935217892751208,False,Dreta Eixample,41.390332726164246,2.162667121089273,,0.014831083494924248,0.014831083494924248,0.014831083494924248,0.014831083494924248,0.17975492224920522,0.16777034357265455,0.014831083494924248,0.014831083494924248,0.25957957690834155,0.014831083494924248,0.014831083494924248,0.014831083494924248,0.2594154058154805
1769,beach_nightlife,low,3.723946100243308,transit,5.5651983647240915,0.2637621885520035,0.13988280576485318,0.5189070816381257,False,Montjuic,41.37631292447154,2.1531567256467783,,0.013671360282050932,0.013671360282050932,0.013671360282050932,0.013671360282050932,0.013671360282050932,0.18638706126733448,0.24241336607950448,0.013671360282050932,0.23692496834527368,0.21123236176942903,0.013671360282050932,0.013671360282050932,0.013671360282050932
1770,beach_nightlife,medium,22.622167715878344,walk,3.190923173274044,0.25853793997447333,0.9100702550582607,0.7454921759805881,False,Poblenou,41.39928498476085,2.206257885777308,,0.015298132026192651,0.015298132026192651,0.015298132026192651,0.015298132026192651,0.015298132026192651,0.20700596340378466,0.23682184719149876,0.015298132026192651,0.20310955943370945,0.21537944173527326,0.015298132026192651,0.015298132026192651,0.015298132026192651
1771,architecture_fans,high,24.468934668321545,walk,1.8657174300261363,0.3901598945506414,0.15182739360441644,0.32425671089686164,False,Vila de Gracia,41.3987152823559,2.155326444492299,,0.20230723664871375,0.21220427991051025,0.17690155000807273,0.01636912179404315,0.01636912179404315,0.01636912179404315,0.01636912179404315,0.261264837286315,0.01636912179404315,0.01636912179404315,0.01636912179404315,0.01636912179404315,0.01636912179404315
1772,museum_culture,medium,25.545247919532876,transit,8.307782633628673,0.43552771697687265,0.525665478544865,0.35677894475616345,False,Gotic,41.37636040738381,2.170003095110879,,0.2055466394641362,0.013836432097573364,0.23183623311969542,0.013836432097573364,0.013836432097573364,0.013836432097573364,0.013836432097573364,0.013836432097573364,0.013836432097573364,0.013836432097573364,0.013836432097573364,0.22582296264845508,0.21226627588955305
1773,architecture_fans,medium,13.29111481982017,walk,2.716674083973636,0.2069287399439534,0.33001421362064814,0.23347917278798247,False,Poblenou,41.40177153363473,2.202482642476199,,0.17192474593671325,0.278467957517709,0.22695622986406178,0.01622234046534036,0.01622234046534036,0.01622234046534036,0.01622234046534036,0.17665000249345272,0.01622234046534036,0.01622234046534036,0.01622234046534036,0.01622234046534036,0.01622234046534036
1774,architecture_fans,high,37.18748534543451,walk,1.6165227095670491,0.3106880770979976,0.261644160947953,0.355956388540772,False,El Raval,41.382704036871324,2.1716152136687352,,0.22411757243295763,0.24494672449362012,0.24611544156440066,0.014918808083361062,0.014918808083361062,0.014918808083361062,0.014918808083361062,0.15055098875877204,0.014918808083361062,0.014918808083361062,0.014918808083361062,0.014918808083361062,0.014918808083361062
1775,food_local_markets,low,4.108539816818727,mixed,7.650226625943131,0.7289846807167699,0.5816897868178071,0.14776155552850984,False,Vila de Gracia,41.397977739035824,2.156634093834096,,0.015320917962758307,0.015320917962758307,0.015320917962758307,0.015320917962758307,0.1872301232814695,0.24645041235524104,0.015320917962758307,0.015320917962758307,0.1815109776224053,0.015320917962758307,0.015320917962758307,0.015320917962758307,0.24692022507605943
1776,beach_nightlife,low,4.932540600859346,walk,3.499642131837131,0.3501166309629366,0.13898803134366494,0.9238744914183119,False,Vila de Gracia,41.40687469128107,2.150276882203158,,0.014592854852454255,0.014592854852454255,0.014592854852454255,0.014592854852454255,0.014592854852454255,0.22615664653501927,0.1977711719320725,0.014592854852454255,0.20473564726369836,0.2400008405971216,0.014592854852454255,0.014592854852454255,0.014592854852454255
1777,history_religion,medium,20.031847483464826,taxi,14.609215125856753,0.5733703576469368,0.3639875259079856,0.4398816611723091,False,Dreta Eixample,41.3975658233632,2.167641190699487,,0.2500855748691282,0.17613774194455337,0.18362973317368977,0.015313979458674035,0.015313979458674035,0.015313979458674035,0.015313979458674035,0.015313979458674035,0.015313979458674035,0.015313979458674035,0.015313979458674035,0.015313979458674035,0.25232113488456237
1778,museum_culture,low,7.707653317938456,transit,11.210330101433806,0.4216238268261849,0.8421305107695755,0.5974949356110782,False,Montjuic,41.36249033815665,2.1581725978966935,,0.23155786711247517,0.01435186160641574,0.238391729402658,0.01435186160641574,0.01435186160641574,0.01435186160641574,0.01435186160641574,0.01435186160641574,0.01435186160641574,0.01435186160641574,0.01435186160641574,0.24045079764130897,0.16043285138581628
1779,architecture_fans,low,6.433733438183748,walk,2.228235612784855,0.5307231632323697,0.13317148683933713,0.1487847746538253,False,El Raval,41.38257776422681,2.1727486094428947,,0.21879064293925182,0.21107610929010856,0.17268522710655332,0.014808668499482916,0.014808668499482916,0.014808668499482916,0.014808668499482916,0.26417000416874004,0.014808668499482916,0.014808668499482916,0.014808668499482916,0.014808668499482916,0.014808668499482916
1780,architecture_fans,medium,16.975196076371585,transit,6.6860398337864275,0.4872598572865371,0.6257625698364695,0.14024676429349747,False,Dreta Eixample,41.38556688061636,2.165175658768722,,0.2441945107236388,0.2226709918936669,0.24495152242654553,0.015128071610455771,0.015128071610455771,0.015128071610455771,0.015128071610455771,0.1520303304620468,0.015128071610455771,0.015128071610455771,0.015128071610455771,0.015128071610455771,0.015128071610455771
1781,museum_culture,high,53.174406581400554,mixed,4.105248379906653,0.5385176760243992,0.4412068860584808,0.27353603853574426,False,Gotic,41.3830864494993,2.1693029974038636,,0.25589093161615784,0.015665275290523844,0.19255033921971484,0.015665275290523844,0.015665275290523844,0.015665275290523844,0.015665275290523844,0.015665275290523844,0.015665275290523844,0.015665275290523844,0.015665275290523844,0.2168403726781414,0.19373087887127136
1782,beach_nightlife,low,4.098530303547294,transit,10.316148309579303,0.3404956650410367,0.23228840473371656,0.7945859422478868,False,Montjuic,41.36861715192132,2.157150589811238,,0.01568053112743906,0.01568053112743906,0.01568053112743906,0.01568053112743906,0.01568053112743906,0.22971323618413028,0.18114414935078896,0.01568053112743906,0.2101606943088639,0.23785714000926533,0.01568053112743906,0.01568053112743906,0.01568053112743906
1783,family_green,high,41.05933613053559,transit,9.456474767518197,0.6594705145477046,0.8841746248701821,0.8843457034070643,True,Gotic,41.38615071498521,2.1776966233701134,,0.017847538899722362,0.017847538899722362,0.017847538899722362,0.23660889181322725,0.017847538899722362,0.017847538899722362,0.2166000562764074,0.017847538899722362,0.017847538899722362,0.017847538899722362,0.20072010993790657,0.18544309187495753,0.017847538899722362
1784,history_religion,medium,20.01494150351966,transit,8.322933458671352,0.3480266188815884,0.5654575737840914,0.41054656673800594,False,Gotic,41.38808983425951,2.180065117948429,,0.2723979622152649,0.18572046208065082,0.1835554018912684,0.01613344709774962,0.01613344709774962,0.01613344709774962,0.01613344709774962,0.01613344709774962,0.01613344709774962,0.01613344709774962,0.01613344709774962,0.01613344709774962,0.2131251499330693
1785,architecture_fans,low,8.821522830745558,walk,2.5818191356795652,0.3879315231823465,0.19232841848081114,0.7272110054927304,False,Sagrada Familia,41.40128894414864,2.180438312046117,,0.2628595333501838,0.24386877331894477,0.1612639584843226,0.01485987450053945,0.01485987450053945,0.01485987450053945,0.01485987450053945,0.1982688643416938,0.01485987450053945,0.01485987450053945,0.01485987450053945,0.01485987450053945,0.01485987450053945
1786,beach_nightlife,low,6.763260043837334,bike,6.9807189269350705,0.39096237566716946,0.6006422774822746,0.8926545971910781,False,La Barceloneta,41.3753626734842,2.195678099079005,,0.01650747614289065,0.01650747614289065,0.01650747614289065,0.01650747614289065,0.01650747614289065,0.18193754497711442,0.1795878227498273,0.01650747614289065,0.2429828545007058,0.24692449248633666,0.01650747614289065,0.01650747614289065,0.01650747614289065
1787,food_local_markets,medium,13.758326534415733,bike,4.459433081740649,0.5446881739740639,0.6635184117090555,0.5382390177534847,True,Dreta Eixample,41.396843120022986,2.1631194734171735,,0.014050934700327101,0.014050934700327101,0.014050934700327101,0.014050934700327101,0.2371071908278227,0.2522619655428862,0.014050934700327101,0.014050934700327101,0.1615340799216553,0.014050934700327101,0.014050934700327101,0.014050934700327101,0.22263835140469185
1788,food_local_markets,medium,10.177489459943141,mixed,8.731397342173464,0.8076542148350946,0.5592704809531989,0.5554123832939254,False,El Raval,41.38297938706213,2.1655164742822985,,0.015698718703650368,0.015698718703650368,0.015698718703650368,0.015698718703650368,0.20535737264114887,0.18942168053581818,0.015698718703650368,0.015698718703650368,0.251276780945443,0.015698718703650368,0.015698718703650368,0.015698718703650368,0.21265569754473657
1789,architecture_fans,medium,15.855016853850602,transit,5.5324856778431615,0.5516885557906926,0.1513720206706168,0.5286755140969176,False,Vila de Gracia,41.397941265540865,2.155497082652697,,0.2319871860374448,0.21824434880123866,0.21742869364053488,0.012989865232277803,0.012989865232277803,0.012989865232277803,0.012989865232277803,0.2154309844302814,0.012989865232277803,0.012989865232277803,0.012989865232277803,0.012989865232277803,0.012989865232277803
1790,food_local_markets,medium,17.122185400191643,walk,2.299731824416897,0.2570863749257605,0.4865373415446346,0.5885657250400923,False,Montjuic,41.357558954193955,2.1602484955169388,,0.015865529954231215,0.015865529954231215,0.015865529954231215,0.015865529954231215,0.2580145020326764,0.1593088481781322,0.015865529954231215,0.015865529954231215,0.2264698897055071,0.015865529954231215,0.015865529954231215,0.015865529954231215,0.2134169904956034
1791,beach_nightlife,medium,23.69091047915448,mixed,6.844545248868524,0.5498507345430834,0.5132066111087041,0.7760640075457607,False,Gotic,41.383648898361116,2.1784496630080588,,0.015747533591404152,0.015747533591404152,0.015747533591404152,0.015747533591404152,0.015747533591404152,0.18676041858265696,0.27695526531753123,0.015747533591404152,0.23485809057435372,0.15969842320282074,0.015747533591404152,0.015747533591404152,0.015747533591404152
1792,architecture_fans,medium,15.025227428282664,transit,9.181191761524941,0.19296419847204263,0.22067324133526248,0.3045116920573012,False,Sagrada Familia,41.404039432166435,2.1815860400593445,,0.22984582353598693,0.23737775573874878,0.21880936944373733,0.016060827564528573,0.016060827564528573,0.016060827564528573,0.016060827564528573,0.16941960320076985,0.016060827564528573,0.016060827564528573,0.016060827564528573,0.016060827564528573,0.016060827564528573
1793,food_local_markets,medium,14.874466236660826,transit,8.242044854231672,0.3551399248719503,0.45517050515403473,0.6601566873369342,False,Sagrada Familia,41.40217827481891,2.1764856512998882,,0.014922321325977688,0.014922321325977688,0.014922321325977688,0.014922321325977688,0.21193177085459933,0.18892485527618266,0.014922321325977688,0.014922321325977688,0.21046364328803768,0.014922321325977688,0.014922321325977688,0.014922321325977688,0.25437883864738114
1794,museum_culture,medium,17.975108852692514,transit,6.533973694389826,0.8578921723697643,0.5399683183948852,0.47988727728357783,False,Gotic,41.381516933076604,2.1672923528520944,,0.19132036330723162,0.016178980242156075,0.2542801261226063,0.016178980242156075,0.016178980242156075,0.016178980242156075,0.016178980242156075,0.016178980242156075,0.016178980242156075,0.016178980242156075,0.016178980242156075,0.21565458436223625,0.1931341040285211
1795,family_green,low,6.601976041239843,bike,3.409815550605843,0.6768425348083241,0.7947966216911203,0.6460528341367872,True,El Raval,41.38338860124899,2.170562035326121,,0.016202156429673174,0.016202156429673174,0.016202156429673174,0.2814041261587104,0.016202156429673174,0.016202156429673174,0.2186592459819822,0.016202156429673174,0.016202156429673174,0.016202156429673174,0.16981593599417275,0.18430128399807605,0.016202156429673174
1796,museum_culture,medium,26.258018423941568,transit,11.346206140522833,0.41157829427607306,0.5219772385025317,0.3641503639769072,False,Montjuic,41.37319500933828,2.160172010575887,,0.22666801407781267,0.014075669805685247,0.24734950792969818,0.014075669805685247,0.014075669805685247,0.014075669805685247,0.014075669805685247,0.014075669805685247,0.014075669805685247,0.014075669805685247,0.014075669805685247,0.22220971666227243,0.1770917330790495
1797,family_green,medium,24.20186383018289,transit,11.162697306141235,0.7232212899178604,0.7980230705205793,0.8453564147605099,False,Dreta Eixample,41.39622846388844,2.169778819373138,,0.01619560444103361,0.01619560444103361,0.01619560444103361,0.1944772472224241,0.01619560444103361,0.01619560444103361,0.21051134971289093,0.01619560444103361,0.01619560444103361,0.01619560444103361,0.1870964801512658,0.26215448294411675,0.01619560444103361
1798,architecture_fans,medium,19.974537651328614,walk,1.829391498766035,0.5293180526459383,0.5027129600215975,0.4288569872110058,False,El Raval,41.38190880370518,2.171347893529485,,0.2362805915182865,0.23852334875729406,0.23762043287042375,0.014054840658936764,0.014054840658936764,0.014054840658936764,0.014054840658936764,0.16108206092356472,0.014054840658936764,0.014054840658936764,0.014054840658936764,0.014054840658936764,0.014054840658936764
1799,museum_culture,medium,11.506335173157028,transit,10.29168981328705,0.6652846625638853,0.6134907110691317,0.5409312970209117,False,Sagrada Familia,41.41148534465263,2.174262758648376,,0.2602056406827223,0.01663315692661068,0.1833554931394199,0.01663315692661068,0.01663315692661068,0.01663315692661068,0.01663315692661068,0.01663315692661068,0.01663315692661068,0.01663315692661068,0.01663315692661068,0.18328127258128707,0.22345918125707465
1800,food_local_markets,low,8.392081888989111,transit,7.550521851038864,0.5341412002456276,0.5816572961031719,0.531320645980703,False,Dreta Eixample,41.39063492464611,2.170638336839665,,0.014993891992465844,0.014993891992465844,0.014993891992465844,0.014993891992465844,0.23872533064528334,0.2321548174137903,0.014993891992465844,0.014993891992465844,0.2393345960083916,0.014993891992465844,0.014993891992465844,0.014993891992465844,0.1548402280003421
1801,museum_culture,high,47.79075613271637,mixed,3.9822343870995316,0.6328765463210533,0.6898798400000979,0.43738022459776604,False,Dreta Eixample,41.390786266806785,2.1629430959884783,,0.21950370325709104,0.014138034278369311,0.20581378532241373,0.014138034278369311,0.014138034278369311,0.014138034278369311,0.014138034278369311,0.014138034278369311,0.014138034278369311,0.014138034278369311,0.014138034278369311,0.23176794332327427,0.2156722595918972
1802,architecture_fans,medium,22.230714493194558,taxi,10.85628442033745,0.42738097327546976,0.5189738766559664,0.045447959523874246,False,El Raval,41.379268227795684,2.1711544401496967,,0.19558048925293509,0.23824360589504037,0.16070461383865717,0.015051828119038222,0.015051828119038222,0.015051828119038222,0.015051828119038222,0.27000483794202335,0.015051828119038222,0.015051828119038222,0.015051828119038222,0.015051828119038222,0.015051828119038222
1803,architecture_fans,medium,20.914297155445887,walk,2.211014426739212,0.17136019173489064,0.5378587740694704,0.15350887214262832,False,Dreta Eixample,41.389696153690586,2.166649820839689,,0.17087795069639392,0.22398592396544265,0.2573576435172479,0.016033768468554078,0.016033768468554078,0.016033768468554078,0.016033768468554078,0.20347456560392885,0.016033768468554078,0.016033768468554078,0.016033768468554078,0.016033768468554078,0.016033768468554078
1804,family_green,low,8.11193322839718,transit,6.8916139057016945,0.6634647854674985,0.5496675657769658,0.9931579330395042,False,Vila de Gracia,41.40064475858749,2.1606233659603142,,0.015819239967706268,0.015819239967706268,0.015819239967706268,0.26072775525779524,0.015819239967706268,0.015819239967706268,0.20558177532452357,0.015819239967706268,0.015819239967706268,0.015819239967706268,0.17498283047389324,0.21633447923443155,0.015819239967706268
1805,history_religion,low,6.153346238513847,transit,6.329536288481078,0.3593576305590787,0.3401725878538885,0.2248202717654275,False,Gotic,41.38437740308208,2.172861142927216,,0.19879674507372064,0.18357812594171324,0.224602176937392,0.016227163043801632,0.016227163043801632,0.016227163043801632,0.016227163043801632,0.016227163043801632,0.016227163043801632,0.016227163043801632,0.016227163043801632,0.016227163043801632,0.24697848465295938
1806,architecture_fans,medium,13.14961672216521,mixed,4.413643515087139,0.7339166046415048,0.6800957327970945,0.1517888880137896,True,Sagrada Familia,41.40335374674569,2.176856613570975,,0.20754546833631043,0.22185987863147774,0.20378332958158724,0.014415615824495666,0.014415615824495666,0.014415615824495666,0.014415615824495666,0.23707078103016357,0.014415615824495666,0.014415615824495666,0.014415615824495666,0.014415615824495666,0.014415615824495666
1807,museum_culture,low,7.5234950220139964,walk,1.5490250315474745,0.4397919243272807,0.642210842214142,0.48249496299887906,False,Vila de Gracia,41.40519310709925,2.1624530168326626,,0.22092152661654058,0.017477717034029238,0.2615606213193524,0.017477717034029238,0.017477717034029238,0.017477717034029238,0.017477717034029238,0.017477717034029238,0.017477717034029238,0.017477717034029238,0.017477717034029238,0.17850569399173213,0.18171270476611168
1808,food_local_markets,medium,21.09670189663116,walk,3.1548354759706236,0.6468431827570604,0.854635836987233,0.7646712762625054,False,Dreta Eixample,41.38406017867961,2.170634848441292,,0.016216053845985522,0.016216053845985522,0.016216053845985522,0.016216053845985522,0.17179803468030727,0.2475648762454277,0.016216053845985522,0.016216053845985522,0.24241887334099146,0.016216053845985522,0.016216053845985522,0.016216053845985522,0.19227373111940388
1809,beach_nightlife,medium,21.21694417081767,mixed,5.28799194139203,0.20524999564114021,0.3887116245347776,0.7962644684025599,False,Sagrada Familia,41.40002076344253,2.1711996910022546,,0.014066113291424782,0.014066113291424782,0.014066113291424782,0.014066113291424782,0.014066113291424782,0.17467129545397608,0.24861299530523912,0.014066113291424782,0.2510869043540577,0.19903378526390403,0.014066113291424782,0.014066113291424782,0.014066113291424782
1810,architecture_fans,high,55.0,mixed,7.6795897782691505,0.3913018366024236,0.36050349794493536,0.30678266456650566,False,Poblenou,41.40603041311336,2.2125877812129713,,0.2580634998198427,0.2177508418514991,0.18800769126469305,0.015550627053395995,0.015550627053395995,0.015550627053395995,0.015550627053395995,0.1962223235834011,0.015550627053395995,0.015550627053395995,0.015550627053395995,0.015550627053395995,0.015550627053395995
1811,food_local_markets,low,8.330497614634737,walk,1.8864174284702344,0.7934570227244808,0.8812053448607376,0.5363574250403835,False,La Barceloneta,41.375880576429736,2.1899575438619676,,0.01572924018727913,0.01572924018727913,0.01572924018727913,0.01572924018727913,0.21037154702917193,0.21383558901453775,0.01572924018727913,0.01572924018727913,0.19012846435981323,0.01572924018727913,0.01572924018727913,0.01572924018727913,0.2441012379109649
1812,architecture_fans,medium,23.910830408242056,transit,8.076000757167822,0.35443347506289424,0.16701659557121845,0.5846197982546082,False,Poblenou,41.397650059825935,2.2107295047183393,,0.24993348681177965,0.23915950131010277,0.21070555889891426,0.014258776360973445,0.014258776360973445,0.014258776360973445,0.014258776360973445,0.17187246573044226,0.014258776360973445,0.014258776360973445,0.014258776360973445,0.014258776360973445,0.014258776360973445
1813,history_religion,medium,23.95775287778956,taxi,13.280635865571476,0.7603789447284348,0.26714013138185344,0.4940709657542206,False,Gotic,41.38615485164507,2.1802074076383695,,0.196548271637669,0.23964645079027502,0.2387592514092673,0.014499310457245776,0.014499310457245776,0.014499310457245776,0.014499310457245776,0.014499310457245776,0.014499310457245776,0.014499310457245776,0.014499310457245776,0.014499310457245776,0.19455223204757666
1814,family_green,low,4.315227686312404,taxi,11.737245080228147,0.7753771591629901,0.7728349924786063,0.9403252222770131,True,Sagrada Familia,41.4050654218202,2.1635047568158776,,0.016592463903057013,0.016592463903057013,0.016592463903057013,0.24927358644655595,0.016592463903057013,0.016592463903057013,0.21655415587114457,0.016592463903057013,0.016592463903057013,0.016592463903057013,0.17454211154587623,0.21029797100891007,0.016592463903057013
1815,history_religion,low,7.385354216792199,walk,2.8365966157704774,0.5636389699720716,0.2890010889693755,0.34203434195964183,False,Dreta Eixample,41.40116673027151,2.16291007600347,,0.17368992037087022,0.24131133635959262,0.23787807184286072,0.013918745176793887,0.013918745176793887,0.013918745176793887,0.013918745176793887,0.013918745176793887,0.013918745176793887,0.013918745176793887,0.013918745176793887,0.013918745176793887,0.2218519648355315
1816,family_green,low,6.437171568506869,mixed,6.423251521559291,0.6347376971491491,0.7018965849548836,0.9074468079799063,False,Sagrada Familia,41.40801069525715,2.1766843781772387,,0.015637277813999154,0.015637277813999154,0.015637277813999154,0.23907239696127397,0.015637277813999154,0.015637277813999154,0.25327363686982807,0.015637277813999154,0.015637277813999154,0.015637277813999154,0.16256517483624627,0.20435329100665928,0.015637277813999154
1817,family_green,high,48.21848517529915,mixed,5.516875150709446,0.6591451036772102,0.762571359519262,0.9520779483883762,True,Gotic,41.38415085077267,2.179297828269476,,0.014239314597292788,0.014239314597292788,0.014239314597292788,0.17748123595416695,0.014239314597292788,0.014239314597292788,0.23209888138367937,0.014239314597292788,0.014239314597292788,0.014239314597292788,0.22759529868441272,0.2346707526021059,0.014239314597292788
1818,food_local_markets,medium,18.621505947338466,walk,3.0692826147464602,0.7201612542020294,0.7451171936612851,0.6876265819097863,False,Poblenou,41.403598188628116,2.205388826787331,,0.015011778387366665,0.015011778387366665,0.015011778387366665,0.015011778387366665,0.18697830689959044,0.208528120945716,0.015011778387366665,0.015011778387366665,0.22666633422075136,0.015011778387366665,0.015011778387366665,0.015011778387366665,0.2427212324476423
1819,history_religion,low,6.828664521898031,transit,10.335611004008408,0.4595519455293299,0.5938397426438448,0.30594808707914506,False,Gotic,41.387767678204874,2.1719999539402015,,0.23133466881916093,0.20323959111787201,0.2534862932495776,0.015119937846536263,0.015119937846536263,0.015119937846536263,0.015119937846536263,0.015119937846536263,0.015119937846536263,0.015119937846536263,0.015119937846536263,0.015119937846536263,0.17586000619456302
1820,architecture_fans,medium,21.12938947445342,transit,6.843970417765048,0.32132046701074385,0.3230322869332721,0.4075559357911907,False,La Barceloneta,41.37843281071707,2.197026379809629,,0.25830382526081996,0.1519054166246206,0.21953285189246374,0.014734871867049566,0.014734871867049566,0.014734871867049566,0.014734871867049566,0.23764405941864966,0.014734871867049566,0.014734871867049566,0.014734871867049566,0.014734871867049566,0.014734871867049566
1821,architecture_fans,high,41.84151591345652,transit,8.658045106993317,0.3184238165002327,0.3869106462976891,0.28527525622164884,False,Sagrada Familia,41.40166313193588,2.1689086913942996,,0.25459966418704755,0.23344536861149648,0.18836578246661811,0.014943080732586983,0.014943080732586983,0.014943080732586983,0.014943080732586983,0.18910145814155505,0.014943080732586983,0.014943080732586983,0.014943080732586983,0.014943080732586983,0.014943080732586983
1822,museum_culture,medium,10.371320303932155,mixed,2.8686176672368893,0.710254052469337,0.5935190385832824,0.2566600954100412,True,Poblenou,41.40293980376844,2.2031262564866343,,0.16851542038516906,0.015946567853154382,0.2698840021915282,0.015946567853154382,0.015946567853154382,0.015946567853154382,0.015946567853154382,0.015946567853154382,0.015946567853154382,0.015946567853154382,0.015946567853154382,0.19461706781833457,0.22346439892657877
1823,museum_culture,high,29.117406314997353,walk,1.9973632380113404,0.32097670903372855,0.30790846061487814,0.3103785514553459,False,Sagrada Familia,41.39946656264394,2.167729036260441,,0.1860662298473637,0.01723895598941968,0.247632281557149,0.01723895598941968,0.01723895598941968,0.01723895598941968,0.01723895598941968,0.01723895598941968,0.01723895598941968,0.01723895598941968,0.01723895598941968,0.2056930729971808,0.20545781169352942
1824,food_local_markets,medium,20.298064800412764,walk,1.5463226083584314,0.8251197229973782,0.5082135787220444,0.6963240614963306,True,Vila de Gracia,41.39883656418665,2.1584197845947104,,0.016462563152117346,0.016462563152117346,0.016462563152117346,0.016462563152117346,0.24097918804086646,0.18394204776892953,0.016462563152117346,0.016462563152117346,0.20947036581283213,0.016462563152117346,0.016462563152117346,0.016462563152117346,0.21744533000831576
1825,beach_nightlife,medium,17.380603226922897,walk,2.2609818753140476,0.29533906304757973,0.4200543329729126,0.8839351574290361,False,Dreta Eixample,41.38906786448746,2.166769964844392,,0.01593240599860476,0.01593240599860476,0.01593240599860476,0.01593240599860476,0.01593240599860476,0.17756130885541432,0.22413869128596653,0.01593240599860476,0.2738965718687301,0.18101177400244622,0.01593240599860476,0.01593240599860476,0.01593240599860476
1826,museum_culture,medium,9.094603014024479,walk,1.7324370205800355,0.5617626523720853,0.44526343916170313,0.27386033744932003,False,Dreta Eixample,41.38976756121903,2.162867438758631,,0.18667647301404375,0.013962189154784354,0.248970066068494,0.013962189154784354,0.013962189154784354,0.013962189154784354,0.013962189154784354,0.013962189154784354,0.013962189154784354,0.013962189154784354,0.013962189154784354,0.23319332816669386,0.20550043035770918
1827,food_local_markets,medium,22.41770068147728,walk,1.9622869159979448,0.7429908335660078,0.6932834704652765,0.7427418633595244,False,Poblenou,41.398336681906684,2.2056129978257992,,0.015306685047367085,0.015306685047367085,0.015306685047367085,0.015306685047367085,0.1862256353180168,0.2075546996414376,0.015306685047367085,0.015306685047367085,0.21826545275986522,0.015306685047367085,0.015306685047367085,0.015306685047367085,0.2501940468543766
1828,family_green,low,3.549146075363075,transit,6.881513200401503,0.5785660283695389,0.7094856342591143,0.8313749583944003,True,Sant Andreu,41.437562705284286,2.189050184952273,,0.013963405363122659,0.013963405363122659,0.013963405363122659,0.17888344477146603,0.013963405363122659,0.013963405363122659,0.2429576180614782,0.013963405363122659,0.013963405363122659,0.013963405363122659,0.2050557473141685,0.2474325415847834,0.013963405363122659
1829,history_religion,high,41.766710106762446,walk,2.494462196724384,0.2811852597474198,0.5463036896468472,0.3476045039205486,False,Poblenou,41.401128844036336,2.1989469932127244,,0.24530410452062598,0.1865686959433124,0.24219121138643745,0.01429211827256901,0.01429211827256901,0.01429211827256901,0.01429211827256901,0.01429211827256901,0.01429211827256901,0.01429211827256901,0.01429211827256901,0.01429211827256901,0.19730692369650304
1830,family_green,medium,27.03043290980508,bike,4.666619690348021,0.5671952774012182,0.4092116897337602,0.9852454986881818,True,Dreta Eixample,41.39193141296303,2.1655596902159333,,0.01938612496792138,0.01938612496792138,0.01938612496792138,0.1945028538571084,0.01938612496792138,0.01938612496792138,0.23011718995445163,0.01938612496792138,0.01938612496792138,0.01938612496792138,0.1943782070645446,0.20652662441260297,0.01938612496792138
1831,beach_nightlife,high,35.20932057159396,transit,9.28920491881001,0.15372744430263552,0.4911147915166259,0.385156633058535,False,Dreta Eixample,41.3958541803489,2.167866008041692,,0.014595768601329885,0.014595768601329885,0.014595768601329885,0.014595768601329885,0.014595768601329885,0.15438865250087666,0.25970388456374405,0.014595768601329885,0.2517899930118321,0.20275555251157826,0.014595768601329885,0.014595768601329885,0.014595768601329885
1832,museum_culture,medium,20.451756334924188,taxi,8.126090230034194,0.2791750195286261,0.6084108032855711,0.4592187181638424,False,Dreta Eixample,41.39238781413839,2.1722293172539007,,0.18990503906218598,0.016243817827807674,0.1856824277659748,0.016243817827807674,0.016243817827807674,0.016243817827807674,0.016243817827807674,0.016243817827807674,0.016243817827807674,0.016243817827807674,0.016243817827807674,0.2380181387265757,0.24020003399499443
1833,beach_nightlife,medium,22.11169511289221,mixed,3.09954989796427,0.19375299412353703,0.19011906995990793,0.7950218821680175,False,Sagrada Familia,41.39698469852949,2.1750777327032744,,0.015600480821623356,0.015600480821623356,0.015600480821623356,0.015600480821623356,0.015600480821623356,0.22873591361068552,0.18252159411483856,0.015600480821623356,0.21906362968254703,0.22927453519731875,0.015600480821623356,0.015600480821623356,0.015600480821623356
1834,family_green,medium,26.12871949406239,walk,1.5472110982052802,0.9245598402533586,0.6230478031197229,0.6854654119554664,True,El Raval,41.37952472982237,2.170979609935694,,0.014669051247510705,0.014669051247510705,0.014669051247510705,0.2606642979429502,0.014669051247510705,0.014669051247510705,0.20808934688677874,0.014669051247510705,0.014669051247510705,0.014669051247510705,0.22341794849679253,0.17580694544588218,0.014669051247510705
1835,architecture_fans,low,6.627929270554901,transit,6.460616191630113,0.523065594436065,0.2728373863343595,0.39680883660721034,False,Dreta Eixample,41.395183094874085,2.1604920821205593,,0.22057160803876102,0.22762650177590615,0.22011629514883138,0.013122369461469798,0.013122369461469798,0.013122369461469798,0.013122369461469798,0.21358426988327328,0.013122369461469798,0.013122369461469798,0.013122369461469798,0.013122369461469798,0.013122369461469798
1836,architecture_fans,medium,21.650647785289756,bike,6.678903439611182,0.3603329358770218,0.5618532054520825,0.335487981276769,False,Sagrada Familia,41.39637017410733,2.1734516389205143,,0.21178658013876211,0.20373804330677972,0.23273336644133183,0.015831827680704093,0.015831827680704093,0.015831827680704093,0.015831827680704093,0.20925556098678952,0.015831827680704093,0.015831827680704093,0.015831827680704093,0.015831827680704093,0.015831827680704093
1837,family_green,low,5.136775678420535,walk,1.5237462144514085,0.8852971470501315,0.7293541405641487,0.7709895336787866,True,El Raval,41.37793263692712,2.1732766603697735,,0.016045726322346902,0.016045726322346902,0.016045726322346902,0.19824755635948207,0.016045726322346902,0.016045726322346902,0.2595100852914439,0.016045726322346902,0.016045726322346902,0.016045726322346902,0.23064960075211755,0.1671812206958343,0.016045726322346902
1838,family_green,medium,15.146708723855294,transit,6.05337217583288,0.6714891658277375,0.5995956091458615,0.5649842944890623,True,Gotic,41.38680133371289,2.170763992322792,,0.015180206916991528,0.015180206916991528,0.015180206916991528,0.25959676465206677,0.015180206916991528,0.015180206916991528,0.20582387864318444,0.015180206916991528,0.015180206916991528,0.015180206916991528,0.2213560891863311,0.17660140526549392,0.015180206916991528
1839,food_local_markets,medium,15.813698669210934,walk,2.3284439739387044,0.6159615724437284,0.3851193767427776,0.6721102330078249,True,Dreta Eixample,41.38957930957233,2.1679194553797903,,0.014653305434078907,0.014653305434078907,0.014653305434078907,0.014653305434078907,0.2610648607435782,0.16106454869930487,0.014653305434078907,0.014653305434078907,0.18600715948882152,0.014653305434078907,0.014653305434078907,0.014653305434078907,0.25998368216158524
1840,architecture_fans,medium,19.19492983155185,walk,1.7154618262298897,0.21692399503002874,0.3060838874320382,0.08146322279793752,False,Dreta Eixample,41.3913996570176,2.1642610869455816,,0.2482715972698891,0.18596257072021743,0.21874222065228044,0.013959207173010045,0.013959207173010045,0.013959207173010045,0.013959207173010045,0.22139074680052262,0.013959207173010045,0.013959207173010045,0.013959207173010045,0.013959207173010045,0.013959207173010045
1841,food_local_markets,medium,14.286892607944013,mixed,7.779929110468608,0.5513189803332231,0.4327873765182422,0.535790644712827,False,Sagrada Familia,41.40873533628398,2.172540399072411,,0.013832093040209738,0.013832093040209738,0.013832093040209738,0.013832093040209738,0.1724524332585954,0.23855821941915928,0.013832093040209738,0.013832093040209738,0.2355648920761549,0.013832093040209738,0.013832093040209738,0.013832093040209738,0.2289356178842028
1842,architecture_fans,medium,15.652969579612972,walk,2.639260794089234,0.8473347349534794,0.4634152998903804,0.5001635998810834,False,Sagrada Familia,41.40589344249749,2.1693650762121246,,0.18544528554074488,0.2332490028906851,0.19720555407517693,0.015098811961158181,0.015098811961158181,0.015098811961158181,0.015098811961158181,0.24821084984296948,0.015098811961158181,0.015098811961158181,0.015098811961158181,0.015098811961158181,0.015098811961158181
1843,history_religion,high,35.65482497116326,walk,1.715935991253384,0.6734439334799581,0.5341690211453417,0.27470557750242425,False,Gotic,41.381339442458355,2.1722645996513883,,0.23576685283974022,0.224531491324916,0.18893621713573672,0.016906110315718842,0.016906110315718842,0.016906110315718842,0.016906110315718842,0.016906110315718842,0.016906110315718842,0.016906110315718842,0.016906110315718842,0.016906110315718842,0.19861044585813753
1844,architecture_fans,low,8.143720117512402,transit,9.295287057039678,0.5878685229656979,0.38915181695671147,0.6208256230029778,False,Dreta Eixample,41.388614004186614,2.1720242816244255,,0.23031829255603872,0.16024917303094027,0.21455267967670635,0.015002416057772723,0.015002416057772723,0.015002416057772723,0.015002416057772723,0.2598581102163601,0.015002416057772723,0.015002416057772723,0.015002416057772723,0.015002416057772723,0.015002416057772723
1845,food_local_markets,low,4.373452199022936,transit,9.289230903472495,0.730590712651692,0.5019844027578951,0.59551676639351,False,Sagrada Familia,41.39688922183923,2.1794679150808793,,0.013377462465203811,0.013377462465203811,0.013377462465203811,0.013377462465203811,0.23049626039849702,0.18057813810086812,0.013377462465203811,0.013377462465203811,0.23553230173785603,0.013377462465203811,0.013377462465203811,0.013377462465203811,0.23299613757594453
1846,architecture_fans,high,37.03417484496997,walk,2.7462892216117973,0.2664997239232504,0.42715074138958214,0.24290581298043745,False,La Barceloneta,41.38423570014533,2.1866310959146906,,0.23473523058856982,0.18531967950248446,0.17254823740744898,0.01611939485908213,0.01611939485908213,0.01611939485908213,0.01611939485908213,0.26232229876975754,0.01611939485908213,0.01611939485908213,0.01611939485908213,0.01611939485908213,0.01611939485908213
1847,museum_culture,medium,16.11433055670198,transit,10.491929768204358,0.5343326896405425,0.17225203050212592,0.18739436565435044,False,Sagrada Familia,41.4008516222932,2.1774689444982678,,0.25922132677416754,0.016853362820661,0.1859302712390989,0.016853362820661,0.016853362820661,0.016853362820661,0.016853362820661,0.016853362820661,0.016853362820661,0.016853362820661,0.016853362820661,0.1812837510520869,0.2218843855486977
1848,history_religion,low,3.861858824355451,transit,11.53944900933275,0.4638007035704549,0.5960507289599692,0.11032828419339341,False,Vila de Gracia,41.395742250274424,2.156154399090871,,0.24025265231813722,0.19777197914844916,0.20332364709885636,0.014618672861349994,0.014618672861349994,0.014618672861349994,0.014618672861349994,0.014618672861349994,0.014618672861349994,0.014618672861349994,0.014618672861349994,0.014618672861349994,0.22708366568240734
1849,food_local_markets,low,3.086514600876674,walk,2.1733104605524174,0.4157235537698538,0.8805405379315913,0.6789030112121835,False,El Raval,41.37973935293966,2.167507753573603,,0.014178453920300265,0.014178453920300265,0.014178453920300265,0.014178453920300265,0.24709369228657493,0.19514359961575514,0.014178453920300265,0.014178453920300265,0.18708075261120496,0.014178453920300265,0.014178453920300265,0.014178453920300265,0.24307587020376256
1850,museum_culture,low,4.817435204065415,transit,10.880913812161875,0.670390038572541,0.25580879503349907,0.8318552649867231,False,El Raval,41.38399940664951,2.173295693780372,,0.17785510835213025,0.01615289753058223,0.26810904275135106,0.01615289753058223,0.01615289753058223,0.01615289753058223,0.01615289753058223,0.01615289753058223,0.01615289753058223,0.01615289753058223,0.01615289753058223,0.23365324123357545,0.17500652988770327
1851,beach_nightlife,medium,16.09223224855982,mixed,8.347533083656524,0.2827684902720769,0.4170663587823537,0.7408699395989943,False,Dreta Eixample,41.38731205220801,2.166566131507657,,0.015243540976657418,0.015243540976657418,0.015243540976657418,0.015243540976657418,0.015243540976657418,0.24502850654951483,0.2646450190708725,0.015243540976657418,0.16366435003989543,0.18947025554980051,0.015243540976657418,0.015243540976657418,0.015243540976657418
1852,history_religion,low,4.246744766583601,transit,6.285126668696106,0.2363638289527957,0.5366239274108874,0.17450139885948704,True,Montjuic,41.37316512229783,2.1566163461629886,,0.24443316863860312,0.23471699413647923,0.21517084298683445,0.014030318825762498,0.014030318825762498,0.014030318825762498,0.014030318825762498,0.014030318825762498,0.014030318825762498,0.014030318825762498,0.014030318825762498,0.014030318825762498,0.17940612480622067
1853,food_local_markets,low,8.517171603532482,mixed,8.093020683631003,0.6105572464118445,0.3224985512883784,0.8850781452724091,False,Dreta Eixample,41.387425102925754,2.163926226068842,,0.01520779627619467,0.01520779627619467,0.01520779627619467,0.01520779627619467,0.2652910629561062,0.15908247027602113,0.01520779627619467,0.01520779627619467,0.24424290639818408,0.01520779627619467,0.01520779627619467,0.01520779627619467,0.1945133938839366
1854,museum_culture,low,10.13711626807174,walk,3.2373635115200856,0.6385726496274912,0.6407188277428914,0.23074534259031537,False,Dreta Eixample,41.39600508098029,2.1631637260372942,,0.16272134794405888,0.015821899637457837,0.1660931800772147,0.015821899637457837,0.015821899637457837,0.015821899637457837,0.015821899637457837,0.015821899637457837,0.015821899637457837,0.015821899637457837,0.015821899637457837,0.26615806996608493,0.262630305275521
1855,family_green,high,30.505900517403692,transit,11.38146257816511,0.8862446955300557,0.741850676526526,0.8323453289721205,False,El Raval,41.37881348502425,2.1647049512871037,,0.017262667366407712,0.017262667366407712,0.017262667366407712,0.20121461267181784,0.017262667366407712,0.017262667366407712,0.24051824641152603,0.017262667366407712,0.017262667366407712,0.017262667366407712,0.19004697000517776,0.21285616461380902,0.017262667366407712
1856,family_green,low,6.549127087984125,bike,6.059635574959674,0.8024629931300336,0.7982108376570866,0.8653990337200536,True,Gotic,41.38725251651404,2.1779836999179647,,0.015551229681537217,0.015551229681537217,0.015551229681537217,0.2328523297341132,0.015551229681537217,0.015551229681537217,0.2188850762816343,0.015551229681537217,0.015551229681537217,0.015551229681537217,0.23673276851463146,0.1715687583357861,0.015551229681537217
1857,family_green,low,7.983262015999678,transit,7.321541593681226,0.7964511817997524,0.7512453592123608,0.6248681836496911,False,Dreta Eixample,41.39739007127275,2.1639453342089405,,0.015396165799437471,0.015396165799437471,0.015396165799437471,0.16651847186537433,0.015396165799437471,0.015396165799437471,0.2439119331472164,0.015396165799437471,0.015396165799437471,0.015396165799437471,0.18464067932040787,0.2663634234720642,0.015396165799437471
1858,family_green,high,40.61898036392578,mixed,4.633899003394922,0.7654716809095046,0.746145849472028,0.44761095426035724,True,La Barceloneta,41.38180819187557,2.1917317024007184,,0.013764186708023478,0.013764186708023478,0.013764186708023478,0.23287334208991095,0.013764186708023478,0.013764186708023478,0.2388517086725962,0.013764186708023478,0.013764186708023478,0.013764186708023478,0.15834258513356078,0.2460546837317207,0.013764186708023478
1859,family_green,high,33.70229442245891,walk,1.1012042458502809,0.6449698466513043,0.706652352489728,0.9525198451408331,True,El Raval,41.378158979694156,2.1682424427777662,,0.01600114359635783,0.01600114359635783,0.01600114359635783,0.26278434572265763,0.01600114359635783,0.01600114359635783,0.16688651542348668,0.01600114359635783,0.01600114359635783,0.01600114359635783,0.17077344108645146,0.25554540540018383,0.01600114359635783
1860,food_local_markets,medium,25.389390697365577,bike,5.730667811433181,0.46935884935698335,0.5030439916112759,0.25420739512522944,True,Vila de Gracia,41.402739779866515,2.1554901860923947,,0.015915102035484272,0.015915102035484272,0.015915102035484272,0.015915102035484272,0.2715225673947235,0.19076357257930465,0.015915102035484272,0.015915102035484272,0.18480120365879205,0.015915102035484272,0.015915102035484272,0.015915102035484272,0.20967673804782141
1861,history_religion,medium,23.9147209742654,transit,7.086644755028861,0.10073891072997304,0.3303880703595105,0.1886757490887287,False,Poblenou,41.398751967027025,2.2066890777118005,,0.24320249310618142,0.25800124503560595,0.15106397554435186,0.014694330719593085,0.014694330719593085,0.014694330719593085,0.014694330719593085,0.014694330719593085,0.014694330719593085,0.014694330719593085,0.014694330719593085,0.014694330719593085,0.21548330983752295
1862,architecture_fans,high,32.77779551623592,transit,11.719098813505827,0.5975882030318533,0.18108229327167688,0.5942139941503264,False,Dreta Eixample,41.39298732624411,2.165111337796389,,0.1972173648896201,0.19408215626392913,0.25897709136781083,0.017747957239999813,0.017747957239999813,0.017747957239999813,0.017747957239999813,0.18999177231864162,0.017747957239999813,0.017747957239999813,0.017747957239999813,0.017747957239999813,0.017747957239999813
1863,beach_nightlife,medium,20.155279665292323,transit,10.196625455034948,0.30679819109089174,0.18419181198092507,0.6087747444187314,False,La Barceloneta,41.38150651847299,2.187884954488937,,0.013211178984124975,0.013211178984124975,0.013211178984124975,0.013211178984124975,0.013211178984124975,0.23693767949974268,0.19683531976225074,0.013211178984124975,0.22711968228547508,0.2202067075954067,0.013211178984124975,0.013211178984124975,0.013211178984124975
1864,architecture_fans,medium,13.491255227228569,transit,9.517412107689937,0.3347046786405909,0.36747054368536103,0.4017388260832677,False,Vila de Gracia,41.39929931764715,2.1536944280794397,,0.18906832033631815,0.2166970750645684,0.19946665996908658,0.014635153264126214,0.014635153264126214,0.014635153264126214,0.014635153264126214,0.2630515652528909,0.014635153264126214,0.014635153264126214,0.014635153264126214,0.014635153264126214,0.014635153264126214
1865,family_green,low,10.705706527020299,walk,1.8401696055823447,0.9404059126669255,0.7460050185538566,0.8961655477901589,True,Les Corts,41.38572010645162,2.136029303656716,,0.016936199226097997,0.016936199226097997,0.016936199226097997,0.18799688874726614,0.016936199226097997,0.016936199226097997,0.25375363671929724,0.016936199226097997,0.016936199226097997,0.016936199226097997,0.20027702429944272,0.2055466571991119,0.016936199226097997
1866,family_green,medium,9.445008349321492,bike,5.262304436710512,0.7867447522356629,0.6473708102986747,0.7663420975200941,True,Vila de Gracia,41.402086403430715,2.1544243520183612,,0.014536497159826463,0.014536497159826463,0.014536497159826463,0.2556113897004833,0.014536497159826463,0.014536497159826463,0.20008051957873044,0.014536497159826463,0.014536497159826463,0.014536497159826463,0.24626280704806602,0.16721680923428203,0.014536497159826463
1867,family_green,medium,22.65032379609277,transit,7.675553227587643,0.5483846957504767,0.5743600238650878,0.9090514516374247,True,Sarria,41.40352586160987,2.1150836082838325,,0.016450646651026104,0.016450646651026104,0.016450646651026104,0.2235724330583507,0.016450646651026104,0.016450646651026104,0.2752055099210573,0.016450646651026104,0.016450646651026104,0.016450646651026104,0.17690569831476058,0.17626053884659654,0.016450646651026104
1868,museum_culture,medium,18.675764608248183,transit,8.504302423287644,0.49524696950639285,0.4601756791378415,0.700789675102512,False,Vila de Gracia,41.40580521956362,2.161278189061989,,0.1814858935333788,0.01568200967771978,0.19660830073531177,0.01568200967771978,0.01568200967771978,0.01568200967771978,0.01568200967771978,0.01568200967771978,0.01568200967771978,0.01568200967771978,0.01568200967771978,0.21533303157477932,0.26543468705705214
1869,history_religion,low,5.252091558168572,transit,10.802815503998751,0.40799138963926473,0.5453579870165569,0.2952578329525996,False,El Raval,41.379029998590596,2.1655727666852553,,0.2298564749683631,0.21008347236780991,0.23027206111137205,0.015978652571748086,0.015978652571748086,0.015978652571748086,0.015978652571748086,0.015978652571748086,0.015978652571748086,0.015978652571748086,0.015978652571748086,0.015978652571748086,0.18598011840672213
1870,architecture_fans,high,24.809951852282136,walk,2.9285445488126483,0.3319059734508491,0.6707686576414026,0.15010574192799112,False,Sagrada Familia,41.406051236045066,2.1661080192679707,,0.16495987207945184,0.23984253473297637,0.21009513709545607,0.01613937281133038,0.01613937281133038,0.01613937281133038,0.01613937281133038,0.23984810079014235,0.01613937281133038,0.01613937281133038,0.01613937281133038,0.01613937281133038,0.01613937281133038
1871,history_religion,low,6.406709881844411,transit,10.435688318662958,0.3489631229536414,0.5986603206638987,0.28653595077937155,False,Poblenou,41.397548335688015,2.2112486703448924,,0.2468001522529647,0.26456547279710646,0.18500584882832924,0.014864225776658363,0.014864225776658363,0.014864225776658363,0.014864225776658363,0.014864225776658363,0.014864225776658363,0.014864225776658363,0.014864225776658363,0.014864225776658363,0.16985049413167433
1872,food_local_markets,low,7.883055706812648,transit,11.815300891959318,0.882988584010249,0.5906938269804977,0.6904658885967951,False,Dreta Eixample,41.38838939509861,2.1618470093333544,,0.015569799443883491,0.015569799443883491,0.015569799443883491,0.015569799443883491,0.24150390571368321,0.15868185404484703,0.015569799443883491,0.015569799443883491,0.25411288326483517,0.015569799443883491,0.015569799443883491,0.015569799443883491,0.20557316198168324
1873,food_local_markets,medium,21.31289002584966,bike,4.924803515735326,0.4589289112102466,0.8581892232067132,0.5143443687672616,False,Vila de Gracia,41.39538408565218,2.1579854970016816,,0.017115360560808736,0.017115360560808736,0.017115360560808736,0.017115360560808736,0.22332455865127857,0.19320603839171924,0.017115360560808736,0.017115360560808736,0.22645107651852922,0.017115360560808736,0.017115360560808736,0.017115360560808736,0.2029800813911943
1874,history_religion,high,28.321251625979922,walk,2.952674167898409,0.3682403644812278,0.2777907309856439,0.36157853338633156,False,Sagrada Familia,41.407464573845594,2.169964999867735,,0.20136149095877184,0.2566149912392253,0.1647835645566579,0.014430315978998853,0.014430315978998853,0.014430315978998853,0.014430315978998853,0.014430315978998853,0.014430315978998853,0.014430315978998853,0.014430315978998853,0.014430315978998853,0.24736710943435525
1875,food_local_markets,medium,21.53020913010031,bike,4.439381187850901,0.7444840042866528,0.7392013699798542,0.4426983045705984,False,El Raval,41.382614567404026,2.16363084070065,,0.014910555637128458,0.014910555637128458,0.014910555637128458,0.014910555637128458,0.1945245301615603,0.24008236764099364,0.014910555637128458,0.014910555637128458,0.18794303269649515,0.014910555637128458,0.014910555637128458,0.014910555637128458,0.24325506876679476
1876,architecture_fans,medium,7.4764917648290625,walk,3.054362818046129,0.5897742559094258,0.40906960084890576,0.33771161654835835,False,Vila de Gracia,41.396121440051765,2.155482230865899,,0.1829404058924998,0.2543911516623178,0.17612582216534153,0.014330208843490655,0.014330208843490655,0.014330208843490655,0.014330208843490655,0.257570740688425,0.014330208843490655,0.014330208843490655,0.014330208843490655,0.014330208843490655,0.014330208843490655
1877,architecture_fans,medium,16.84043307595561,taxi,10.38479588050295,0.2754445592867578,0.44042951350009946,0.30222184071414865,False,Dreta Eixample,41.39612274388124,2.164480494208782,,0.2601154941870303,0.231176377583975,0.20859993707679653,0.015324511952586,0.015324511952586,0.015324511952586,0.015324511952586,0.16218758357892427,0.015324511952586,0.015324511952586,0.015324511952586,0.015324511952586,0.015324511952586
1878,family_green,low,6.650715354408246,walk,1.182657187363885,0.8072438453002835,0.7985017216290123,0.6570416714954757,True,El Raval,41.37328596711974,2.171221896618044,,0.01574194070187634,0.01574194070187634,0.01574194070187634,0.2309475310652602,0.01574194070187634,0.01574194070187634,0.240900313006003,0.01574194070187634,0.01574194070187634,0.01574194070187634,0.20168021429702848,0.18479447531482127,0.01574194070187634
1879,history_religion,medium,11.663319606202279,transit,10.483439559982541,0.39277678021358037,0.5159500089942806,0.517408597618996,False,La Barceloneta,41.378182667422934,2.1888858316268753,,0.22999240467784177,0.21573199488266287,0.20723517799103633,0.013138104763232855,0.013138104763232855,0.013138104763232855,0.013138104763232855,0.013138104763232855,0.013138104763232855,0.013138104763232855,0.013138104763232855,0.013138104763232855,0.22879747957936336
1880,family_green,medium,14.396472803133637,mixed,3.083790429177833,0.7799979515060489,0.5771117045533358,0.7586539567865694,True,Dreta Eixample,41.39120800259945,2.1621282272158857,,0.015870514429588093,0.015870514429588093,0.015870514429588093,0.2274067161350993,0.015870514429588093,0.015870514429588093,0.20799413356901655,0.015870514429588093,0.015870514429588093,0.015870514429588093,0.16772607980827425,0.25403844062131714,0.015870514429588093
1881,family_green,medium,18.262671841274532,mixed,4.983800073261072,0.4638870232986081,0.7944380259792516,0.8138145878740272,True,Gotic,41.38465201723512,2.1703586748429538,,0.01647244715710655,0.01647244715710655,0.01647244715710655,0.28494545600489957,0.01647244715710655,0.01647244715710655,0.1901279198011123,0.01647244715710655,0.01647244715710655,0.01647244715710655,0.20364789950502948,0.17302670027499972,0.01647244715710655
1882,family_green,high,45.3439379201316,transit,4.89557376140661,0.7940239073500771,0.5128069259474339,0.8938321077230794,True,Les Corts,41.38141965066091,2.128325132735153,,0.01539759996203826,0.01539759996203826,0.01539759996203826,0.2172127349692122,0.01539759996203826,0.01539759996203826,0.21853025112512184,0.01539759996203826,0.01539759996203826,0.01539759996203826,0.16612110887216003,0.2595575053751616,0.01539759996203826
1883,history_religion,medium,26.438008885757164,mixed,3.725539371048516,0.7587279138353333,0.5194771689578768,0.3839464137593185,False,Montjuic,41.37230646846884,2.1534099524794694,,0.2316345074670687,0.22257254860259792,0.17156688736536213,0.014710078523212483,0.014710078523212483,0.014710078523212483,0.014710078523212483,0.014710078523212483,0.014710078523212483,0.014710078523212483,0.014710078523212483,0.014710078523212483,0.24183534985605884
1884,food_local_markets,low,7.804042892485675,transit,7.59720003842848,0.6626559673075103,0.9176144536634672,0.4996153472658872,True,Gotic,41.38026099787103,2.1758571729964697,,0.014218859373777594,0.014218859373777594,0.014218859373777594,0.014218859373777594,0.22684584393637264,0.208397706341802,0.014218859373777594,0.014218859373777594,0.21911332046366136,0.014218859373777594,0.014218859373777594,0.014218859373777594,0.21767339489416565
1885,architecture_fans,medium,10.04536070139373,transit,7.1296429480747685,0.3064230356075438,0.38671693365558535,0.33259760440667585,False,Gotic,41.38127123957631,2.174938139443784,,0.18134341585100502,0.2307536777319541,0.2244367014589119,0.01614512604845316,0.01614512604845316,0.01614512604845316,0.01614512604845316,0.21816007052205053,0.01614512604845316,0.01614512604845316,0.01614512604845316,0.01614512604845316,0.01614512604845316
1886,history_religion,medium,15.84766235416714,walk,2.2858635095515383,0.6145621503992917,0.2397404831262749,0.3126759492342655,False,Dreta Eixample,41.39178085700551,2.1666417212612483,,0.18001268910262272,0.1612428417566452,0.23890173885915064,0.01557847551420106,0.01557847551420106,0.01557847551420106,0.01557847551420106,0.01557847551420106,0.01557847551420106,0.01557847551420106,0.01557847551420106,0.01557847551420106,0.27963645065377185
1887,food_local_markets,low,8.0165739171564,walk,3.407354873834155,0.7028162856609154,0.7979451585317396,0.5997822556820515,False,Gotic,41.38833330587949,2.175493783266375,,0.015570811694697097,0.015570811694697097,0.015570811694697097,0.015570811694697097,0.23062954676580275,0.24713102449503885,0.015570811694697097,0.015570811694697097,0.20939513494513667,0.015570811694697097,0.015570811694697097,0.015570811694697097,0.17270698854174785
1888,museum_culture,low,6.436335989057438,transit,6.651339092463094,0.476661612894059,0.7873335572360859,0.2474384201337453,False,Sant Andreu,41.43490971589939,2.198093863492025,,0.19007366829908903,0.018664706100808566,0.1936728824280901,0.018664706100808566,0.018664706100808566,0.018664706100808566,0.018664706100808566,0.018664706100808566,0.018664706100808566,0.018664706100808566,0.018664706100808566,0.2469927081692094,0.20127838619633437
1889,architecture_fans,low,10.364995799542735,transit,11.53275777039163,0.22377903146916764,0.2871313509646811,0.41048243494141956,False,Dreta Eixample,41.3945893863718,2.1580848288507446,,0.1942311958750802,0.18221724998539957,0.21940437891794404,0.01664894614237922,0.01664894614237922,0.01664894614237922,0.01664894614237922,0.2543066599401632,0.01664894614237922,0.01664894614237922,0.01664894614237922,0.01664894614237922,0.01664894614237922
1890,architecture_fans,high,36.66524409110447,transit,9.299689748203228,0.14925491612206035,0.23756032588355758,0.5033977477977338,False,Gotic,41.386765549675374,2.175209663387913,,0.2236868115490971,0.20606393146134513,0.25226064373909685,0.0154071327486759,0.0154071327486759,0.0154071327486759,0.0154071327486759,0.1793244185123779,0.0154071327486759,0.0154071327486759,0.0154071327486759,0.0154071327486759,0.0154071327486759
1891,food_local_markets,medium,10.549457370178992,walk,2.418407668931077,0.3668315545501533,0.7861733100531261,0.5239298283847577,True,Poblenou,41.40336638611855,2.206600718847508,,0.01597773890535093,0.01597773890535093,0.01597773890535093,0.01597773890535093,0.2669001787815918,0.23760181129801744,0.01597773890535093,0.01597773890535093,0.1892935427564176,0.01597773890535093,0.01597773890535093,0.01597773890535093,0.16240481701581472
1892,family_green,medium,14.44511840521292,transit,8.693531424057452,0.9381893142083122,0.7747054878390804,0.6838555726862825,True,Dreta Eixample,41.38799550691933,2.16419831678113,,0.015989360127333783,0.015989360127333783,0.015989360127333783,0.23604615841752205,0.015989360127333783,0.015989360127333783,0.18162934595373645,0.015989360127333783,0.015989360127333783,0.015989360127333783,0.21492752316609548,0.22349273131664196,0.015989360127333783
1893,history_religion,medium,24.49063566576935,mixed,7.9556993923437185,0.5149107834913966,0.6033007136454034,0.4804706355010285,False,Vila de Gracia,41.400171077707945,2.153694587718651,,0.21085099115512326,0.1912925576189431,0.20324667998096071,0.0162927733973358,0.0162927733973358,0.0162927733973358,0.0162927733973358,0.0162927733973358,0.0162927733973358,0.0162927733973358,0.0162927733973358,0.0162927733973358,0.24797481066895077
1894,history_religion,medium,23.325434606830665,walk,1.944803699089171,0.6876505257834821,0.3957476121184397,0.21355729951254732,False,Montjuic,41.37537900942769,2.14721087663002,,0.1884730380830975,0.25160457058968294,0.21344340111237206,0.017013674737926456,0.017013674737926456,0.017013674737926456,0.017013674737926456,0.017013674737926456,0.017013674737926456,0.017013674737926456,0.017013674737926456,0.017013674737926456,0.19335591757350934
1895,architecture_fans,medium,8.999197474515729,transit,6.708753795484385,0.34588899862446887,0.2044943844044487,0.7451172692244031,False,La Barceloneta,41.37739123355601,2.18469998461335,,0.19892495651712946,0.16508641980986488,0.2604942727144805,0.016103009427549893,0.016103009427549893,0.016103009427549893,0.016103009427549893,0.23056726611057615,0.016103009427549893,0.016103009427549893,0.016103009427549893,0.016103009427549893,0.016103009427549893
1896,museum_culture,high,42.733233954839235,transit,10.147399208441563,0.6489206135101248,0.27404513841837835,0.10643864761517398,False,El Raval,41.38420300591455,2.1686806016060283,,0.20564754649865002,0.016085268854729384,0.1671632699900668,0.016085268854729384,0.016085268854729384,0.016085268854729384,0.016085268854729384,0.016085268854729384,0.016085268854729384,0.016085268854729384,0.016085268854729384,0.25002757888991384,0.23239418492880481
1897,museum_culture,medium,19.113033767686503,transit,5.496450331872176,0.7127695409906941,0.8329291293731994,0.485750163804692,False,Dreta Eixample,41.39148839092144,2.172903035612922,,0.2330401603797692,0.015575740741340618,0.1855243738361087,0.015575740741340618,0.015575740741340618,0.015575740741340618,0.015575740741340618,0.015575740741340618,0.015575740741340618,0.015575740741340618,0.015575740741340618,0.20119551825929785,0.24005828085275863
1898,history_religion,medium,15.926557759251711,transit,10.67673041497704,0.5827318915147606,0.3694172292473368,0.11825226286187884,False,Dreta Eixample,41.38991706446239,2.1637625884170433,,0.2107714701620458,0.18601333647624796,0.2555891019987222,0.016444460251636376,0.016444460251636376,0.016444460251636376,0.016444460251636376,0.016444460251636376,0.016444460251636376,0.016444460251636376,0.016444460251636376,0.016444460251636376,0.19962594909825668
1899,architecture_fans,medium,30.38481138807626,mixed,7.931800248248212,0.559211310300793,0.24601427440537374,0.5778827181356703,False,La Barceloneta,41.38767560142168,2.189410629321881,,0.24310417617763214,0.22139399991703834,0.1994009418208808,0.015663468974127962,0.015663468974127962,0.015663468974127962,0.015663468974127962,0.1951296613172971,0.015663468974127962,0.015663468974127962,0.015663468974127962,0.015663468974127962,0.015663468974127962
1900,family_green,high,52.63188975573408,transit,6.285997833032139,0.8402503391107228,0.7884180345645526,0.988723776228572,True,Dreta Eixample,41.398374307086996,2.1611047022401046,,0.014029350197893352,0.014029350197893352,0.014029350197893352,0.22971737945293474,0.014029350197893352,0.014029350197893352,0.23514780272041663,0.014029350197893352,0.014029350197893352,0.014029350197893352,0.15993026221044393,0.24894040383516458,0.014029350197893352
1901,architecture_fans,medium,20.93272552905887,taxi,12.779255553941333,0.2060347934646928,0.4846869394335956,0.4026574095136606,False,Montjuic,41.37730874376486,2.157738745005419,,0.2548278198725208,0.21138134521636756,0.18338907224355921,0.016288756921639183,0.016288756921639183,0.016288756921639183,0.016288756921639183,0.20380295037279975,0.016288756921639183,0.016288756921639183,0.016288756921639183,0.016288756921639183,0.016288756921639183
1902,history_religion,low,4.792652128376222,mixed,8.936005541645079,0.4627585595313131,0.8098593885096613,0.15964028541145775,False,Poblenou,41.40515130253636,2.201923614554443,,0.2167300090745722,0.24978928988410945,0.23364571755924543,0.015415600255340375,0.015415600255340375,0.015415600255340375,0.015415600255340375,0.015415600255340375,0.015415600255340375,0.015415600255340375,0.015415600255340375,0.015415600255340375,0.16109458118400957
1903,architecture_fans,medium,26.067273200729836,walk,1.250327463089672,0.2803129219407176,0.16103736666753612,0.1081174586585411,False,Dreta Eixample,41.388431756292725,2.169928698977673,,0.17330075211227028,0.23740938750916862,0.24747230267912876,0.0156293347047215,0.0156293347047215,0.0156293347047215,0.0156293347047215,0.20115354535693875,0.0156293347047215,0.0156293347047215,0.0156293347047215,0.0156293347047215,0.0156293347047215
1904,family_green,medium,18.963925304561403,bike,6.210114911749594,0.6157368909923739,0.5097085508670798,0.6281790110761042,True,Sagrada Familia,41.407944619870726,2.1758981466129814,,0.014604215458567887,0.014604215458567887,0.014604215458567887,0.22962596815699218,0.014604215458567887,0.014604215458567887,0.220462523236004,0.014604215458567887,0.014604215458567887,0.014604215458567887,0.21358237120035645,0.2048911982795364,0.014604215458567887
1905,museum_culture,medium,12.898709351806772,transit,8.26754892125551,0.3753982826059694,0.5644272816415574,0.17498739978349734,False,La Barceloneta,41.37971391649586,2.1868727784627247,,0.189382479073483,0.015399472475197531,0.19422707269345346,0.015399472475197531,0.015399472475197531,0.015399472475197531,0.015399472475197531,0.015399472475197531,0.015399472475197531,0.015399472475197531,0.015399472475197531,0.22269134807538954,0.2551038478808963
1906,history_religion,medium,27.648225777073723,bike,4.845219907587076,0.28651033277108473,0.7302395924425903,0.34994314471445864,False,Poblenou,41.397473795174285,2.2058505910657984,,0.21501404132794702,0.22274591756058237,0.23808057422599527,0.015838865192733236,0.015838865192733236,0.015838865192733236,0.015838865192733236,0.015838865192733236,0.015838865192733236,0.015838865192733236,0.015838865192733236,0.015838865192733236,0.18160968015087622
1907,museum_culture,medium,18.60883849475737,bike,5.3717238561571,0.2438733954328342,0.2962945112905839,0.7227247122246574,False,Dreta Eixample,41.395731608272136,2.160899726375912,,0.23237859147820394,0.015670966826486426,0.1880407817669634,0.015670966826486426,0.015670966826486426,0.015670966826486426,0.015670966826486426,0.015670966826486426,0.015670966826486426,0.015670966826486426,0.015670966826486426,0.2728813727999726,0.16566055251648226
1908,history_religion,high,35.662491247600826,walk,3.413288181737739,0.20043336385238839,0.671284641646515,0.45551712649394793,False,Poblenou,41.40434270326796,2.208094786076576,,0.24948344456249635,0.20708791189568923,0.19835014090163347,0.015236275804850201,0.015236275804850201,0.015236275804850201,0.015236275804850201,0.015236275804850201,0.015236275804850201,0.015236275804850201,0.015236275804850201,0.015236275804850201,0.20795202039652913
1909,food_local_markets,high,44.7700554877345,transit,6.0828329147720765,0.7902879754600506,0.8200797629860014,0.4142320633771513,False,Sagrada Familia,41.40391482385678,2.1768627700916587,,0.014821170753983325,0.014821170753983325,0.014821170753983325,0.014821170753983325,0.2449592066711231,0.16543945280578243,0.014821170753983325,0.014821170753983325,0.2296227584223756,0.014821170753983325,0.014821170753983325,0.014821170753983325,0.226588045314869
1910,history_religion,low,5.557624382256801,walk,2.125399174888087,0.31807635679020013,0.41676837391548716,0.22165028437672404,False,Gotic,41.388311521228154,2.1724594872839678,,0.26874893928229804,0.18522602184077425,0.237192114062954,0.015450292007258419,0.015450292007258419,0.015450292007258419,0.015450292007258419,0.015450292007258419,0.015450292007258419,0.015450292007258419,0.015450292007258419,0.015450292007258419,0.16978029674864792
1911,food_local_markets,low,7.866432147942621,transit,11.329379849171575,0.6570871891146762,0.4986093690582474,0.41884706050662157,False,Gotic,41.37787588198313,2.177693011911953,,0.01462660527773824,0.01462660527773824,0.01462660527773824,0.01462660527773824,0.25372914464772084,0.15016613240176532,0.01462660527773824,0.01462660527773824,0.2632496464622512,0.01462660527773824,0.01462660527773824,0.01462660527773824,0.20121562898861844
1912,architecture_fans,medium,14.697552142355768,transit,11.836441054509418,0.15345316249930008,0.6906679961164006,0.5941002815348816,False,Poblenou,41.399976594104466,2.2017220795816153,,0.23516013439144476,0.18267442315356686,0.2001295635822931,0.017704075957123224,0.017704075957123224,0.017704075957123224,0.017704075957123224,0.22269919525858628,0.017704075957123224,0.017704075957123224,0.017704075957123224,0.017704075957123224,0.017704075957123224
1913,history_religion,medium,16.98013714181567,transit,11.60355576357717,0.29503551230482433,0.2762738805244179,0.16934328239256335,False,Vila de Gracia,41.403459820342924,2.155792159061921,,0.2079780763239321,0.17564544611971067,0.2272831233660112,0.01490218543100751,0.01490218543100751,0.01490218543100751,0.01490218543100751,0.01490218543100751,0.01490218543100751,0.01490218543100751,0.01490218543100751,0.01490218543100751,0.2549736853112785
1914,beach_nightlife,medium,17.11069523282637,taxi,11.081478367184477,0.14071353110160298,0.24551565577775966,0.5284864890388395,False,Dreta Eixample,41.38782385668318,2.1697179270747884,,0.01591205123873729,0.01591205123873729,0.01591205123873729,0.01591205123873729,0.01591205123873729,0.23529171211619893,0.24346038083392874,0.01591205123873729,0.19865355922720948,0.1793858866740272,0.01591205123873729,0.01591205123873729,0.01591205123873729
1915,architecture_fans,medium,20.055241621028518,taxi,15.80976961318245,0.5896916335858183,0.17830573728880758,0.14180718738766432,False,El Raval,41.38061828263497,2.179145988915182,,0.17973286903224173,0.21000103045441643,0.23720009172749087,0.016240762278721486,0.016240762278721486,0.016240762278721486,0.016240762278721486,0.22689914827735766,0.016240762278721486,0.016240762278721486,0.016240762278721486,0.016240762278721486,0.016240762278721486
1916,history_religion,medium,25.922276769159627,walk,2.3732167373690127,0.2285120058949236,0.46061907919802614,0.2660609727200127,False,La Barceloneta,41.37675896104354,2.190029474911083,,0.2421218975404094,0.20515436397329265,0.21435802152199362,0.0152237296166607,0.0152237296166607,0.0152237296166607,0.0152237296166607,0.0152237296166607,0.0152237296166607,0.0152237296166607,0.0152237296166607,0.0152237296166607,0.20135215041435806
1917,museum_culture,medium,21.70645680518267,mixed,4.275576546727538,0.7511098801243795,0.40263078927228774,0.5994788612782547,False,Gotic,41.38262081062485,2.1737700172947565,,0.19505635816890562,0.01564779044665912,0.17550015576128164,0.01564779044665912,0.01564779044665912,0.01564779044665912,0.01564779044665912,0.01564779044665912,0.01564779044665912,0.01564779044665912,0.01564779044665912,0.23386437994731268,0.25474899210256785
1918,beach_nightlife,medium,10.760762586821135,mixed,5.09530071290164,0.1022924235310634,0.5693850527148843,0.8861517714201491,False,Sagrada Familia,41.39469976774263,2.177084051012783,,0.016143520001755993,0.016143520001755993,0.016143520001755993,0.016143520001755993,0.016143520001755993,0.17748004583937163,0.28905087682409253,0.016143520001755993,0.1625011111128746,0.2256762862078573,0.016143520001755993,0.016143520001755993,0.016143520001755993
1919,family_green,high,31.424849787014356,transit,9.249610318827981,0.5947492107714639,0.6716528512705844,0.9683246393396375,True,Gotic,41.39022025096144,2.1747433863564054,,0.01781080112782323,0.01781080112782323,0.01781080112782323,0.19065147123142887,0.01781080112782323,0.01781080112782323,0.18172796322140655,0.01781080112782323,0.01781080112782323,0.01781080112782323,0.21370770278141227,0.2536156526153432,0.01781080112782323
1920,architecture_fans,medium,17.982490626961187,walk,1.720896271712462,0.33656492820809875,0.302316434394807,0.20174762820359124,False,Dreta Eixample,41.39834841976508,2.1624109424800744,,0.1917957402875479,0.24975948370682877,0.1942660877944512,0.015276160364072441,0.015276160364072441,0.015276160364072441,0.015276160364072441,0.22669324493452017,0.015276160364072441,0.015276160364072441,0.015276160364072441,0.015276160364072441,0.015276160364072441
1921,food_local_markets,low,3.823591581242424,transit,10.69168952633625,0.6022880583834042,0.5222368703810516,0.7439215322880202,False,Sagrada Familia,41.40625653863422,2.1689072401739113,,0.013877348009680528,0.013877348009680528,0.013877348009680528,0.013877348009680528,0.2358337531093883,0.21503780607527098,0.013877348009680528,0.013877348009680528,0.23249261408187982,0.013877348009680528,0.013877348009680528,0.013877348009680528,0.1917396946463361
1922,architecture_fans,high,39.980339222714136,walk,2.7531958759404307,0.6127271820199416,0.5277654434567312,0.2532596671891037,False,Sant Andreu,41.43074678445217,2.1816626359975158,,0.26540707634118466,0.17295216839556038,0.17667505030453637,0.014912212387567656,0.014912212387567656,0.014912212387567656,0.014912212387567656,0.2507557934706097,0.014912212387567656,0.014912212387567656,0.014912212387567656,0.014912212387567656,0.014912212387567656
1923,architecture_fans,medium,22.292364227563816,transit,8.363253802432126,0.27258496801123044,0.4586974398360329,0.24945444506557957,False,Les Corts,41.386265001733456,2.129645555109833,,0.19195953589384135,0.24026676241293893,0.20063422687892038,0.017960846567320225,0.017960846567320225,0.017960846567320225,0.017960846567320225,0.20549185570841738,0.017960846567320225,0.017960846567320225,0.017960846567320225,0.017960846567320225,0.017960846567320225
1924,beach_nightlife,low,6.6071078785326405,walk,1.9066527700236884,0.30716558861975923,0.24464374310957307,0.9537947358320311,False,El Raval,41.37637987408033,2.166678803266102,,0.012902285007577431,0.012902285007577431,0.012902285007577431,0.012902285007577431,0.012902285007577431,0.2209258938210997,0.2047500599622394,0.012902285007577431,0.2291254409297796,0.2290780402186844,0.012902285007577431,0.012902285007577431,0.012902285007577431
1925,food_local_markets,medium,16.581470289680663,transit,8.893571353638313,0.48303703719660124,0.7473104907783189,0.6014520794845165,True,Dreta Eixample,41.394839267728635,2.166624779406102,,0.017128263300137926,0.017128263300137926,0.017128263300137926,0.017128263300137926,0.26494096723212884,0.19929577316834074,0.017128263300137926,0.017128263300137926,0.1756783548761027,0.017128263300137926,0.017128263300137926,0.017128263300137926,0.20593053502218642
1926,museum_culture,high,44.65143792249472,bike,5.820412363581201,0.614953851575001,0.6691047362236675,0.2903562359011476,False,Montjuic,41.36940231027788,2.1536023656229135,,0.16538399597718115,0.015822332052553238,0.2576190777603432,0.015822332052553238,0.015822332052553238,0.015822332052553238,0.015822332052553238,0.015822332052553238,0.015822332052553238,0.015822332052553238,0.015822332052553238,0.19816294164382448,0.23643299614567198
1927,family_green,high,33.2597656310953,transit,6.454690450651479,0.9259957619039562,0.7302287493042073,0.7661298807805627,True,Gotic,41.38779914414929,2.171417389285187,,0.016778553972033535,0.016778553972033535,0.016778553972033535,0.23700211968237728,0.016778553972033535,0.016778553972033535,0.2710177387952754,0.016778553972033535,0.016778553972033535,0.016778553972033535,0.16807227444503173,0.17290088132901377,0.016778553972033535
1928,beach_nightlife,high,37.1998989535103,mixed,3.8558084337558576,0.5585102044705437,0.5096441818887512,0.7878110067790125,False,Gotic,41.38445267309094,2.1753851630255503,,0.014016291588377135,0.014016291588377135,0.014016291588377135,0.014016291588377135,0.014016291588377135,0.2486900478047752,0.18487116754087154,0.014016291588377135,0.19550227240114648,0.24478988795781262,0.014016291588377135,0.014016291588377135,0.014016291588377135
1929,beach_nightlife,medium,24.69243653131754,transit,6.028062882641402,0.23183226552255537,0.48384197385009486,0.7338072691550771,False,El Raval,41.381322070347075,2.163295228122741,,0.014440048848486505,0.014440048848486505,0.014440048848486505,0.014440048848486505,0.014440048848486505,0.17352457309478067,0.25984998450632624,0.014440048848486505,0.22423707829009018,0.21242792447242437,0.014440048848486505,0.014440048848486505,0.014440048848486505
1930,family_green,medium,18.39689685734975,mixed,7.861451654556145,0.45526227276526554,0.5036829065052414,0.9550701709579629,False,Vila de Gracia,41.40134191570778,2.1494851886856283,,0.014365794458319531,0.014365794458319531,0.014365794458319531,0.18710435285323576,0.014365794458319531,0.014365794458319531,0.23540323612420944,0.014365794458319531,0.014365794458319531,0.014365794458319531,0.21343789418117828,0.2347623667165008,0.014365794458319531
1931,family_green,low,7.547252570600506,transit,6.941498222392084,0.8410691312411689,0.9376343007300882,0.9707951957762396,True,Sagrada Familia,41.40709239716009,2.178570825191466,,0.015491583365403868,0.015491583365403868,0.015491583365403868,0.19349586279765016,0.015491583365403868,0.015491583365403868,0.19366416711659928,0.015491583365403868,0.015491583365403868,0.015491583365403868,0.20783086213884086,0.2655848576582749,0.015491583365403868
1932,architecture_fans,medium,20.341987923296703,transit,10.603301638101888,0.527010091499683,0.12184354858729092,0.5537345933789665,False,Dreta Eixample,41.39918812861711,2.1651631582526836,,0.19646559711328476,0.2334847101855086,0.17581595759806196,0.017053967327788324,0.017053967327788324,0.017053967327788324,0.017053967327788324,0.24074802915304974,0.017053967327788324,0.017053967327788324,0.017053967327788324,0.017053967327788324,0.017053967327788324
1933,museum_culture,high,49.49540892160844,mixed,2.9046169933969805,0.6972824737842612,0.3332040210337084,0.24716300441341724,True,Sagrada Familia,41.40541404174153,2.1802703411994018,,0.18030908083193467,0.016611124707963807,0.1957165248098226,0.016611124707963807,0.016611124707963807,0.016611124707963807,0.016611124707963807,0.016611124707963807,0.016611124707963807,0.016611124707963807,0.016611124707963807,0.22192306040469045,0.252551211581878
1934,family_green,low,6.872671450553696,taxi,8.576398022389375,0.811097707132272,0.935677864643949,0.6473340373400729,True,Vila de Gracia,41.4000616708394,2.158423608246077,,0.01336608583838165,0.01336608583838165,0.01336608583838165,0.229871053167016,0.01336608583838165,0.01336608583838165,0.1891002168775455,0.01336608583838165,0.01336608583838165,0.01336608583838165,0.23091779379835617,0.22981616361164744,0.01336608583838165
1935,food_local_markets,low,10.856453986290116,walk,1.5787255125513906,0.5978142919916305,0.8200741098033357,0.45472498608629824,True,Sagrada Familia,41.40776031866368,2.174641904028075,,0.017426301399054895,0.017426301399054895,0.017426301399054895,0.017426301399054895,0.17650862659513084,0.19786393005897107,0.017426301399054895,0.017426301399054895,0.2571300119913847,0.017426301399054895,0.017426301399054895,0.017426301399054895,0.21166071876301934
1936,museum_culture,medium,23.208138462750657,transit,9.58159184916229,0.1571624138141335,0.6618160355292382,0.38192766919605725,False,Sagrada Familia,41.400679331157264,2.1754986974697883,,0.21824027651197814,0.014958476082963808,0.2099407000606008,0.014958476082963808,0.014958476082963808,0.014958476082963808,0.014958476082963808,0.014958476082963808,0.014958476082963808,0.014958476082963808,0.014958476082963808,0.2363502960568677,0.20084244262387907
1937,architecture_fans,low,6.174783842470013,walk,1.9755335679689838,0.48505906404195115,0.34283652564611294,0.0851968275378765,False,La Barceloneta,41.37971575274456,2.18512047118539,,0.21081546676912807,0.2102458041713449,0.24289572785289473,0.01461319455013766,0.01461319455013766,0.01461319455013766,0.01461319455013766,0.20452425025539342,0.01461319455013766,0.01461319455013766,0.01461319455013766,0.01461319455013766,0.01461319455013766
1938,museum_culture,medium,17.754934466518396,walk,2.551117508285253,0.7653466926026594,0.47505336253223984,0.5651657617943076,True,Gotic,41.38113603331735,2.178986289926983,,0.2332105667813946,0.01336198014589646,0.22708506246216442,0.01336198014589646,0.01336198014589646,0.01336198014589646,0.01336198014589646,0.01336198014589646,0.01336198014589646,0.01336198014589646,0.01336198014589646,0.2300689738897648,0.18937757555360807
1939,architecture_fans,medium,16.48247809400547,transit,10.164547313626521,0.4512529918984205,0.8338125290036615,0.5439560572517957,False,Montjuic,41.370425260480765,2.1537435223211294,,0.17416203047572937,0.26689384038371405,0.1927486087653842,0.01533043888924938,0.01533043888924938,0.01533043888924938,0.01533043888924938,0.2282215703719279,0.01533043888924938,0.01533043888924938,0.01533043888924938,0.01533043888924938,0.01533043888924938
1940,museum_culture,medium,13.140846583944516,transit,11.061103683080582,0.34935841262764233,0.4833709623973115,0.22811958258258172,False,Sagrada Familia,41.3990250339908,2.1731720182728123,,0.19667115104529342,0.015012440865443327,0.1866416021777226,0.015012440865443327,0.015012440865443327,0.015012440865443327,0.015012440865443327,0.015012440865443327,0.015012440865443327,0.015012440865443327,0.015012440865443327,0.24722031813121434,0.2343549608567797
1941,history_religion,medium,15.478313976855446,mixed,7.724776245057955,0.6755041302540408,0.49881492965983354,0.4507199594804282,False,La Barceloneta,41.3733652311023,2.189266194536961,,0.23211638766869622,0.2201814039861701,0.22268253409623975,0.01368461426432213,0.01368461426432213,0.01368461426432213,0.01368461426432213,0.01368461426432213,0.01368461426432213,0.01368461426432213,0.01368461426432213,0.01368461426432213,0.20185814586999476
1942,architecture_fans,high,51.098001214791296,walk,1.2043217046184316,0.5049508978185873,0.2609582547983756,0.2962215268670555,False,Poblenou,41.39930241226847,2.201228846558025,,0.2313130494680616,0.21321062412331268,0.17632156967754542,0.017513813561943523,0.017513813561943523,0.017513813561943523,0.017513813561943523,0.2215304346735886,0.017513813561943523,0.017513813561943523,0.017513813561943523,0.017513813561943523,0.017513813561943523
1943,food_local_markets,medium,10.612462290782688,bike,4.492492803920406,0.43694486621828466,0.18448204062594295,0.5503638908049713,False,Poblenou,41.39730550899251,2.2000896529255827,,0.016219505090939793,0.016219505090939793,0.016219505090939793,0.016219505090939793,0.1877231465631481,0.1638422694547053,0.016219505090939793,0.016219505090939793,0.23189055866253513,0.016219505090939793,0.016219505090939793,0.016219505090939793,0.27056847950115337
1944,history_religion,low,4.683994636056177,taxi,10.783744858797586,0.46458820031831416,0.3110900333940481,0.6153474374362938,False,Les Corts,41.38752071669659,2.1357938537127574,,0.19745847472837127,0.1966430723337486,0.19039687139742814,0.01804782753387369,0.01804782753387369,0.01804782753387369,0.01804782753387369,0.01804782753387369,0.01804782753387369,0.01804782753387369,0.01804782753387369,0.01804782753387369,0.25307113373558876
1945,history_religion,low,6.969334671418714,transit,9.681886450336508,0.34791678763895495,0.6046341126845456,0.3497560063944116,False,Sagrada Familia,41.40015218455187,2.17604587901379,,0.2402456321286398,0.1899638707649482,0.27258001985719776,0.015349001092163316,0.015349001092163316,0.015349001092163316,0.015349001092163316,0.015349001092163316,0.015349001092163316,0.015349001092163316,0.015349001092163316,0.015349001092163316,0.15906946741974443
1946,history_religion,medium,14.17492740261159,walk,1.5859972457831761,0.3283729579179032,0.3986295460546778,0.11827607097105243,False,Gotic,41.38013660285307,2.17518934679644,,0.1683157358810521,0.16816090118309765,0.2812076539219229,0.01604472301111309,0.01604472301111309,0.01604472301111309,0.01604472301111309,0.01604472301111309,0.01604472301111309,0.01604472301111309,0.01604472301111309,0.01604472301111309,0.2379132019139096
1947,architecture_fans,high,26.632530747648584,transit,6.370468852433896,0.4182717545643856,0.3528704486350899,0.21608036677916814,False,El Raval,41.381453118689066,2.1704677825780117,,0.22552385854707077,0.1704068832256033,0.26571525192119544,0.015214236351533406,0.015214236351533406,0.015214236351533406,0.015214236351533406,0.20142587914232984,0.015214236351533406,0.015214236351533406,0.015214236351533406,0.015214236351533406,0.015214236351533406
1948,museum_culture,medium,18.700795448173327,transit,11.447362247027575,0.29635680458295727,0.4960077793334327,0.7963451136301842,False,Dreta Eixample,41.391539512414475,2.1626921570398183,,0.17360760303148362,0.014344298469609138,0.2458423442354579,0.014344298469609138,0.014344298469609138,0.014344298469609138,0.014344298469609138,0.014344298469609138,0.014344298469609138,0.014344298469609138,0.014344298469609138,0.25157765203446014,0.19987371447211605
1949,architecture_fans,high,54.01339683531854,transit,9.896217721793645,0.1884803447233479,0.21737946586076873,0.39971647622349876,True,Montjuic,41.366297278736035,2.164751998780941,,0.1787645764006288,0.21153656465428006,0.2427126679731764,0.015265148492714114,0.015265148492714114,0.015265148492714114,0.015265148492714114,0.2295998545374878,0.015265148492714114,0.015265148492714114,0.015265148492714114,0.015265148492714114,0.015265148492714114
1950,architecture_fans,medium,20.588684381470976,transit,11.384428355602262,0.779147517907406,0.7253976399589254,0.23345868032326572,False,Vila de Gracia,41.40094639951653,2.1543838363173458,,0.1772755970091881,0.19396912191052218,0.2600596732951143,0.014673012666138605,0.014673012666138605,0.014673012666138605,0.014673012666138605,0.23663849378992793,0.014673012666138605,0.014673012666138605,0.014673012666138605,0.014673012666138605,0.014673012666138605
1951,history_religion,medium,11.772317910672761,transit,11.57295544124431,0.22592987744770104,0.33424340629725247,0.36049478466872525,False,Dreta Eixample,41.38825161721288,2.1625152215193064,,0.21370036185258928,0.20707874772795082,0.21070020886621343,0.015032489814246075,0.015032489814246075,0.015032489814246075,0.015032489814246075,0.015032489814246075,0.015032489814246075,0.015032489814246075,0.015032489814246075,0.015032489814246075,0.23322827322503184
1952,architecture_fans,medium,18.599092536194856,taxi,8.481413765747735,0.5903406459542843,0.49651991475754303,0.3629290913383829,False,Gotic,41.39061179267908,2.1781233190449947,,0.17760659018838051,0.18077747478397838,0.2900614457935276,0.016195842612816553,0.016195842612816553,0.016195842612816553,0.016195842612816553,0.20579190571876452,0.016195842612816553,0.016195842612816553,0.016195842612816553,0.016195842612816553,0.016195842612816553
1953,museum_culture,medium,14.059048612875301,transit,5.231195012357946,0.4774686834576351,0.5570451439012498,0.6108273713502766,False,Sagrada Familia,41.40156138989276,2.173104305192216,,0.1879288907365836,0.014616447408300374,0.16721797522393314,0.014616447408300374,0.014616447408300374,0.014616447408300374,0.014616447408300374,0.014616447408300374,0.014616447408300374,0.014616447408300374,0.014616447408300374,0.2568596620998371,0.25644544526494284
1954,architecture_fans,high,33.04919699753666,mixed,5.771492132650023,0.3263027400198312,0.6313892466537784,0.5191838330500032,False,Vila de Gracia,41.40246347023171,2.1588397831589483,,0.1966716404218898,0.24541366840255854,0.16331444990114713,0.01603221722389672,0.01603221722389672,0.01603221722389672,0.01603221722389672,0.250310286259334,0.01603221722389672,0.01603221722389672,0.01603221722389672,0.01603221722389672,0.01603221722389672
1955,food_local_markets,medium,9.77768543280161,transit,9.712913856901448,0.5418637841106099,0.5089543001912715,0.12317796496250043,False,Sagrada Familia,41.40161014566531,2.1806992512703554,,0.014360103339634911,0.014360103339634911,0.014360103339634911,0.014360103339634911,0.2181612981004027,0.19944722335804213,0.014360103339634911,0.014360103339634911,0.2559846459122207,0.014360103339634911,0.014360103339634911,0.014360103339634911,0.19716590257262032
1956,architecture_fans,medium,20.810506170883535,mixed,4.077634279784048,0.6100043273878045,0.7090622805644851,0.31433050800577994,False,Dreta Eixample,41.39628640909547,2.168998518540942,,0.19756577559995878,0.22207676383090452,0.2231253049191659,0.014712320858857505,0.014712320858857505,0.014712320858857505,0.014712320858857505,0.22482126792025328,0.014712320858857505,0.014712320858857505,0.014712320858857505,0.014712320858857505,0.014712320858857505
1957,museum_culture,low,7.435391444373696,mixed,4.47084224076124,0.5794800437116657,0.3954099286714982,0.7513498526737448,False,Gotic,41.38294636395058,2.1787158989666846,,0.24113157173981709,0.014459896229111405,0.23509297427788794,0.014459896229111405,0.014459896229111405,0.014459896229111405,0.014459896229111405,0.014459896229111405,0.014459896229111405,0.014459896229111405,0.014459896229111405,0.23486583096539743,0.15877055695489498
1958,architecture_fans,high,48.18142244221342,mixed,8.362557639880439,0.12439802234323122,0.43795689838405844,0.3718456344795613,False,Dreta Eixample,41.39122802112104,2.168685690234927,,0.22273684333368562,0.23149317649880632,0.2324164873148931,0.015230724808695535,0.015230724808695535,0.015230724808695535,0.015230724808695535,0.1762769695743551,0.015230724808695535,0.015230724808695535,0.015230724808695535,0.015230724808695535,0.015230724808695535
1959,family_green,medium,19.425379899959516,transit,7.91702389177639,0.7387371362385673,0.674319601278026,0.9195306985845277,False,Les Corts,41.38935704252579,2.1281801613747158,,0.015358854093526901,0.015358854093526901,0.015358854093526901,0.2427392464139833,0.015358854093526901,0.015358854093526901,0.2380738814464737,0.015358854093526901,0.015358854093526901,0.015358854093526901,0.15608520927353925,0.22487197602426168,0.015358854093526901
1960,history_religion,medium,11.608160808547186,transit,11.973006973829465,0.32470271130990874,0.4000794039174356,0.3080703202632465,False,La Barceloneta,41.38302121079292,2.1940647389212584,,0.18271121526668277,0.22129682037267923,0.21800436558039563,0.014594749165162834,0.014594749165162834,0.014594749165162834,0.014594749165162834,0.014594749165162834,0.014594749165162834,0.014594749165162834,0.014594749165162834,0.014594749165162834,0.24663485629377685
1961,architecture_fans,medium,20.414572706247963,mixed,8.815786664418553,0.24797110027145278,0.2944968927244157,0.44379623305762417,False,Gotic,41.39104663585948,2.1748930341307475,,0.25870951646222967,0.16436064803253866,0.2107624491066038,0.01448817771656914,0.01448817771656914,0.01448817771656914,0.01448817771656914,0.23577378694950551,0.01448817771656914,0.01448817771656914,0.01448817771656914,0.01448817771656914,0.01448817771656914
1962,beach_nightlife,low,5.88087567631801,transit,9.483965750611496,0.18943977317522337,0.2272549757875382,0.8543251568663837,False,Sagrada Familia,41.4045319513132,2.179882924165521,,0.014762649988042185,0.014762649988042185,0.014762649988042185,0.014762649988042185,0.014762649988042185,0.2506972750429108,0.2277952949173096,0.014762649988042185,0.21117235924107342,0.17747122090632655,0.014762649988042185,0.014762649988042185,0.014762649988042185
1963,food_local_markets,low,4.373278506194786,transit,10.646861742570962,0.5867924213051557,0.8385140662252295,0.4450853569009393,False,Les Corts,41.38584564366213,2.1348920937971396,,0.01486840838820592,0.01486840838820592,0.01486840838820592,0.01486840838820592,0.2537967752851401,0.1831733197316864,0.01486840838820592,0.01486840838820592,0.21594509578084714,0.01486840838820592,0.01486840838820592,0.01486840838820592,0.21326913370847297
1964,museum_culture,medium,19.574503823115915,mixed,8.945687315677143,0.3910958655050826,0.4233572954231914,0.5535871721324763,False,Poblenou,41.3952484294688,2.213050591648892,,0.17326265553037812,0.01660509457128916,0.1927052451503957,0.01660509457128916,0.01660509457128916,0.01660509457128916,0.01660509457128916,0.01660509457128916,0.01660509457128916,0.01660509457128916,0.01660509457128916,0.23603977398694603,0.2485464741906777
1965,family_green,medium,18.499052558116762,mixed,4.199382410004135,0.24138910896213894,0.7291645188845572,0.6744183328225616,True,Poblenou,41.39534016549618,2.2002896310395337,,0.017803680919607105,0.017803680919607105,0.017803680919607105,0.18159233997037041,0.017803680919607105,0.017803680919607105,0.272545880086498,0.017803680919607105,0.017803680919607105,0.017803680919607105,0.19624176494093243,0.18938688672573517,0.017803680919607105
1966,museum_culture,high,46.306325673323535,mixed,3.6397091626924483,0.7611145386134226,0.3996747075076815,0.5791734061532049,False,El Raval,41.38234752906198,2.163756352812539,,0.2340201549423205,0.01367290093713011,0.18828640225173404,0.01367290093713011,0.01367290093713011,0.01367290093713011,0.01367290093713011,0.01367290093713011,0.01367290093713011,0.01367290093713011,0.01367290093713011,0.2339969477468078,0.22064038662496663
1967,architecture_fans,medium,16.978765187167603,transit,11.13819699915421,0.2858126009301091,0.2837951731905891,0.6164677033355475,False,Poblenou,41.397348972766935,2.204012035682133,,0.2110781869304253,0.17217545575040558,0.20482105780160065,0.015919986452968608,0.015919986452968608,0.015919986452968608,0.015919986452968608,0.268645421440851,0.015919986452968608,0.015919986452968608,0.015919986452968608,0.015919986452968608,0.015919986452968608
1968,museum_culture,low,9.098221495915015,transit,7.8630527155781245,0.40770068388140596,0.24320597483694828,0.17435242214986055,False,Dreta Eixample,41.38623762362482,2.1652583900808398,,0.19851968763209177,0.01474402281859355,0.1965491227164918,0.01474402281859355,0.01474402281859355,0.01474402281859355,0.01474402281859355,0.01474402281859355,0.01474402281859355,0.01474402281859355,0.01474402281859355,0.21882106408292717,0.2534139202011474
1969,food_local_markets,medium,21.563838784061954,walk,2.814419734415397,0.7365733184544385,0.5016524464486994,0.5277318801588907,False,Dreta Eixample,41.39305317534653,2.1598797500519065,,0.014668993261533213,0.014668993261533213,0.014668993261533213,0.014668993261533213,0.2127047955228978,0.24822844222404783,0.014668993261533213,0.014668993261533213,0.23338338979212397,0.014668993261533213,0.014668993261533213,0.014668993261533213,0.17366243310713153
1970,architecture_fans,high,28.510770197806714,walk,1.3416699706157662,0.11736686648786135,0.37951320325515187,0.38268757988798774,True,Poblenou,41.40064949825606,2.20258321429691,,0.18103432131793887,0.21686814129244938,0.25756152705676016,0.014420246098320863,0.014420246098320863,0.014420246098320863,0.014420246098320863,0.2147537954479638,0.014420246098320863,0.014420246098320863,0.014420246098320863,0.014420246098320863,0.014420246098320863
1971,history_religion,low,5.298355560548601,mixed,8.87773239882208,0.42738952298193367,0.548750901772981,0.19730969762327477,False,Sarria,41.39659560017707,2.120677563732429,,0.26838552771338087,0.17736583487397045,0.2515817800191712,0.015402797440807695,0.015402797440807695,0.015402797440807695,0.015402797440807695,0.015402797440807695,0.015402797440807695,0.015402797440807695,0.015402797440807695,0.015402797440807695,0.1640416804262082
1972,history_religion,low,2.7718537142752373,transit,7.30620031744977,0.34492520365820284,0.5515990611379902,0.238183388029546,False,Dreta Eixample,41.39543177863471,2.1621659816529832,,0.213037091558382,0.26433620979517075,0.18137652955948425,0.01749550205227222,0.01749550205227222,0.01749550205227222,0.01749550205227222,0.01749550205227222,0.01749550205227222,0.01749550205227222,0.01749550205227222,0.01749550205227222,0.183790650616513
1973,museum_culture,medium,15.866290867776508,bike,6.155121179244042,0.5415124347866389,0.6345358303227202,0.41389878656614126,True,Sagrada Familia,41.39899135444759,2.177903842544122,,0.27430638673946145,0.01528642958708583,0.16441917331362488,0.01528642958708583,0.01528642958708583,0.01528642958708583,0.01528642958708583,0.01528642958708583,0.01528642958708583,0.01528642958708583,0.01528642958708583,0.2609923530329723,0.16270422063016884
1974,architecture_fans,low,6.371040114006367,walk,2.417660308329052,0.4630258734967504,0.4713097947283919,0.32635867726532924,False,Gotic,41.37220936827569,2.1750987787468112,,0.2438059052816502,0.1854882857465388,0.23767368289603205,0.013933620402147935,0.013933620402147935,0.013933620402147935,0.013933620402147935,0.20762954245644757,0.013933620402147935,0.013933620402147935,0.013933620402147935,0.013933620402147935,0.013933620402147935
1975,architecture_fans,medium,20.718676296832808,transit,6.289918664965572,0.7094397963159214,0.3537071983128604,0.11980513396602863,False,Gotic,41.383284077929794,2.172659932553311,,0.24576764106443189,0.18656201402347433,0.1545186069811544,0.015418554864506833,0.015418554864506833,0.015418554864506833,0.015418554864506833,0.27438474415037784,0.015418554864506833,0.015418554864506833,0.015418554864506833,0.015418554864506833,0.015418554864506833
1976,family_green,medium,7.768931348274865,transit,4.884796702982356,0.5347437869573927,0.631708304834238,0.905439319991826,True,Sant Andreu,41.43385254740978,2.186110362524447,,0.016103342750280015,0.016103342750280015,0.016103342750280015,0.21431043274926342,0.016103342750280015,0.016103342750280015,0.19839946005957743,0.016103342750280015,0.016103342750280015,0.016103342750280015,0.23902910862737664,0.20333091381126242,0.016103342750280015
1977,beach_nightlife,medium,16.709668624743454,transit,7.44729752018228,0.15032231923168596,0.5482743160750138,0.9749145382584292,False,Vila de Gracia,41.40859515565106,2.159126560355364,,0.01567671042533043,0.01567671042533043,0.01567671042533043,0.01567671042533043,0.01567671042533043,0.20764914709273627,0.16666230497093204,0.01567671042533043,0.2106082773117407,0.2739898767966172,0.01567671042533043,0.01567671042533043,0.01567671042533043
1978,history_religion,low,9.33769229486121,transit,6.1512516120759155,0.7755633260715901,0.2612959245602248,0.39501077833090126,False,Sagrada Familia,41.40348655150126,2.17061549525406,,0.2080807096627961,0.2407110271613717,0.21956375728682756,0.015152272982806018,0.015152272982806018,0.015152272982806018,0.015152272982806018,0.015152272982806018,0.015152272982806018,0.015152272982806018,0.015152272982806018,0.015152272982806018,0.19527404904375048
1979,family_green,low,6.772344403095149,mixed,4.411103182808059,0.7205953008563667,0.5522579564201568,0.662997985658535,False,Montjuic,41.36499526828954,2.150571158370491,,0.013186767875858662,0.013186767875858662,0.013186767875858662,0.2288752203653797,0.013186767875858662,0.013186767875858662,0.21467580648599172,0.013186767875858662,0.013186767875858662,0.013186767875858662,0.20589309408603187,0.23187496817986877,0.013186767875858662
1980,museum_culture,low,10.055055142932382,transit,9.779167637333687,0.9060656865210507,0.5324699055919321,0.30755560219514283,False,El Raval,41.38322081640392,2.1673441992978715,,0.21095339980252656,0.015071137409844212,0.16064733006819087,0.015071137409844212,0.015071137409844212,0.015071137409844212,0.015071137409844212,0.015071137409844212,0.015071137409844212,0.015071137409844212,0.015071137409844212,0.2381960219512789,0.25456301148940574
1981,family_green,medium,19.825440328436475,taxi,8.244811474341473,0.7055510703644303,0.5481791009407404,0.8538389161434927,True,Gotic,41.38101110165731,2.1775020453256184,,0.014543223372483453,0.014543223372483453,0.014543223372483453,0.16077407302233132,0.014543223372483453,0.014543223372483453,0.25322876408422196,0.014543223372483453,0.014543223372483453,0.014543223372483453,0.20293369391560204,0.25217445862549365,0.014543223372483453
1982,architecture_fans,low,5.915547831993718,walk,1.5636236292839232,0.3713562265381466,0.6164733086689811,0.14873539427112079,False,El Raval,41.38176511046352,2.16880626364801,,0.22658600692511136,0.19902140075625552,0.2569375046657854,0.015600204690787597,0.015600204690787597,0.015600204690787597,0.015600204690787597,0.17705324543575934,0.015600204690787597,0.015600204690787597,0.015600204690787597,0.015600204690787597,0.015600204690787597
1983,food_local_markets,medium,11.106212209808142,transit,7.165594107664129,0.6916804227771077,0.41502926804820855,0.6601162887563333,False,El Raval,41.386567866378925,2.1711911252186242,,0.01603050492749196,0.01603050492749196,0.01603050492749196,0.01603050492749196,0.19399326545109405,0.17683592901120632,0.01603050492749196,0.01603050492749196,0.2391707013964423,0.01603050492749196,0.01603050492749196,0.01603050492749196,0.24572555979382976
1984,architecture_fans,medium,15.755644633758203,taxi,13.793074145252076,0.19934762222300473,0.6414397689992929,0.23472898513334747,False,Dreta Eixample,41.39324317209674,2.1615255779977587,,0.25925413374726375,0.17876991041377532,0.22489794176373346,0.014505764248859574,0.014505764248859574,0.014505764248859574,0.014505764248859574,0.2065261358354913,0.014505764248859574,0.014505764248859574,0.014505764248859574,0.014505764248859574,0.014505764248859574
1985,family_green,medium,21.57241515640677,transit,10.93083422461749,0.8571634526649887,0.7303272562217112,0.9827794953160974,False,Dreta Eixample,41.39683431884132,2.1644958463778523,,0.017880656151507447,0.017880656151507447,0.017880656151507447,0.2558054214427179,0.017880656151507447,0.017880656151507447,0.19647472274579988,0.017880656151507447,0.017880656151507447,0.017880656151507447,0.19725559283382318,0.189538357614092,0.017880656151507447
1986,museum_culture,medium,18.17225462979822,transit,7.007208000938926,0.5774460060516641,0.6035151038031434,0.24176971319797902,False,Poblenou,41.401958750975304,2.2058495390558215,,0.2158301283401461,0.01619364605383152,0.212121089304478,0.01619364605383152,0.01619364605383152,0.01619364605383152,0.01619364605383152,0.01619364605383152,0.01619364605383152,0.01619364605383152,0.01619364605383152,0.2168846379530322,0.20942132991786
1987,history_religion,low,4.652260453283585,mixed,8.964490163575592,0.44207094905996835,0.5377925757893686,0.5746412004343836,False,Dreta Eixample,41.39352236564754,2.160140026065171,,0.21016559117013803,0.26043731053640223,0.19263364861368906,0.01693128446247691,0.01693128446247691,0.01693128446247691,0.01693128446247691,0.01693128446247691,0.01693128446247691,0.01693128446247691,0.01693128446247691,0.01693128446247691,0.18438188951747847
1988,beach_nightlife,medium,11.190661485089505,walk,3.181493256116452,0.4225750664802404,0.2584747166524172,0.8763505195959683,False,Montjuic,41.37417229261369,2.156609983140559,,0.01595302982929398,0.01595302982929398,0.01595302982929398,0.01595302982929398,0.01595302982929398,0.28342275640407605,0.1924021984059728,0.01595302982929398,0.22013258597337454,0.16046519075293078,0.01595302982929398,0.01595302982929398,0.01595302982929398
1989,family_green,low,10.951038558649405,mixed,2.7916782902206227,0.8369752082797614,0.711518873143878,0.9854678878414854,True,Gotic,41.38238022027921,2.1786757369411367,,0.015451366873967969,0.015451366873967969,0.015451366873967969,0.2437210138265846,0.015451366873967969,0.015451366873967969,0.19197163265372744,0.015451366873967969,0.015451366873967969,0.015451366873967969,0.2505713857606386,0.17467366589333763,0.015451366873967969
1990,beach_nightlife,high,33.742674315794446,mixed,5.168260249893146,0.2504329589757534,0.29187933318694514,0.6524251527879932,False,La Barceloneta,41.37867847427055,2.193313716301692,,0.013340897433827307,0.013340897433827307,0.013340897433827307,0.013340897433827307,0.013340897433827307,0.21583365908537852,0.20508435156270793,0.013340897433827307,0.2310040071612488,0.22800990528621895,0.013340897433827307,0.013340897433827307,0.013340897433827307
1991,architecture_fans,medium,11.177840530688009,transit,10.675674271554923,0.43542933405833223,0.3463643669958406,0.560108463708788,False,Gotic,41.38606221469634,2.1771272582220926,,0.18055512898782786,0.262984923632957,0.1719343564408257,0.01492358463048736,0.01492358463048736,0.01492358463048736,0.01492358463048736,0.2502133292640032,0.01492358463048736,0.01492358463048736,0.01492358463048736,0.01492358463048736,0.01492358463048736
1992,beach_nightlife,medium,22.15452739047507,transit,7.096233596305955,0.2317392106839895,0.7006293038405231,0.569349839366759,False,Dreta Eixample,41.395654902985925,2.160702478528402,,0.014585551645607634,0.014585551645607634,0.014585551645607634,0.014585551645607634,0.014585551645607634,0.2499366193465846,0.17779755809783862,0.014585551645607634,0.1939972149232149,0.24699864282189327,0.014585551645607634,0.014585551645607634,0.014585551645607634
1993,history_religion,low,3.2241474226890205,mixed,5.466702791246289,0.37413240248445007,0.1377468378017926,0.5731539543116685,False,El Raval,41.376349083929874,2.170713083347191,,0.17308350773162867,0.2622837441477903,0.22170077152964654,0.017167872752640256,0.017167872752640256,0.017167872752640256,0.017167872752640256,0.017167872752640256,0.017167872752640256,0.017167872752640256,0.017167872752640256,0.017167872752640256,0.18842112181717213
1994,architecture_fans,high,45.0098298042161,mixed,8.332908117079803,0.2453543215662686,0.10930577228461394,0.4281775164735648,False,Vila de Gracia,41.40393927425752,2.156139077972452,,0.2236629730126543,0.23589312915967653,0.200177803275628,0.014666044350278176,0.014666044350278176,0.014666044350278176,0.014666044350278176,0.20827169539953758,0.014666044350278176,0.014666044350278176,0.014666044350278176,0.014666044350278176,0.014666044350278176
1995,museum_culture,high,24.345170887364496,transit,6.38964094849655,0.31325621375284873,0.9363049071762021,0.3940568984535065,False,El Raval,41.38107195240421,2.168559201012205,,0.17252699829363033,0.016469500859402297,0.2258048693753013,0.016469500859402297,0.016469500859402297,0.016469500859402297,0.016469500859402297,0.016469500859402297,0.016469500859402297,0.016469500859402297,0.016469500859402297,0.28259730020297785,0.1708453243934698
1996,history_religion,medium,17.48532784666497,transit,10.393137046425577,0.4222140895912235,0.5177280814951271,0.2663436591221309,False,Vila de Gracia,41.39761206892868,2.154537370537783,,0.2093625861260811,0.21167473331978004,0.21804907200451296,0.016072126494737222,0.016072126494737222,0.016072126494737222,0.016072126494737222,0.016072126494737222,0.016072126494737222,0.016072126494737222,0.016072126494737222,0.016072126494737222,0.21626447009699099
1997,family_green,medium,18.76941526720709,bike,5.495929663620227,0.6604071939069521,0.6302455397320283,0.9609844987580133,True,Gotic,41.38327738061996,2.1759152266005004,,0.01484171966760537,0.01484171966760537,0.01484171966760537,0.26565553140431586,0.01484171966760537,0.01484171966760537,0.20977992253401015,0.01484171966760537,0.01484171966760537,0.01484171966760537,0.20859254888910672,0.182396520164119,0.01484171966760537
1998,beach_nightlife,low,8.897192608445957,transit,5.295109587599511,0.5941107027555624,0.30064332774873037,0.9854044569051952,True,Gotic,41.38981388986802,2.1678664872004982,,0.015538863811151238,0.015538863811151238,0.015538863811151238,0.015538863811151238,0.015538863811151238,0.23965094863447822,0.17202685204951743,0.015538863811151238,0.24620385621353263,0.20226856880211058,0.015538863811151238,0.015538863811151238,0.015538863811151238
1999,architecture_fans,high,35.30222323971098,walk,1.6476584389408044,0.6376724413996959,0.5042987046158078,0.18278416099037026,False,Gotic,41.38827478598857,2.182163024012306,,0.20763569927032602,0.19054035674929043,0.2762823116560448,0.016848213476326444,0.016848213476326444,0.016848213476326444,0.016848213476326444,0.17390771103740083,0.016848213476326444,0.016848213476326444,0.016848213476326444,0.016848213476326444,0.016848213476326444
